33.05,,34.61,36.36,27.91,,,,,,
33.04,,34.61,36.36,27.92,,,,,,
33.04,,34.61,36.37,27.92,,,,,,
33.03,,34.61,36.37,27.92,,,,,,
33.02,,34.61,36.37,27.91,,,,,,
33.03,,34.61,36.37,27.9,,,,,,
33.04,,34.62,36.38,27.9,,166,33.11,,72.91,
33.04,,34.63,36.38,27.89,,325,-39.8,,,
33.05,,34.64,36.39,27.89,,,,,,
33.05,,34.64,36.38,27.89,,305,99.77,,66.66,
33.05,,34.64,36.38,27.89,,,,,,
33.05,,34.63,36.38,27.89,,,,,,
33.06,,34.64,36.38,27.89,,,,,,
33.06,,34.65,36.38,27.9,,,,,,
33.06,,34.65,36.38,27.9,,,,,,
33.07,,34.66,36.38,27.9,,,,,,
33.07,,34.66,36.38,27.9,,,,,,
33.08,,34.67,36.38,27.91,,,,,,
33.09,,34.68,36.38,27.91,,,,,,
33.1,,34.68,36.38,27.92,,,,,,
33.1,,34.68,36.37,27.92,,,,,,
33.1,,34.68,36.38,27.92,,,,,,
33.1,,34.68,36.39,27.93,,,,,,
33.1,,34.68,36.4,27.93,,,,,,
33.1,,34.69,36.4,27.94,,,,,,
33.11,,34.7,36.39,27.94,,,,,,
33.11,,34.7,36.38,27.94,,,,,,
33.1,,34.69,36.37,27.93,,,,,,
33.09,,34.69,36.36,27.92,,,,,,
33.08,,34.68,36.35,27.92,,,,,,
33.08,,34.69,36.34,27.91,,,,,,
33.07,,34.69,36.33,27.92,,,,,,
33.06,,34.68,36.33,27.92,,,,,,
33.07,,34.68,36.32,27.92,,,,,,
33.07,,34.68,36.32,27.92,,,,,,
33.08,,34.69,36.31,27.91,,,,,,
33.09,,34.68,36.3,27.9,,,,,,
33.08,,34.68,36.31,27.9,,,,,,
33.07,,34.68,36.31,27.91,,,,,,
33.08,,34.68,36.31,27.9,,,,,,
33.09,,34.68,36.32,27.89,,,,,,
33.1,,34.69,36.31,27.89,,,,,,
33.1,,34.69,36.3,27.89,,,,,,
33.12,,34.7,36.29,27.88,,,,,,
33.15,,34.71,36.29,27.88,,,,,,
33.2,,34.72,36.29,27.85,,,,,,
33.27,,34.71,36.3,27.83,,,,,,
33.35,,34.7,36.32,27.83,,,,,,
33.44,,34.71,36.32,27.84,,,,,,
33.5,,34.72,36.31,27.84,,,,,,
33.56,,34.71,36.31,27.84,,,,,,
33.64,,34.7,36.32,27.84,,,,,,
33.73,,34.7,36.32,27.84,,,,,,
33.81,,34.7,36.32,27.83,,,,,,
33.86,,34.71,36.32,27.83,,,,,,
33.92,,34.72,36.31,27.82,,,,,,
33.98,,34.7,36.31,27.82,,,,,,
34.07,,34.69,36.3,27.82,,,,,,
34.13,,34.69,36.31,27.81,,,,,,
34.14,,34.68,36.31,27.81,,,,,,
34.14,,34.69,36.31,27.81,,,,,,
34.15,,34.7,36.3,27.8,,,,,,
34.15,,34.7,36.29,27.79,,,,,,
34.17,,34.7,36.29,27.79,,,,,,
34.18,,34.7,36.29,27.79,,,,,,
34.19,,34.71,36.29,27.78,,,,,,
34.2,,34.71,36.29,27.78,,,,,,
34.2,,34.71,36.29,27.78,,,,,,
34.2,,34.72,36.29,27.78,,,,,,
34.2,,34.72,36.28,27.78,,,,,,
34.2,,34.72,36.27,27.77,,,,,,
34.21,,34.72,36.27,27.77,,,,,,
34.21,,34.72,36.26,27.78,,,,,,
34.2,,34.71,36.25,27.76,,,,,,
34.19,,34.71,36.26,27.75,,,,,,
34.18,,34.71,36.28,27.74,,,,,,
34.18,,34.71,36.27,27.72,,,,,,
34.19,,34.72,36.27,27.71,,,,,,
34.2,,34.72,36.27,27.7,,,,,,
34.21,,34.73,36.28,27.7,,,,,,
34.21,,34.74,36.29,27.71,,,,,,
34.23,,34.76,36.29,27.73,,,,,,
34.24,,34.75,36.29,27.75,,,,,,
34.24,,34.75,36.29,27.75,,,,,,
34.25,,34.75,36.29,27.75,,,,,,
34.26,,34.74,36.29,27.75,,,,,,
34.28,,34.74,36.29,27.76,,,,,,
34.28,,34.74,36.29,27.77,,,,,,
34.29,30.09,34.74,36.29,27.79,,,,,,
34.29,30.08,34.73,36.3,27.87,,,,,,
34.3,30.08,34.74,36.31,27.99,,,,,,
34.3,30.07,34.74,36.32,28.13,,,,,,
34.31,30.06,34.74,36.32,28.28,,,,,,
34.32,30.06,34.75,36.31,28.46,,,,,,
34.33,30.05,34.75,36.32,28.61,,,,,,
34.34,30.05,34.74,36.33,28.73,,,,,,
34.36,30.04,34.74,36.32,28.9,,,,,,
34.37,30.04,34.73,36.31,29.14,,,,,,
34.39,30.03,34.72,36.31,29.42,,,,,,
34.39,30.03,34.72,36.31,29.7,,,,,,
34.39,30.02,34.72,36.3,29.98,,,,,,
34.4,30.02,34.72,36.3,30.25,,,,,,
34.41,30.01,34.72,36.31,30.51,,,,,,
34.42,30.01,34.72,36.31,30.74,,,,,,
34.43,30,34.73,36.32,30.95,,,,,,
34.44,29.99,34.73,36.32,31.11,,,,,,31.89
34.46,29.97,34.72,36.33,31.21,,,,,,31.89
34.46,29.97,34.71,36.33,31.27,,,,,,31.9
34.46,29.97,34.7,36.33,31.29,,,,,,31.91
34.47,29.96,34.7,36.33,31.29,,,,,,31.9
34.47,29.95,34.69,36.33,31.3,,,,,,31.89
34.48,29.94,34.69,36.33,31.3,,,,,,31.89
34.48,29.94,34.7,36.32,31.29,,,,,,31.89
34.48,29.95,34.71,36.32,31.26,,,,,,31.88
34.48,29.96,34.71,36.32,31.23,,,,,,31.88
34.49,29.95,34.72,36.31,31.17,,,,,,31.88
34.49,29.94,34.72,36.3,31.07,,,,,,31.89
34.48,29.94,34.72,36.26,30.95,,,,,,31.89
34.48,29.94,34.71,36.15,30.81,,,,,,31.89
34.47,29.94,34.71,36.08,30.68,,,,,,31.89
34.47,29.93,34.71,36.03,30.57,,,,,,31.9
34.48,29.93,34.71,35.98,30.46,,,,,,31.89
34.49,29.94,34.7,35.9,30.38,,,,,,31.89
34.5,29.93,34.69,35.79,30.34,,,,,,31.89
34.5,29.93,34.69,35.69,30.32,,,,,,31.89
34.51,29.91,34.69,35.58,30.29,,,,,,31.88
34.52,29.9,34.69,35.46,30.25,,,,,,31.86
34.52,29.9,34.69,35.33,30.2,,,,,,31.86
34.51,29.89,34.69,35.21,30.15,,,,,,31.86
34.52,29.89,34.69,35.1,30.1,,,,,,31.86
34.53,29.9,34.69,35.02,30.05,,,,,,31.86
34.53,29.89,34.69,34.94,30.02,,,,,,31.85
34.53,29.89,34.69,34.86,30.01,,,,,,31.85
34.54,29.88,34.7,34.76,30,,,,,,31.85
34.55,29.87,34.69,34.63,30,,,,,,31.85
34.56,29.87,34.69,34.47,30.03,,,,,,31.86
34.57,29.87,34.69,34.31,30.05,,,,,,31.87
34.57,29.86,34.68,34.15,30.07,,,,,,31.88
34.58,29.85,34.7,34.02,30.09,,,,,,31.88
34.59,29.83,34.71,33.89,30.11,,,,,,31.89
34.61,29.82,34.7,33.77,30.13,,,,,,31.89
34.61,29.82,34.7,33.69,30.14,,,,,,31.9
34.61,29.82,34.72,33.61,30.15,,,,,,31.9
34.62,29.82,34.73,33.54,30.16,,,,,,31.9
34.64,29.82,34.73,33.52,30.17,,,,,,31.9
34.65,29.81,34.74,33.5,30.2,,,,,,31.9
34.67,29.81,34.73,33.49,30.22,,,,,,31.9
34.67,29.8,34.72,33.48,30.24,,,,,,31.89
34.68,29.8,34.72,33.46,30.25,,,,,,31.88
34.69,29.79,34.72,33.45,30.25,,,,,,31.88
34.7,29.78,34.7,33.38,30.26,,,,,,31.89
34.7,29.77,34.69,33.21,30.27,,,,,,31.88
34.71,29.76,34.69,33,30.28,,,,,,31.88
34.71,29.75,34.7,32.8,30.27,,,,,,31.89
34.72,29.75,34.7,32.63,30.26,,,,,,31.91
34.73,29.74,34.69,32.47,30.24,,,,,,31.92
34.74,29.66,34.7,32.33,30.23,,,,,,31.92
34.74,29.51,34.71,32.18,30.23,,,,,,31.92
34.75,29.35,34.7,32.04,30.22,,,,,,31.91
34.77,29.2,34.68,31.91,30.2,,,,,,31.91
34.8,29.04,34.66,31.77,30.16,,,,,,31.91
34.78,28.87,34.46,31.62,30.09,,,,,,31.91
34.67,28.64,34.13,31.46,29.96,,,,,,31.91
34.52,28.43,33.8,31.29,29.79,,,,,,31.9
34.34,28.2,33.47,31.13,29.54,,,,,,31.9
34.16,27.92,33.11,30.99,29.25,,,,,,31.9
33.94,27.59,32.69,30.83,28.93,,,,,,31.89
33.63,27.22,32.29,30.68,28.57,,,,,,31.88
33.28,26.84,31.85,30.51,28.19,,,,,,31.87
32.88,26.43,31.39,30.36,27.81,,,,,,31.88
32.49,25.99,30.91,30.2,27.45,,,,,,31.89
32.08,25.54,30.41,30.03,27.13,,,,,,31.9
31.68,25.08,29.91,29.84,26.82,,,,,,31.9
31.23,24.61,29.42,29.65,26.46,,,,,,31.91
30.76,24.14,28.89,29.45,26.08,,,,,,31.97
30.26,23.65,28.33,29.26,25.65,,,,,,32.19
29.74,23.16,27.77,29.05,25.15,,,,,,32.53
29.21,22.62,27.18,28.8,24.61,,,,,,32.89
28.65,22.09,26.57,28.56,24.04,,,,,,33.24
28.06,21.55,25.98,28.3,23.44,,,,,,33.56
27.44,21.01,25.37,28,22.85,,,,,,33.8
26.79,20.47,24.75,27.68,22.3,,,,,,33.97
26.14,19.92,24.1,27.36,21.82,,,,,,34.05
25.46,19.4,23.45,27.05,21.39,,,,,,34.08
24.8,18.89,22.81,26.72,20.98,,,,,,34.09
24.13,18.38,22.18,26.38,20.55,,,,,,34.1
23.45,17.87,21.54,26.04,20.12,,,,,,34.11
22.76,17.39,20.93,25.7,19.7,,,,,,34.21
22.06,16.95,20.32,25.34,19.28,,,,,,34.44
21.32,16.54,19.71,24.99,18.85,,,,,,34.73
20.56,16.16,19.16,24.65,18.44,,,,,,35.03
19.73,15.82,18.62,24.34,18.03,,,,,,35.28
18.86,15.51,18.1,24.05,17.63,,,,,,35.5
17.98,15.2,17.58,23.76,17.24,,,,,,35.68
17.11,14.91,17.04,23.45,16.85,,,,,,35.84
16.26,14.63,16.49,23.1,16.44,,,,,,35.99
15.44,14.32,15.93,22.74,16.02,,,,,,36.17
14.62,13.99,15.38,22.39,15.59,,,,,,36.44
13.82,13.63,14.83,22,15.16,,,,,,36.76
13.05,13.24,14.28,21.61,14.71,,,,,,37.09
12.29,12.82,13.71,21.19,14.24,,,,,,37.46
11.54,12.37,13.14,20.78,13.76,,,,,,37.88
10.8,11.88,12.56,20.36,13.29,,,,,,38.29
10.08,11.39,11.96,19.94,12.8,,,,,,38.71
9.36,10.92,11.32,19.51,12.31,,,,,,39.13
8.63,10.44,10.65,19.08,11.82,,,,,,39.53
7.9,9.96,9.95,18.64,11.34,,,,,,39.91
7.17,9.48,9.25,18.21,10.83,,,,,,40.29
6.45,9,8.52,17.8,10.3,,,,,,40.67
5.72,8.52,7.78,17.4,9.75,,,,,,41.05
4.98,8.04,7.06,16.99,9.21,,,,,,41.45
4.21,7.54,6.36,16.58,8.64,,,,,,41.88
3.45,7.04,5.65,16.18,8.07,,,,,,42.31
2.68,6.52,4.95,15.79,7.51,,,,,,42.79
1.91,5.98,4.26,15.4,6.95,,,,,,43.29
1.12,5.41,3.56,15,6.41,,,,,,43.82
0.31,4.82,2.8,14.59,5.87,,,,,,44.37
-0.49,4.22,2.01,14.16,5.36,,,,,,44.93
-1.29,3.6,1.16,13.71,4.86,,,,,,45.5
-2.08,2.98,0.21,13.27,4.37,,,,,,46.12
-2.84,2.36,-0.86,12.83,3.88,,,,,,46.74
-3.53,1.74,-1.96,12.39,3.38,,,,,,47.4
-4.1,1.13,-3.04,11.95,2.88,,,,,,48.05
-4.62,0.52,-4.05,11.51,2.35,,,,,,48.75
-5.18,-0.08,-4.97,11.06,1.8,,,,,,49.46
-5.79,-0.68,-5.79,10.61,1.24,,,,,,50.21
-6.43,-1.3,-6.55,10.14,0.67,,,,,,50.97
-7.11,-1.92,-7.3,9.65,0.06,,,,,,51.71
-7.77,-2.55,-8.02,9.13,-0.59,,,,,,52.46
-8.38,-3.19,-8.72,8.59,-1.29,,,,,,53.25
-8.99,-3.81,-9.4,8.04,-2,,,,,,54.04
-9.59,-4.42,-10.05,7.49,-2.69,,,,,,54.83
-10.16,-5,-10.71,6.92,-3.33,,,,,,55.63
-10.71,-5.53,-11.37,6.36,-3.96,,,,,,56.45
-11.23,-6.06,-12.01,5.83,-4.56,,,,,,57.27
-11.75,-6.62,-12.62,5.32,-5.12,,,,,,58.07
-12.28,-7.21,-13.2,4.8,-5.63,,,,,,58.86
-12.83,-7.84,-13.75,4.29,-6.1,,,,,,59.64
-13.36,-8.49,-14.27,3.79,-6.52,,,,,,60.4
-13.93,-9.15,-14.76,3.31,-6.94,,,,,,61.15
-14.56,-9.83,-15.23,2.84,-7.35,,,,,,61.87
-15.15,-10.55,-15.7,2.37,-7.75,,,,,,62.54
-15.7,-11.27,-16.17,1.9,-8.15,,,,,,63.13
-16.25,-11.99,-16.65,1.43,-8.54,,,,,,63.64
-16.79,-12.7,-17.2,0.97,-8.94,,,,,,64.11
-17.36,-13.39,-17.77,0.52,-9.34,,,,,,64.57
-17.92,-14.07,-18.3,0.06,-9.72,,,,,,65.01
-18.5,-14.72,-18.79,-0.39,-10.09,,,,,,65.44
-19.13,-15.33,-19.28,-0.85,-10.47,,,,,,65.89
-19.77,-15.9,-19.75,-1.29,-10.86,,,,,,66.39
-20.37,-16.43,-20.24,-1.72,-11.27,,,,,,66.9
-20.95,-16.92,-20.74,-2.12,-11.7,,,,,,67.44
-21.5,-17.39,-21.26,-2.51,-12.16,,,,,,67.96
-22.1,-17.86,-21.76,-2.9,-12.67,,,,,,68.51
-22.79,-18.31,-22.2,-3.27,-13.22,,,,,,69.07
-23.53,-18.76,-22.63,-3.63,-13.78,,,,,,69.66
-24.29,-19.23,-23.02,-3.97,-14.35,,,,,,70.33
-25.04,-19.73,-23.37,-4.31,-14.93,,,,,,71.05
-25.78,-20.25,-23.75,-4.66,-15.51,,,,,,71.8
-26.51,-20.79,-24.2,-5.02,-16.09,,,,,,72.58
-27.2,-21.31,-24.68,-5.38,-16.65,,,,,,73.37
-27.81,-21.82,-25.14,-5.77,-17.21,,,,,,74.13
-28.38,-22.33,-25.59,-6.16,-17.73,,,,,,74.84
-28.99,-22.83,-26.02,-6.54,-18.21,,,,,,75.51
-29.53,-23.31,-26.48,-6.92,-18.64,,,,,,76.12
-30.05,-23.75,-26.98,-7.3,-19.02,,,,,,76.66
-30.56,-24.13,-27.46,-7.67,-19.35,,,,,,77.17
-31.04,-24.4,-27.91,-8.03,-19.65,,,,,,77.65
-31.44,-24.61,-28.36,-8.37,-19.93,,,,,,78.11
-31.89,-24.89,-28.8,-8.68,-20.21,,,,,,78.54
-32.36,-25.26,-29.25,-9.01,-20.49,,,,,,78.96
-32.84,-25.67,-29.6,-9.35,-20.79,,,,,,79.37
-33.29,-26.07,-29.89,-9.68,-21.1,,,,,,79.79
-33.72,-26.48,-30.16,-9.98,-21.43,,,,,,80.24
-34.15,-26.88,-30.47,-10.23,-21.77,,,,,,80.72
-34.62,-27.31,-30.78,-10.48,-22.15,,,,,,81.25
-35.1,-27.74,-31.07,-10.75,-22.54,,,,,,81.84
-35.57,-28.2,-31.37,-11.01,-22.95,,,,,,82.5
-36,-28.68,-31.63,-11.31,-23.39,,,,,,83.2
-36.4,-29.19,-31.89,-11.64,-23.88,,,,,,83.96
-36.76,-29.74,-32.23,-11.99,-24.4,,,,,,84.77
-37.13,-30.33,-32.6,-12.35,-24.94,,,,,,85.63
-37.5,-30.93,-32.94,-12.75,-25.43,,,,,,86.53
-37.89,-31.56,-33.23,-13.15,-25.94,,,,,,87.45
-38.29,-32.19,-33.49,-13.58,-26.49,,,,,,88.37
-38.68,-32.82,-33.7,-14.03,-27.07,,,,,,89.25
-39.07,-33.43,-33.71,-14.47,-27.65,,,,,,90.1
-39.44,-34,-33.69,-14.91,-28.18,,,,,,90.9
-39.79,-34.51,-33.71,-15.37,-28.68,,,,,,91.66
-40.11,-34.95,-33.74,-15.84,-29.16,,,,,,92.36
-40.4,-35.35,-33.82,-16.33,-29.62,,,,,,92.99
-40.65,-35.73,-33.99,-16.83,-30.05,,,,,,93.53
-40.9,-36.08,-34.23,-17.3,-30.44,,,,,,94
-41.16,-36.45,-34.47,-17.69,-30.79,,,,,,94.42
-41.44,-36.87,-34.73,-18.04,-31.09,,,,,,94.82
-41.71,-37.36,-34.98,-18.35,-31.39,,,,,,95.21
-41.97,-37.88,-35.26,-18.65,-31.67,,,,,,95.55
-42.19,-38.41,-35.5,-18.94,-31.96,,,,,,95.89
-42.42,-38.97,-35.7,-19.25,-32.24,,,,,,96.28
-42.65,-39.54,-35.86,-19.57,-32.51,,,,,,96.73
-42.86,-40.11,-35.98,-19.9,-32.78,,,,,,97.24
-43.06,-40.68,-36.08,-20.23,-33.06,,,,,,97.78
-43.23,-41.23,-36.16,-20.57,-33.35,,,,,,98.37
-43.39,-41.74,-36.24,-20.91,-33.68,,,,,,99.03
-43.53,-42.21,-36.37,-21.25,-34.04,,,,,,99.77
-43.67,-42.62,-36.5,-21.61,-34.43,,,,,,100.58
-43.81,-43.02,-36.64,-22,-34.86,,,,,,101.42
-43.95,-43.41,-36.78,-22.39,-35.38,,,,,,102.25
-44.08,-43.81,-36.91,-22.8,-36,,,,,,103.03
-44.18,-44.23,-37.03,-23.22,-36.66,,,,,,103.76
-44.24,-44.64,-37.12,-23.67,-37.27,,,,,,104.45
-44.28,-45.04,-37.26,-24.11,-37.81,,,,,,105.07
-44.32,-45.42,-37.46,-24.55,-38.34,,,,,,105.64
-44.36,-45.75,-37.69,-24.98,-38.88,,,,,,106.17
-44.38,-46.04,-37.95,-25.42,-39.39,,,,,,106.68
-44.4,-46.3,-38.22,-25.86,-39.83,,,,,,107.15
-44.41,-46.51,-38.49,-26.29,-40.2,,,,,,107.6
-44.41,-46.69,-38.74,-26.71,-40.5,,,,,,108.02
-44.42,-46.84,-38.96,-27.12,-40.72,,,,,,108.46
-44.42,-46.96,-39.16,-27.5,-40.91,,,,,,108.93
-44.42,-47.1,-39.33,-27.89,-41.04,,,,,,109.43
-44.41,-47.29,-39.47,-28.28,-41.14,,,,,,110
-44.4,-47.53,-39.58,-28.67,-41.24,,,,,,110.64
-44.4,-47.83,-39.69,-29.07,-41.33,,,,,,111.35
-44.41,-48.13,-39.8,-29.5,-41.45,,,,,,112.1
-44.42,-48.42,-39.91,-29.95,-41.6,,,,,,112.9
-44.43,-48.69,-40.01,-30.42,-41.76,,,,,,113.74
-44.44,-48.94,-40.08,-30.88,-41.91,,,,,,114.62
-44.44,-49.16,-40.11,-31.33,-42.05,,,,,,115.55
-44.44,-49.35,-40.14,-31.75,-42.19,,,,,,116.47
-44.45,-49.51,-40.16,-32.15,-42.34,,,,,,117.4
-44.46,-49.65,-40.17,-32.5,-42.53,,,,,,118.33
-44.46,-49.78,-40.19,-32.8,-42.75,,,,,,119.24
-44.46,-49.91,-40.19,-33.07,-42.96,,,,,,120.1
-44.47,-50,-40.19,-33.32,-43.12,,,,,,120.94
-44.48,-50.04,-40.21,-33.54,-43.24,,,,,,121.71
-44.48,-50.06,-40.23,-33.77,-43.32,,,,,,122.42
-44.49,-50.06,-40.25,-33.99,-43.37,,,,,,123.08
-44.49,-50.06,-40.28,-34.23,-43.39,,,,,,123.68
-44.5,-50.06,-40.32,-34.47,-43.41,,,,,,124.21
-44.49,-50.06,-40.38,-34.71,-43.43,,,,,,124.65
-44.49,-50.07,-40.43,-34.96,-43.45,,,,,,124.98
-44.51,-50.09,-40.48,-35.22,-43.48,,,,,,125.23
-44.52,-50.09,-40.53,-35.48,-43.51,,,,,,125.43
-44.53,-50.1,-40.55,-35.73,-43.54,,,,,,125.62
-44.53,-50.09,-40.58,-35.98,-43.57,,,,,,125.81
-44.54,-50.05,-40.59,-36.24,-43.6,,,,,,125.98
-44.54,-50.02,-40.6,-36.48,-43.63,,,,,,126.15
-44.53,-50,-40.61,-36.69,-43.65,,,,,,126.33
-44.53,-49.98,-40.62,-36.88,-43.69,,,,,,126.51
-44.52,-49.98,-40.64,-37.06,-43.72,,,,,,126.7
-44.51,-49.98,-40.66,-37.24,-43.75,,,,,,126.88
-44.5,-49.99,-40.68,-37.42,-43.77,,,,,,127.05
-44.49,-49.99,-40.68,-37.61,-43.79,,,,,,127.23
-44.49,-50,-40.69,-37.8,-43.82,,,,,,127.4
-44.5,-50,-40.71,-37.99,-43.84,,,,,,127.57
-44.51,-50.01,-40.72,-38.19,-43.87,,,,,,127.75
-44.52,-50.01,-40.74,-38.39,-43.9,,,,,,127.92
-44.53,-50.01,-40.75,-38.59,-43.92,,,,,,128.08
-44.54,-50.01,-40.76,-38.8,-43.95,,,,,,128.24
-44.55,-50.01,-40.77,-38.98,-43.98,,,,,,128.41
-44.56,-50.02,-40.78,-39.14,-44.01,,,,,,128.58
-44.57,-50.04,-40.79,-39.28,-44.03,,,,,,128.74
-44.57,-50.04,-40.79,-39.4,-44.05,,,,,,128.9
-44.58,-50.05,-40.78,-39.53,-44.06,,,,,,129.07
-44.58,-50.05,-40.8,-39.66,-44.07,,,,,,129.24
-44.59,-50.04,-40.81,-39.8,-44.09,,,,,,129.4
-44.6,-50.02,-40.8,-39.94,-44.11,,,,,,129.57
-44.61,-49.98,-40.79,-40.09,-44.13,,,,,,129.73
-44.62,-49.93,-40.77,-40.22,-44.15,,,,,,129.89
-44.62,-49.9,-40.75,-40.33,-44.17,,,,,,130.05
-44.63,-49.87,-40.74,-40.43,-44.18,,,,,,130.2
-44.63,-49.86,-40.73,-40.55,-44.19,,,,,,130.36
-44.63,-49.86,-40.72,-40.66,-44.22,,,,,,130.52
-44.63,-49.87,-40.72,-40.77,-44.24,,,,,,130.68
-44.62,-49.85,-40.72,-40.86,-44.26,,,,,,130.83
-44.61,-49.83,-40.72,-40.94,-44.27,,,,,,130.99
-44.6,-49.84,-40.73,-41.01,-44.29,,,,,,131.14
-44.58,-49.84,-40.74,-41.06,-44.31,,,,,,131.29
-44.56,-49.83,-40.74,-41.1,-44.33,,,,,,131.44
-44.52,-49.82,-40.75,-41.12,-44.35,,,,,,131.58
-44.49,-49.81,-40.76,-41.13,-44.37,,,,,,131.72
-44.46,-49.81,-40.76,-41.15,-44.4,,,,,,131.87
-44.42,-49.81,-40.77,-41.16,-44.41,,,,,,132.02
-44.39,-49.81,-40.77,-41.19,-44.42,,,,,,132.17
-44.34,-49.81,-40.77,-41.21,-44.44,,,,,,132.31
-44.26,-49.81,-40.77,-41.24,-44.45,,,,,,132.32
-44.18,-49.82,-40.77,-41.26,-44.46,,,,,,132.16
-44.09,-49.82,-40.76,-41.28,-44.47,,,,,,131.93
-44,-49.82,-40.73,-41.3,-44.5,,,,,,131.7
-43.91,-49.8,-40.68,-41.31,-44.52,,,,,,131.43
-43.83,-49.76,-40.62,-41.32,-44.54,,,,,,131.13
-43.74,-49.71,-40.54,-41.34,-44.55,,,,,,130.79
-43.65,-49.67,-40.42,-41.36,-44.58,,,,,,130.41
-43.59,-49.63,-40.3,-41.37,-44.61,,,,,,130.02
-43.53,-49.59,-40.14,-41.38,-44.62,,,,,,129.6
-43.47,-49.54,-39.94,-41.39,-44.64,,,,,,129.13
-43.4,-49.51,-39.73,-41.39,-44.65,,,,,,128.66
-43.31,-49.47,-39.51,-41.41,-44.66,,,,,,128.19
-43.22,-49.45,-39.26,-41.42,-44.67,,,,,,127.73
-43.12,-49.42,-39,-41.43,-44.68,,,,,,127.27
-43.01,-49.39,-38.7,-41.43,-44.7,,,,,,126.84
-42.85,-49.36,-38.4,-41.45,-44.71,,,,,,126.44
-42.61,-49.31,-38.11,-41.47,-44.72,,,,,,126.01
-42.35,-49.27,-37.81,-41.49,-44.73,,,,,,125.56
-42.09,-49.23,-37.49,-41.5,-44.74,,,,,,125.06
-41.84,-49.19,-37.16,-41.52,-44.75,,,,,,124.52
-41.63,-49.14,-36.78,-41.54,-44.78,,,,,,123.92
-41.46,-49.1,-36.4,-41.55,-44.8,,,,,,123.27
-41.31,-49.07,-36.02,-41.56,-44.81,,,,,,122.58
-41.18,-49.04,-35.68,-41.57,-44.83,,,,,,121.82
-41.08,-48.99,-35.37,-41.59,-44.84,,,,,,121.05
-40.97,-48.94,-35.06,-41.6,-44.86,,,,,,120.26
-40.86,-48.9,-34.76,-41.61,-44.88,,,,,,119.47
-40.74,-48.85,-34.42,-41.61,-44.9,,,,,,118.65
-40.58,-48.77,-34.08,-41.61,-44.91,,,,,,117.82
-40.38,-48.54,-33.76,-41.58,-44.93,,,,,,117
-40.16,-48.34,-33.43,-41.56,-44.94,,,,,,116.21
-39.93,-48.21,-33.11,-41.52,-44.95,,,,,,115.46
-39.67,-48.11,-32.78,-41.47,-44.96,,,,,,114.75
-39.4,-48.03,-32.4,-41.41,-44.98,,,,,,114.08
-39.13,-47.95,-31.98,-41.33,-44.99,,,,,,113.5
-38.87,-47.84,-31.52,-41.24,-44.96,,,,,,113.01
-38.59,-47.67,-31.08,-41.16,-44.84,,,,,,112.57
-38.29,-47.49,-30.65,-41.09,-44.74,,,,,,112.17
-37.99,-47.32,-30.19,-41.01,-44.64,,,,,,111.81
-37.69,-47.13,-29.72,-40.93,-44.56,,,,,,111.47
-37.4,-46.94,-29.24,-40.85,-44.5,,,,,,111.14
-37.13,-46.76,-28.79,-40.77,-44.44,,,,,,110.83
-36.86,-46.57,-28.38,-40.7,-44.36,,,,,,110.49
-36.6,-46.4,-27.99,-40.62,-44.25,,,,,,110.11
-36.35,-46.25,-27.62,-40.53,-44.14,,,,,,109.71
-36.09,-46.09,-27.23,-40.44,-44.02,,,,,,109.25
-35.85,-45.91,-26.82,-40.36,-43.89,,,,,,108.79
-35.61,-45.71,-26.39,-40.28,-43.75,,,,,,108.28
-35.36,-45.51,-25.9,-40.2,-43.59,,,,,,107.73
-35.1,-45.3,-25.37,-40.11,-43.43,,,,,,107.13
-34.83,-45.07,-24.82,-40.03,-43.27,,,,,,106.53
-34.53,-44.83,-24.24,-39.93,-43.09,,,,,,105.92
-34.25,-44.52,-23.61,-39.83,-42.9,,,,,,105.36
-33.93,-44.22,-22.93,-39.72,-42.68,,,,,,104.83
-33.59,-43.91,-22.18,-39.61,-42.46,,,,,,104.32
-33.23,-43.56,-21.37,-39.5,-42.23,,,,,,103.81
-32.85,-43.18,-20.51,-39.4,-42,,,,,,103.34
-32.46,-42.8,-19.6,-39.33,-41.76,,,,,,102.89
-32.05,-42.37,-18.65,-39.27,-41.48,,,,,,102.45
-31.61,-41.95,-17.64,-39.23,-41.19,,,,,,102
-31.17,-41.6,-16.59,-39.2,-40.91,,,,,,101.54
-30.73,-41.27,-15.49,-39.15,-40.66,,,,,,101.04
-30.29,-40.92,-14.37,-39.1,-40.44,,,,,,100.51
-29.86,-40.57,-13.26,-39.03,-40.25,,,,,,99.94
-29.43,-40.21,-12.2,-38.94,-40.04,,,,,,99.32
-28.98,-39.84,-11.23,-38.84,-39.83,,,,,,98.6
-28.52,-39.44,-10.32,-38.74,-39.64,,,,,,97.82
-28.04,-39.01,-9.46,-38.62,-39.44,,,,,,96.98
-27.56,-38.55,-8.62,-38.5,-39.21,,,,,,96.09
-27.09,-38.07,-7.83,-38.37,-38.99,,,,,,95.13
-26.63,-37.58,-7.05,-38.22,-38.78,,,,,,94.16
-26.17,-37.08,-6.27,-38.06,-38.58,,,,,,93.2
-25.7,-36.6,-5.45,-37.88,-38.37,,,,,,92.27
-25.22,-36.14,-4.6,-37.69,-38.14,,,,,,91.38
-24.72,-35.7,-3.69,-37.48,-37.92,,,,,,90.55
-24.19,-35.27,-2.71,-37.24,-37.69,,,,,,89.76
-23.63,-34.84,-1.62,-37.01,-37.43,,,,,,89.04
-23.09,-34.43,-0.47,-36.78,-37.17,,,,,,88.39
-22.55,-34.02,0.74,-36.55,-36.89,,,,,,87.81
-21.98,-33.58,2.01,-36.32,-36.58,,,,,,87.28
-21.37,-33.09,3.35,-36.08,-36.23,,,,,,86.84
-20.78,-32.59,4.78,-35.82,-35.87,,,,,,86.47
-20.2,-32.07,6.2,-35.53,-35.52,,,,,,86.16
-19.63,-31.53,7.56,-35.24,-35.18,,,,,,85.85
-19.07,-30.96,8.9,-34.95,-34.84,,,,,,85.49
-18.52,-30.36,10.15,-34.64,-34.5,,,,,,85.04
-17.99,-29.73,11.32,-34.32,-34.14,,,,,,84.52
-17.47,-29.05,12.34,-33.98,-33.79,,,,,,83.9
-16.98,-28.34,13.23,-33.65,-33.47,,,,,,83.21
-16.49,-27.6,13.95,-33.31,-33.16,,,,,,82.43
-16.04,-26.89,14.55,-32.98,-32.85,,,,,,81.61
-15.62,-26.2,15.08,-32.63,-32.53,,,,,,80.77
-15.22,-25.52,15.54,-32.26,-32.21,,,,,,79.92
-14.84,-24.85,15.92,-31.86,-31.87,,,,,,79.08
-14.46,-24.25,16.26,-31.43,-31.52,,,,,,78.29
-14.08,-23.66,16.61,-31.01,-31.16,,,,,,77.57
-13.7,-23.1,16.99,-30.58,-30.78,,,,,,76.91
-13.33,-22.54,17.39,-30.15,-30.38,,,,,,76.31
-12.96,-21.96,17.81,-29.72,-29.98,,,,,,75.72
-12.58,-21.37,18.28,-29.3,-29.57,,,,,,75.16
-12.2,-20.77,18.79,-28.88,-29.14,,,,,,74.64
-11.8,-20.18,19.32,-28.45,-28.69,,,,,,74.15
-11.41,-19.57,19.89,-28.03,-28.22,,,,,,73.67
-11.03,-18.94,20.45,-27.61,-27.74,,,,,,73.2
-10.67,-18.31,21,-27.2,-27.23,,,,,,72.73
-10.33,-17.69,21.54,-26.78,-26.72,,,,,,72.25
-10,-17.08,22.05,-26.36,-26.18,,,,,,71.77
-9.67,-16.45,22.53,-25.92,-25.62,,,,,,71.23
-9.36,-15.77,22.99,-25.49,-25.02,,,,,,70.63
-9.06,-15.12,23.42,-25.08,-24.42,,,,,,69.94
-8.77,-14.58,23.86,-24.69,-23.82,,,,,,69.22
-8.44,-14.07,24.24,-24.3,-23.22,,,,,,68.52
-8.09,-13.55,24.63,-23.92,-22.63,,,,,,67.83
-7.7,-13,24.97,-23.52,-22.04,,,,,,67.16
-7.26,-12.42,25.25,-23.11,-21.46,,,,,,66.53
-6.76,-11.81,25.45,-22.69,-20.87,,,,,,65.92
-6.17,-11.16,25.56,-22.27,-20.29,,,,,,65.37
-5.4,-10.5,25.6,-21.87,-19.74,,,,,,64.9
-4.43,-9.84,25.62,-21.45,-19.22,,,,,,64.49
-3.45,-9.2,25.63,-21.03,-18.72,,,,,,64.15
-2.5,-8.59,25.65,-20.61,-18.24,,,,,,63.86
-1.62,-8.02,25.73,-20.19,-17.78,,,,,,63.59
-0.84,-7.47,25.92,-19.76,-17.33,,,,,,63.34
-0.11,-6.96,26.17,-19.3,-16.88,,,,,,63.12
0.6,-6.48,26.49,-18.84,-16.44,,,,,,62.93
1.31,-6.02,26.87,-18.39,-15.99,,,,,,62.67
2.01,-5.57,27.31,-17.94,-15.56,,,,,,62.35
2.68,-5.12,27.79,-17.48,-15.11,,,,,,61.96
3.31,-4.68,28.32,-17.02,-14.65,,,,,,61.57
3.9,-4.26,28.87,-16.53,-14.15,,,,,,61.22
4.45,-3.81,29.44,-16.01,-13.64,,,,,,60.88
4.97,-3.37,29.99,-15.48,-13.12,,,,,,60.5
5.47,-2.93,30.52,-14.93,-12.59,,,,,,60.07
5.97,-2.48,31.03,-14.38,-12.04,,,,,,59.51
6.49,-2.06,31.52,-13.82,-11.47,,,,,,58.91
7.02,-1.63,31.9,-13.25,-10.89,,,,,,58.3
7.57,-1.18,32.14,-12.67,-10.33,,,,,,57.67
8.17,-0.71,32.25,-12.1,-9.78,,,,,,57.03
8.84,-0.19,32.29,-11.54,-9.24,,,,,,56.44
9.58,0.36,32.31,-10.98,-8.71,,,,,,55.93
10.38,0.92,32.31,-10.42,-8.22,,,,,,55.5
11.24,1.5,32.28,-9.88,-7.75,,,,,,55.14
12.13,2.09,32.16,-9.37,-7.29,,,,,,54.86
12.98,2.67,31.97,-8.87,-6.85,,,,,,54.68
13.75,3.26,31.72,-8.38,-6.44,,,,,,54.52
14.45,3.81,31.41,-7.93,-6.04,,,,,,54.37
15.07,4.34,31.05,-7.5,-5.64,,,,,,54.22
15.64,4.86,30.72,-7.1,-5.22,,,,,,54.07
16.17,5.36,30.45,-6.74,-4.77,,,,,,53.92
16.67,5.83,30.27,-6.4,-4.3,,,,,,53.85
17.15,6.24,30.15,-6.06,-3.78,,,,,,53.92
17.62,6.64,30.06,-5.71,-3.24,,,,,,54.08
18.1,7.04,29.99,-5.35,-2.66,,,,,,54.31
18.56,7.41,29.92,-4.98,-2.04,,,,,,54.6
19.04,7.79,29.88,-4.6,-1.37,,,,,,54.92
19.54,8.19,29.87,-4.19,-0.66,,,,,,55.23
20.02,8.65,29.87,-3.77,0.1,,,,,,55.5
20.47,9.14,29.88,-3.31,0.91,,,,,,55.7
20.92,9.65,29.89,-2.81,1.79,,,,,,55.83
21.42,10.16,29.91,-2.29,2.72,,,,,,55.9
21.91,10.7,29.92,-1.75,3.69,,,,,,55.89
22.4,11.22,29.94,-1.17,4.67,,,,,,55.84
22.85,11.73,29.95,-0.6,5.67,,,,,,55.74
23.33,12.25,29.96,-0.03,6.67,,,,,,55.62
23.76,12.76,29.98,0.53,7.67,,,,,,55.5
24.15,13.27,30,1.08,8.64,,,,,,55.38
24.52,13.77,30.02,1.62,9.59,,,,,,55.26
24.87,14.26,30.08,2.16,10.51,,,,,,55.13
25.2,14.76,30.18,2.67,11.4,,,,,,55.01
25.52,15.22,30.27,3.2,12.25,,,,,,54.88
25.82,15.68,30.33,3.75,13.04,,,,,,54.76
26.08,16.14,30.38,4.36,13.76,,,,,,54.65
26.29,16.54,30.41,5.04,14.45,,,,,,54.53
26.46,16.89,30.43,5.76,15.1,,,,,,54.42
26.6,17.18,30.43,6.51,15.75,,,,,,54.31
26.76,17.42,30.44,7.3,16.36,,,,,,54.19
26.94,17.59,30.45,8.11,16.95,,,,,,54.07
27.12,17.71,30.46,8.92,17.49,,,,,,53.96
27.29,17.79,30.48,9.7,17.99,,,,,,53.84
27.45,17.91,30.49,10.44,18.48,,,,,,53.72
27.59,18.08,30.5,11.12,18.97,,,,,,53.59
27.7,18.32,30.51,11.76,19.43,,,,,,53.47
27.8,18.55,30.5,12.36,19.86,,,,,,53.35
27.87,18.77,30.49,12.93,20.23,,,,,,53.24
27.89,19.06,30.51,13.49,20.53,,,,,,53.13
27.9,19.44,30.52,14.02,20.82,,,,,,53.01
27.92,19.87,30.53,14.52,21.14,,,,,,52.88
28,20.31,30.53,15.01,21.49,,,,,,52.76
28.16,20.74,30.54,15.49,21.86,,,,,,52.63
28.4,21.18,30.55,15.99,22.23,,,,,,52.52
28.71,21.64,30.56,16.48,22.64,,,,,,52.4
29.03,22.13,30.57,16.95,23.08,,,,,,52.29
29.37,22.67,30.57,17.44,23.53,,,,,,52.17
29.71,23.27,30.57,17.96,24,,,,,,52.06
30.06,23.89,30.59,18.5,24.48,,,,,,51.95
30.39,24.44,30.6,19.05,25,,,,,,51.84
30.66,24.91,30.6,19.58,25.54,,,,,,51.73
30.93,25.28,30.61,20.1,26.09,,,,,,51.62
31.16,25.5,30.62,20.6,26.63,,,,,,51.52
31.32,25.59,30.63,21.09,27.16,,,,,,51.4
31.4,25.64,30.63,21.58,27.69,,,,,,51.29
31.42,25.67,30.64,22.07,28.22,,,,,,51.18
31.42,25.7,30.64,22.54,28.75,,,,,,51.07
31.43,25.71,30.64,22.98,29.28,,,,,,50.95
31.43,25.72,30.63,23.42,29.81,,,,,,50.83
31.42,25.78,30.62,23.86,30.35,,,,,,50.72
31.42,25.92,30.63,24.25,30.9,,,,,,50.61
31.39,26.11,30.64,24.6,31.41,,,,,,50.5
31.34,26.31,30.64,24.92,31.86,,,,,,50.39
31.28,26.52,30.64,25.21,32.27,,,,,,50.29
31.23,26.72,30.64,25.49,32.68,,,,,,50.19
31.19,26.92,30.65,25.77,33.08,,,,,,50.09
31.17,27.11,30.66,26.05,33.43,,,,,,50
31.17,27.25,30.68,26.32,33.76,,,,,,49.89
31.17,27.36,30.68,26.58,34.07,,,,,,49.78
31.17,27.45,30.69,26.83,34.38,,,,,,49.68
31.16,27.55,30.69,27.09,34.68,,,,,,49.58
31.16,27.66,30.69,27.38,34.96,,,,,,49.49
31.17,27.74,30.69,27.69,35.21,,,,,,49.4
31.18,27.83,30.69,27.98,35.43,,,,,,49.31
31.21,27.9,30.71,28.26,35.64,,,,,,49.22
31.27,27.97,30.72,28.56,35.85,,,,,,49.11
31.39,28.01,30.73,28.89,36.06,,,,,,49.01
31.62,28.03,30.74,29.24,36.24,,,,,,48.92
31.96,28.05,30.74,29.61,36.41,,,,,,48.82
32.35,28.08,30.75,29.99,36.59,,,,,,48.72
32.7,28.1,30.76,30.32,36.8,,,,,,48.62
32.99,28.13,30.76,30.61,37.03,,,,,,48.53
33.2,28.15,30.78,30.88,37.27,,,,,,48.43
33.33,28.16,30.79,31.18,37.48,,,,,,48.33
33.39,28.17,30.78,31.45,37.68,,,,,,48.22
33.42,28.2,30.78,31.62,37.88,,,,,,48.13
33.44,28.23,30.8,31.7,38.03,,,,,,48.04
33.45,28.25,30.81,31.73,38.19,,,,,,47.95
33.46,28.27,30.81,31.75,38.36,,,,,,47.86
33.47,28.29,30.82,31.81,38.52,,,,,,47.77
33.48,28.32,30.83,31.87,38.62,,,,,,47.68
33.48,28.33,30.84,31.92,38.69,,,,,,47.59
33.48,28.34,30.85,31.98,38.75,,,,,,47.49
33.49,28.37,30.86,32.03,38.8,,,,,,47.41
33.48,28.41,30.85,32.05,38.86,,,,,,47.32
33.42,28.44,30.85,32.06,38.91,,,,,,47.23
33.34,28.47,30.85,32.07,38.96,,,,,,47.15
33.26,28.48,30.84,32.08,39.03,,,,,,47.07
33.21,28.5,30.85,32.09,39.11,,,,,,46.99
33.2,28.52,30.86,32.11,39.16,,,,,,46.9
33.21,28.55,30.87,32.14,39.27,,,,,,46.81
33.21,28.56,30.88,32.14,39.45,,,,,,46.72
33.22,28.58,30.89,32.15,39.62,,,,,,46.63
33.23,28.6,30.91,32.17,39.77,,,,,,46.54
33.24,28.62,30.91,32.19,39.88,,,,,,46.46
33.25,28.64,30.91,32.21,39.96,,,,,,46.37
33.26,28.66,30.92,32.22,40.05,,,,,,46.28
33.28,28.69,30.92,32.25,40.17,,,,,,46.21
33.29,28.71,30.94,32.27,40.26,,,,,,46.14
33.3,28.73,30.95,32.29,40.34,,,,,,46.06
33.3,28.76,30.96,32.31,40.41,,,,,,45.98
33.31,28.77,30.96,32.34,40.45,,,,,,45.89
33.32,28.78,30.97,32.37,40.5,,,,,,45.79
33.32,28.8,30.98,32.4,40.55,,,,,,45.72
33.32,28.81,30.99,32.43,40.59,,,,,,45.64
33.33,28.84,31,32.44,40.65,,,,,,45.55
33.34,28.87,31,32.46,40.71,,,,,,45.46
33.36,28.87,31.01,32.48,40.77,,,,,,45.38
33.37,28.88,31.01,32.49,40.83,,,,,,45.3
33.38,28.89,31.02,32.51,40.89,,,,,,45.23
33.38,28.91,31.03,32.53,40.95,,,,,,45.16
33.37,28.92,31.03,32.54,41.01,,,,,,45.09
33.36,28.94,31.03,32.56,41.06,,,,,,45.02
33.37,28.94,31.03,32.59,41.12,,,,,,44.94
33.38,28.94,31.02,32.62,41.17,,,,,,44.86
33.38,28.95,31.02,32.64,41.23,,,,,,44.79
33.38,28.96,31.03,32.66,41.28,,,,,,44.72
33.39,28.96,31.04,32.68,41.32,,,,,,44.65
33.4,28.96,31.03,32.69,41.37,,,,,,44.59
33.41,28.96,31.02,32.71,41.42,,,,,,44.52
33.42,28.96,31.02,32.73,41.47,,,,,,44.45
33.43,28.97,31.01,32.74,41.51,,,,,,44.39
33.44,28.98,31.01,32.75,41.56,,,,,,44.32
33.45,28.99,31,32.77,41.61,,,,,,44.25
33.47,28.99,30.99,32.79,41.66,,,,,,44.18
33.49,29,30.99,32.81,41.7,,,,,,44.11
33.5,29.02,30.99,32.83,41.75,,,,,,44.04
33.52,29.03,30.99,32.85,41.8,,,,,,43.97
33.53,29.05,31,32.86,41.85,,,,,,43.9
33.54,29.07,31,32.89,41.91,,,,,,43.83
33.56,29.09,31,32.91,41.96,,,,,,43.77
33.58,29.1,31.01,32.93,42,,,,,,43.71
33.6,29.11,31.01,32.95,42.05,,,,,,43.64
33.61,29.11,31.01,32.97,42.1,,,,,,43.58
33.62,29.11,31,32.99,42.14,,,,,,43.53
33.63,29.13,31,33.01,42.18,,,,,,43.45
33.64,29.15,30.99,33.03,42.23,,,,,,43.38
33.65,29.16,30.98,33.05,42.29,,,,,,43.3
33.67,29.18,30.98,33.08,42.34,,,,,,43.23
33.67,29.19,30.98,33.1,42.37,,,,,,43.17
33.68,29.2,30.97,33.12,42.42,,,,,,43.1
33.69,29.21,30.97,33.14,42.46,,,,,,43.03
33.7,29.22,30.97,33.16,42.49,,,,,,42.96
33.71,29.24,30.97,33.18,42.54,,,,,,42.9
33.72,29.26,30.97,33.19,42.59,,,,,,42.84
33.73,29.28,30.97,33.22,42.62,,,,,,42.78
33.74,29.3,30.97,33.24,42.64,,,,,,42.72
33.75,29.32,30.97,33.25,42.67,,,,,,42.65
33.75,29.34,30.97,33.26,42.7,,,,,,42.59
33.76,29.34,30.97,33.28,42.74,,,,,,42.59
33.77,29.34,30.97,33.3,42.79,,,,,,42.74
33.78,29.35,30.98,33.31,42.82,,,,,,42.89
33.78,29.37,30.99,33.31,42.86,,,,,,42.99
33.8,29.38,31,33.32,42.9,,,,,,43.01
33.81,29.39,30.99,33.33,42.93,,,,,,42.96
33.81,29.41,30.98,33.34,42.96,,,,,,42.91
33.81,29.43,30.98,33.35,43,,,,,,42.85
33.81,29.44,30.99,33.36,43.04,,,,,,42.8
33.81,29.46,30.99,33.37,43.09,,,,,,42.74
33.77,29.48,30.99,33.38,43.13,,,,,,42.68
33.71,29.5,30.99,33.39,43.16,,,,,,42.62
33.68,29.51,30.98,33.41,43.21,,,,,,42.56
33.66,29.52,30.98,33.42,43.26,,,,,,42.51
33.65,29.54,30.97,33.43,43.29,,,,,,42.45
33.65,29.56,30.98,33.43,43.32,,,,,,42.4
33.66,29.65,30.98,33.44,43.35,,,,,,42.35
33.68,29.78,30.98,33.45,43.39,,,,,,42.31
33.69,29.94,30.98,33.47,43.41,,,,,,42.25
33.69,30.09,30.97,33.48,43.44,,,,,,42.2
33.7,30.19,30.96,33.5,43.49,,,,,,42.14
33.71,30.22,30.96,33.52,43.54,,,,,,42.08
33.72,30.24,30.95,33.54,43.58,,,,,,42.04
33.73,30.25,30.95,33.56,43.62,,,,,,42
33.73,30.27,30.95,33.58,43.66,,,,,,41.95
33.73,30.3,30.95,33.59,43.7,,,,,,41.9
33.73,30.31,30.95,33.6,43.74,,,,,,41.85
33.73,30.33,30.95,33.6,43.77,,,,,,41.8
33.74,30.34,30.96,33.62,43.8,,,,,,41.74
33.75,30.36,30.95,33.63,43.84,,,,,,41.69
33.75,30.37,30.95,33.63,43.86,,,,,,41.65
33.75,30.39,30.94,33.63,43.89,,,,,,41.6
33.76,30.4,30.94,33.65,43.93,,,,,,41.55
33.77,30.41,30.94,33.67,43.97,,,,,,41.5
33.78,30.43,30.93,33.68,44,,,,,,41.45
33.79,30.44,30.93,33.7,44.04,,,,,,41.39
33.76,30.45,30.94,33.71,44.09,,,,,,41.35
33.73,30.43,30.95,33.73,44.13,,,,,,41.3
33.72,30.39,30.96,33.75,44.15,,,,,,41.25
33.71,30.36,30.96,33.76,44.17,,,,,,41.2
33.72,30.34,30.96,33.78,44.19,,,,,,41.15
33.72,30.33,30.97,33.79,44.21,,,,,,41.1
33.72,30.31,30.97,33.8,44.24,,,,,,41.06
33.72,30.31,30.96,33.81,44.26,,,,,,41.01
33.73,30.31,30.96,33.81,44.29,,,,,,40.96
33.73,30.31,30.96,33.82,44.33,,,,,,40.92
33.73,30.33,30.96,33.81,44.36,,,,,,40.88
33.74,30.34,30.97,33.81,44.39,,,,,,40.84
33.74,30.35,30.97,33.82,44.42,,,,,,40.8
33.75,30.36,30.97,33.83,44.44,,,,,,40.76
33.76,30.37,30.96,33.83,44.49,,,,,,40.73
33.76,30.38,30.96,33.83,44.53,,,,,,40.7
33.77,30.4,30.95,33.84,44.56,,,,,,40.65
33.77,30.41,30.95,33.84,44.59,,,,,,40.59
33.78,30.42,30.96,33.86,44.62,,,,,,40.55
33.78,30.43,30.96,33.88,44.64,,,,,,40.5
33.76,30.43,30.96,33.89,44.67,,,,,,40.46
33.72,30.44,30.96,33.89,44.7,,,,,,40.41
33.69,30.45,30.95,33.91,44.73,,,,,,40.38
33.68,30.45,30.96,33.93,44.75,,,,,,40.35
33.7,30.46,30.98,33.94,44.78,,,,,,40.31
33.71,30.47,30.98,33.95,44.81,,,,,,40.27
33.71,30.48,30.98,33.96,44.85,,,,,,40.22
33.7,30.5,30.97,33.96,44.89,,,,,,40.17
33.7,30.51,30.97,33.97,44.92,,,,,,40.12
33.7,30.52,30.98,33.98,44.95,,,,,,40.08
33.71,30.54,30.99,33.99,44.99,,,,,,40.02
33.72,30.56,31.01,34,45.02,,,,,,39.97
33.72,30.57,31.02,34.01,45.04,,,,,,39.91
33.72,30.59,31.03,34.02,45.06,,,,,,39.85
33.73,30.6,31.05,34.03,45.09,,,,,,39.8
33.74,30.61,31.04,33.96,45.11,,,,,,39.75
33.74,30.64,31.04,33.84,45.13,,,,,,39.71
33.74,30.66,31.05,33.73,45.16,,,,,,39.67
33.74,,31.05,33.61,45.18,,,,,,39.63
33.75,,31.05,33.45,45.21,,,,,,39.59
33.76,,31.06,33.23,45.23,,,,,,39.54
33.77,,31.07,32.98,45.25,,,,,,39.49
33.76,,31.07,32.74,45.29,,,,,,39.43
33.76,,31.09,32.58,45.32,,,,,,39.37
33.77,,31.1,32.52,45.36,,,,,,39.33
33.79,,31.09,32.52,45.39,,,,,,39.29
33.79,,31.09,32.51,45.41,,,,,,39.26
33.79,,31.1,32.5,45.43,,,,,,39.22
33.8,,31.11,32.51,45.46,,,,,,39.19
33.81,,31.11,32.51,45.48,,,,,,39.16
33.82,,31.11,32.52,45.51,,,,,,39.11
33.82,,,32.53,45.53,,,,,,39.07
33.82,,,32.53,45.57,,,,,,39.03
33.82,,,32.53,45.6,,,,,,38.99
33.83,,,32.53,45.61,,,,,,38.95
33.83,,,32.54,45.63,,,,,,38.92
33.84,,,32.54,45.65,,,,,,38.88
33.84,,,32.55,45.66,,,,,,38.83
33.84,,,32.57,45.68,,,,,,38.8
33.85,,,32.58,45.7,,,,,,38.76
33.85,,,32.6,45.73,,,,,,38.72
33.85,,,32.62,45.76,,,,,,38.68
33.85,,,32.63,45.76,,,,,,38.64
33.85,,,32.64,45.76,,,,,,38.61
33.85,,,32.66,45.78,,,,,,38.57
33.85,,,32.68,45.81,,,,,,38.53
33.86,,,32.69,45.83,,,,,,38.5
33.87,,,32.7,45.85,,,,,,38.46
33.87,,,32.71,45.86,,,,,,38.42
33.87,,,32.72,45.88,,,,,,38.38
33.86,,,32.82,45.88,,,,,,38.35
33.86,,,32.92,45.89,,,,,,38.32
33.86,,,32.98,45.91,,,,,,38.28
33.86,,,33,45.93,,,,,,38.23
33.86,,,33,45.94,,,,,,38.2
33.86,,,33.01,45.94,,,,,,38.16
33.86,,,33.01,45.96,,,,,,38.13
33.87,,,33.01,45.98,,,,,,38.1
33.86,,,33.02,46,,,,,,38.07
33.86,,,33.03,46.03,,,,,,38.04
33.86,,,33.12,46.05,,,,,,38.01
33.86,,,33.34,46.08,,,,,,37.97
33.85,,,33.66,46.1,,,,,,37.93
33.84,,,34,46.12,,,,,,37.89
33.85,,,34.27,46.14,,,,,,37.85
33.86,,,34.45,46.16,,,,,,37.82
33.86,,,34.51,46.17,,,,,,37.78
33.86,,,34.53,46.19,,,,,,37.74
33.86,,,34.53,46.22,,,,,,37.72
33.86,,,34.54,46.25,,,,,,37.7
33.86,,,34.54,46.26,,,,,,37.67
33.85,,,34.55,46.28,,,,,,37.64
33.86,,,34.56,46.3,,,,,,37.61
33.86,,,34.57,46.31,,,,,,37.58
33.86,,,34.57,46.33,,,,,,37.55
33.86,,,34.57,46.34,,,,,,37.52
33.86,,,34.58,46.36,,,,,,37.49
33.85,,,34.58,46.38,,,,,,37.47
33.86,,,34.59,46.4,,,,,,37.45
33.86,,,34.6,46.42,,,,,,37.43
33.86,,,34.6,46.44,,,,,,37.42
33.85,,,34.62,46.46,,,,,,37.41
33.86,,,34.63,46.48,,,,,,37.38
33.86,,,34.64,46.49,,,,,,37.36
33.86,,,34.66,46.51,,,,,,37.34
33.87,,,34.67,46.52,,,,,,37.32
33.86,,,34.68,46.54,,,,,,37.28
33.85,,,34.69,46.56,,,,,,37.24
33.86,,,34.7,46.58,,,,,,37.21
33.86,,,34.71,46.6,,,,,,37.18
33.87,,,34.72,46.62,,,,,,37.14
33.88,,,34.72,46.64,,,,,,37.11
33.89,,,34.72,46.66,,,,,,37.07
33.9,,,34.73,46.68,,,,,,
33.9,,,34.75,46.69,,,,,,
33.91,,,34.77,46.71,,,,,,
33.91,,,34.78,46.73,,,,,,
33.91,,,34.78,46.74,,,,,,
33.91,,,34.77,46.76,,,,,,
33.92,,,34.78,46.77,,,,,,
33.92,,,34.79,46.77,,,,,,
33.92,,,34.8,46.77,,,,,,
33.93,,,34.81,46.8,,,,,,
33.93,,,34.82,46.83,,,,,,
33.93,,,34.83,46.84,,,,,,
33.92,,,34.84,46.85,,,,,,
33.93,,,,46.87,,,,,,
33.93,,,,46.88,,,,,,
33.94,,,,46.89,,,,,,
33.94,,,,46.91,,,,,,
33.94,,,,46.92,,,,,,
33.93,,,,46.93,,,,,,
33.93,,,,46.93,,,,,,
33.92,,,,46.93,,,,,,
33.93,,,,46.96,,,,,,
33.93,,,,46.98,,,,,,
33.92,,,,46.99,,,,,,
33.92,,,,47,,,,,,
33.92,,,,47.01,,,,,,
33.93,,,,47.03,,,,,,
,,,,47.04,,,,,,
,,,,47.06,,,,,,
,,,,47.08,,,,,,
,,,,47.1,,,,,,
,,,,47.12,,,,,,
,,,,47.13,,,,,,
,,,,47.14,,,,,,
,,,,47.14,,,,,,
,,,,47.16,,,,,,
,,,,47.18,,,,,,
,,,,47.2,,,,,,
,,,,47.22,,,,,,
,,,,47.24,,,,,,
,,,,47.26,,,,,,
,,,,47.28,,,,,,
,,,,47.3,,,,,,
,,,,47.31,,,,,,
,,,,47.32,,,,,,
,,,,47.34,,,,,,
,,,,47.35,,,,,,
,,,,47.37,,,,,,
,,,,47.4,,,,,,
,,,,47.4,,,,,,
,,,,47.41,,,,,,
,,,,47.41,,,,,,
,,,,47.41,,,,,,
,,,,47.43,,,,,,
,,,,47.45,,,,,,
,,,,47.45,,,,,,
,,,,47.45,,,,,,
,,,,47.47,,,,,,
,,,,47.49,,,,,,
,,,,47.5,,,,,,
,,,,47.51,,,,,,
,,,,47.53,,,,,,
,,,,47.54,,,,,,
,,,,47.56,,,,,,
,,,,47.58,,,,,,
,,,,47.6,,,,,,
,,,,47.61,,,,,,
,,,,47.63,,,,,,
,,,,47.64,,,,,,
,,,,47.66,,,,,,
,,,,47.68,,,,,,
,,,,47.69,,,,,,
,,,,47.7,,,,,,
,,,,47.71,,,,,,
,,,,47.73,,,,,,
,,,,47.73,,,,,,
,,,,47.74,,,,,,
,,,,47.74,,,,,,
,,,,47.75,,,,,,
,,,,47.74,,,,,,
,,,,47.73,,,,,,
,,,,47.74,,,,,,
,,,,47.75,,,,,,
,,,,47.77,,,,,,
,,,,47.78,,,,,,
,,,,47.78,,,,,,
,,,,47.78,,,,,,
,,,,47.8,,,,,,
,,,,47.82,,,,,,
,,,,47.83,,,,,,
,,,,47.85,,,,,,
,,,,47.86,,,,,,
,,,,47.87,,,,,,
,,,,47.87,,,,,,
,,,,47.88,,,,,,
,,,,47.88,,,,,,
,,,,47.88,,,,,,
,,,,47.88,,,,,,
,,,,47.88,,,,,,
,,,,47.89,,,,,,
,,,,47.9,,,,,,
,,,,47.91,,,,,,
,,,,47.91,,,,,,
,,,,47.91,,,,,,
,,,,47.91,,,,,,
,,,,47.93,,,,,,
,,,,47.94,,,,,,
,,,,47.95,,,,,,
,,,,47.95,,,,,,
,,,,47.96,,,,,,
,,,,47.97,,,,,,
