KalmanPitch,KalmanRoll,,,,,
82.26,142.34,,,,,
82.28,142.37,,,,,
82.29,142.41,,,,,
82.31,142.46,,,71.56,,1.06
82.33,142.5,,,84.63,,143.92
82.35,142.54,,,,,
82.36,142.58,,,,,
82.38,142.63,,,,,
82.39,142.67,,,,,
82.41,142.7,,,,,
82.43,142.73,,,,,
82.45,142.77,,,,,
82.47,142.81,,,,,
82.49,142.84,,,,,
82.51,142.88,,,,,
82.53,142.92,,,,,
82.56,142.96,,,,,
82.58,143.01,,,,,
82.61,143.07,,,,,
82.64,143.11,,,,,
82.66,143.15,,,,,
82.69,143.2,,,,,
82.71,143.25,,,,,
82.74,143.3,,,,,
82.76,143.36,,,,,
82.78,143.41,,,,,
82.8,143.46,,,,,
82.82,143.51,,,,,
82.84,143.56,,,,,
82.86,143.61,,,,,
82.88,143.65,,,,,
82.9,143.69,,,,,
82.92,143.73,,,,,
82.95,143.77,,,,,
82.98,143.78,,,,,
83,143.8,,,,,
83.03,143.82,,,,,
83.06,143.86,,,,,
83.09,143.89,,,,,
83.12,143.92,,,,,
83.11,143.68,,,,,
83,143.4,,,,,
82.95,143.19,,,,,
82.92,143.07,,,,,
82.91,141.53,,,,,
82.89,140.13,,,,,
82.84,138.84,,,,,
82.8,137.56,,,,,
82.77,136.25,,,,,
82.77,134.86,,,,,
82.81,133.52,,,,,
82.83,131.93,,,,,
82.85,130.3,,,,,
82.86,130.48,,,,,
82.87,130.64,,,,,
82.87,130.79,,,,,
82.88,130.91,,,,,
82.89,131,,,,,
82.91,131.08,,,,,
82.93,131.15,,,,,
82.95,131.2,,,,,
82.98,131.24,,,,,
83,131.3,,,,,
83.03,131.36,,,,,
83.05,131.41,,,,,
83.08,131.46,,,,,
83.1,131.51,,,,,
83.13,131.55,,,,,
83.15,131.6,,,,,
83.17,131.69,,,,,
83.2,131.81,,,,,
83.22,131.93,,,,,
83.24,132.05,,,,,
83.25,132.16,,,,,
83.27,132.28,,,,,
83.28,132.41,,,,,
83.29,132.54,,,,,
83.29,132.66,,,,,
83.3,132.8,,,,,
83.3,132.94,,,,,
83.3,133.08,,,,,
83.3,133.21,,,,,
83.3,133.33,,,,,
83.3,133.45,,,,,
83.3,133.57,,,,,
83.31,133.68,,,,,
83.32,133.79,,,,,
83.33,133.91,,,,,
83.33,134,,,,,
83.34,134.08,,,,,
83.35,134.15,,,,,
83.36,134.22,,,,,
83.36,134.29,,,,,
83.37,134.35,,,,,
83.38,134.44,,,,,
83.38,134.52,,,,,
83.39,134.59,,,,,
83.39,134.68,,,,,
83.4,134.78,,,,,
83.41,134.88,,,,,
83.41,134.98,,,,,
83.42,135.09,,,,,
83.43,135.21,,,,,
83.44,135.31,,,,,
83.45,135.42,,,,,
83.45,135.54,,,,,
83.47,135.65,,,,,
83.48,135.76,,,,,
83.49,135.85,,,,,
83.5,135.93,,,,,
83.51,135.35,,,,,
83.16,135.58,,,,,
82.82,135.75,,,,,
82.63,135.88,,,,,
82.53,135.91,,,,,
82.44,135.96,,,,,
82.38,136.03,,,,,
82.36,136.05,,,,,
82.37,136.05,,,,,
82.4,136.12,,,,,
82.42,136.22,,,,,
82.43,136.13,,,,,
82.43,136.03,,,,,
82.44,136.06,,,,,
82.45,136.18,,,,,
82.46,136.25,,,,,
82.5,136.31,,,,,
82.57,136.39,,,,,
82.66,136.44,,,,,
82.79,136.45,,,,,
82.98,136.44,,,,,
83.2,136.57,,,,,
83.4,136.67,,,,,
83.6,136.58,,,,,
83.76,136.56,,,,,
83.85,136.61,,,,,
83.92,136.67,,,,,
83.95,136.74,,,,,
83.96,136.83,,,,,
83.96,136.91,,,,,
83.96,136.99,,,,,
83.96,137.07,,,,,
83.96,137.14,,,,,
83.98,137.22,,,,,
83.99,137.28,,,,,
84.01,137.34,,,,,
84.02,137.4,,,,,
84.02,137.44,,,,,
84.03,137.49,,,,,
84.03,137.54,,,,,
84.02,137.62,,,,,
84.01,137.71,,,,,
84.01,137.74,,,,,
84.01,137.93,,,,,
84.07,138.14,,,,,
84.15,137.92,,,,,
84.15,137.99,,,,,
84.15,136.31,,,,,
84.08,136.44,,,,,
83.95,136.56,,,,,
83.85,136.39,,,,,
83.73,134.71,,,,,
83.66,134.74,,,,,
83.59,134.72,,,,,
83.55,134.3,,,,,
83.53,133.92,,,,,
83.54,133.75,,,,,
83.55,133.67,,,,,
83.57,133.59,,,,,
83.58,133.54,,,,,
83.59,133.53,,,,,
83.6,133.57,,,,,
83.61,133.6,,,,,
83.62,133.62,,,,,
83.63,133.62,,,,,
83.63,133.63,,,,,
83.64,133.77,,,,,
83.65,132.13,,,,,
83.66,132.35,,,,,
83.69,132.37,,,,,
83.71,132.15,,,,,
83.77,131.98,,,,,
83.86,131.84,,,,,
83.98,131.93,,,,,
84.1,130.37,,,,,
84.19,128.96,,,,,
84.27,129.23,,,,,
84.32,129.43,,,,,
84.35,129.71,,,,,
84.39,129.89,,,,,
84.43,130.04,,,,,
84.48,130.26,,,,,
84.51,130.46,,,,,
84.53,130.72,,,,,
84.55,130.85,,,,,
84.56,130.94,,,,,
84.56,131.03,,,,,
84.57,131.03,,,,,
84.56,130.89,,,,,
84.56,130.78,,,,,
84.55,130.59,,,,,
84.55,130.51,,,,,
84.54,130.31,,,,,
84.52,130.07,,,,,
84.52,129.88,,,,,
84.52,129.71,,,,,
84.52,129.45,,,,,
84.53,129.19,,,,,
84.55,128.9,,,,,
84.58,128.86,,,,,
84.61,128.8,,,,,
84.62,128.59,,,,,
84.63,128.67,,,,,
84.53,128.77,,,,,
84.44,128.9,,,,,
84.36,129.06,,,,,
84.29,129.15,,,,,
84.24,129.27,,,,,
84.19,129.37,,,,,
84.14,129.45,,,,,
84.09,129.52,,,,,
84.05,129.6,,,,,
84.02,129.69,,,,,
83.99,129.79,,,,,
83.96,129.89,,,,,
83.92,130.01,,,,,
83.88,130.16,,,,,
83.85,130.34,,,,,
83.8,130.55,,,,,
83.75,130.76,,,,,
83.69,131,,,,,
83.62,131.27,,,,,
83.54,131.56,,,,,
83.47,131.87,,,,,
83.41,132.19,,,,,
83.34,132.51,,,,,
83.27,132.87,,,,,
83.22,133.24,,,,,
83.18,131.71,,,,,
83.14,130.2,,,,,
83.1,128.73,,,,,
83.06,127.26,,,,,
83.02,125.81,,,,,
82.98,124.4,,,,,
82.94,123,,,,,
82.89,121.63,,,,,
82.85,120.32,,,,,
82.81,118.97,,,,,
82.76,117.67,,,,,
82.73,116.38,,,,,
82.69,115.1,,,,,
82.67,113.89,,,,,
82.65,112.72,,,,,
82.63,111.64,,,,,
82.62,110.7,,,,,
82.59,109.83,,,,,
82.55,109.05,,,,,
82.51,108.31,,,,,
82.47,107.55,,,,,
82.43,106.77,,,,,
82.41,105.97,,,,,
82.38,105.16,,,,,
82.35,104.33,,,,,
82.32,103.48,,,,,
82.29,102.58,,,,,
82.27,101.67,,,,,
82.24,100.73,,,,,
82.23,99.78,,,,,
82.21,98.81,,,,,
82.2,97.84,,,,,
82.2,96.91,,,,,
82.2,96.02,,,,,
82.2,95.16,,,,,
82.19,94.3,,,,,
82.2,93.44,,,,,
82.2,92.61,,,,,
82.2,91.75,,,,,
82.2,90.9,,,,,
82.21,90.07,,,,,
82.22,89.27,,,,,
82.22,88.42,,,,,
82.23,87.63,,,,,
82.24,86.85,,,,,
82.25,86.1,,,,,
82.27,85.4,,,,,
82.28,84.66,,,,,
82.31,83.93,,,,,
82.34,83.41,,,,,
82.37,83,,,,,
82.38,82.66,,,,,
82.39,82.36,,,,,
82.39,82.04,,,,,
82.39,81.69,,,,,
82.39,81.33,,,,,
82.38,80.93,,,,,
82.37,80.5,,,,,
82.35,80.1,,,,,
82.33,79.65,,,,,
82.29,79.18,,,,,
82.26,78.73,,,,,
82.24,78.32,,,,,
82.19,77.88,,,,,
82.16,77.44,,,,,
82.12,77.05,,,,,
82.1,76.66,,,,,
82.07,76.27,,,,,
82.04,75.9,,,,,
82.02,75.59,,,,,
81.99,75.36,,,,,
81.95,75.14,,,,,
81.91,74.99,,,,,
81.88,74.8,,,,,
81.85,74.57,,,,,
81.84,74.33,,,,,
81.82,74.03,,,,,
81.8,73.72,,,,,
81.78,73.4,,,,,
81.77,73.12,,,,,
81.76,72.86,,,,,
81.72,72.72,,,,,
81.69,72.65,,,,,
81.65,72.61,,,,,
81.61,72.56,,,,,
81.58,72.52,,,,,
81.54,72.48,,,,,
81.5,72.45,,,,,
81.47,72.43,,,,,
81.44,72.4,,,,,
81.4,72.42,,,,,
81.36,72.44,,,,,
81.33,72.46,,,,,
81.29,72.5,,,,,
81.26,72.55,,,,,
81.23,72.62,,,,,
81.19,72.69,,,,,
81.15,72.83,,,,,
81.1,72.95,,,,,
81.05,73.08,,,,,
81,73.24,,,,,
80.94,73.41,,,,,
80.89,73.59,,,,,
80.84,73.8,,,,,
80.81,74.03,,,,,
80.77,74.27,,,,,
80.72,74.54,,,,,
80.69,74.82,,,,,
80.65,75.1,,,,,
80.61,75.4,,,,,
80.59,75.73,,,,,
80.57,76.05,,,,,
80.55,76.36,,,,,
80.53,76.71,,,,,
80.51,77.06,,,,,
80.49,77.48,,,,,
80.46,77.89,,,,,
80.44,78.32,,,,,
80.42,78.76,,,,,
80.4,79.22,,,,,
80.38,79.69,,,,,
80.35,80.16,,,,,
80.32,80.64,,,,,
80.29,81.11,,,,,
80.24,81.61,,,,,
80.2,82.1,,,,,
80.14,82.61,,,,,
80.09,83.12,,,,,
80.05,83.67,,,,,
80.01,84.22,,,,,
79.98,84.76,,,,,
79.96,85.36,,,,,
79.93,85.96,,,,,
79.89,86.54,,,,,
79.84,87.08,,,,,
79.78,87.63,,,,,
79.71,88.16,,,,,
79.66,88.72,,,,,
79.62,89.33,,,,,
79.57,89.95,,,,,
79.53,90.58,,,,,
79.49,91.2,,,,,
79.45,89.93,,,,,
79.42,88.7,,,,,
79.39,87.46,,,,,
79.36,86.28,,,,,
79.34,85.1,,,,,
79.32,83.94,,,,,
79.29,82.79,,,,,
79.26,81.63,,,,,
79.23,80.47,,,,,
79.21,79.31,,,,,
79.19,78.18,,,,,
79.16,77.06,,,,,
79.13,75.97,,,,,
79.1,74.9,,,,,
79.09,73.83,,,,,
79.06,72.8,,,,,
79.04,71.74,,,,,
79.02,70.75,,,,,
79.01,69.81,,,,,
78.99,68.95,,,,,
78.97,68.13,,,,,
78.94,67.34,,,,,
78.91,66.57,,,,,
78.87,65.78,,,,,
78.84,65.02,,,,,
78.81,64.24,,,,,
78.77,63.47,,,,,
78.74,62.7,,,,,
78.72,61.92,,,,,
78.7,61.15,,,,,
78.67,60.4,,,,,
78.66,59.65,,,,,
78.65,58.94,,,,,
78.64,58.24,,,,,
78.63,57.54,,,,,
78.63,56.88,,,,,
78.63,56.23,,,,,
78.61,55.58,,,,,
78.6,54.99,,,,,
78.58,54.38,,,,,
78.56,53.77,,,,,
78.55,53.16,,,,,
78.54,52.54,,,,,
78.53,51.92,,,,,
78.53,51.27,,,,,
78.53,50.64,,,,,
78.53,49.96,,,,,
78.54,49.38,,,,,
78.56,48.79,,,,,
78.57,48.11,,,,,
78.58,47.5,,,,,
78.58,46.95,,,,,
78.59,46.41,,,,,
78.6,45.84,,,,,
78.61,45.39,,,,,
78.62,44.94,,,,,
78.61,44.56,,,,,
78.6,44.16,,,,,
78.59,43.75,,,,,
78.57,43.33,,,,,
78.55,42.93,,,,,
78.51,42.54,,,,,
78.48,42.1,,,,,
78.43,41.68,,,,,
78.38,41.22,,,,,
78.32,40.78,,,,,
78.27,40.34,,,,,
78.22,39.95,,,,,
78.19,39.58,,,,,
78.16,39.23,,,,,
78.13,38.93,,,,,
78.1,38.64,,,,,
78.06,38.36,,,,,
78.04,38.11,,,,,
78,37.88,,,,,
77.97,37.71,,,,,
77.94,37.54,,,,,
77.9,37.4,,,,,
77.88,37.29,,,,,
77.85,37.19,,,,,
77.83,37.07,,,,,
77.81,36.98,,,,,
77.79,36.87,,,,,
77.77,36.82,,,,,
77.74,36.8,,,,,
77.72,36.83,,,,,
77.69,36.88,,,,,
77.67,36.96,,,,,
77.65,37.09,,,,,
77.63,37.21,,,,,
77.6,37.35,,,,,
77.58,37.52,,,,,
77.55,37.71,,,,,
77.51,37.93,,,,,
77.47,38.15,,,,,
77.42,38.39,,,,,
77.38,38.65,,,,,
77.34,38.93,,,,,
77.3,39.19,,,,,
77.26,39.48,,,,,
77.23,39.73,,,,,
77.2,40.01,,,,,
77.18,40.28,,,,,
77.15,40.57,,,,,
77.13,40.88,,,,,
77.12,41.24,,,,,
77.11,41.61,,,,,
77.1,42,,,,,
77.08,42.41,,,,,
77.08,42.82,,,,,
77.06,43.25,,,,,
77.05,43.7,,,,,
77.04,44.14,,,,,
77.02,44.61,,,,,
77,45.06,,,,,
76.98,45.53,,,,,
76.97,46,,,,,
76.95,46.5,,,,,
76.93,46.98,,,,,
76.92,47.49,,,,,
76.89,48,,,,,
76.87,48.53,,,,,
76.84,49.09,,,,,
76.81,49.66,,,,,
76.78,50.25,,,,,
76.76,50.83,,,,,
76.75,51.48,,,,,
76.73,52.12,,,,,
76.71,52.77,,,,,
76.69,53.46,,,,,
76.66,54.13,,,,,
76.63,54.81,,,,,
76.59,55.51,,,,,
76.55,56.2,,,,,
76.52,56.89,,,,,
76.48,57.58,,,,,
76.45,58.24,,,,,
76.42,58.9,,,,,
76.4,59.6,,,,,
76.4,60.34,,,,,
76.37,59.17,,,,,
76.36,59.88,,,,,
76.33,60.59,,,,,
76.3,61.31,,,,,
76.27,62.01,,,,,
76.24,62.75,,,,,
76.19,63.49,,,,,
76.15,64.25,,,,,
76.11,63.12,,,,,
76.08,62.01,,,,,
76.06,60.92,,,,,
76.03,59.85,,,,,
76.01,58.83,,,,,
75.99,57.8,,,,,
75.98,56.81,,,,,
75.96,55.84,,,,,
75.95,54.88,,,,,
75.94,53.93,,,,,
75.92,52.98,,,,,
75.89,52,,,,,
75.88,51,,,,,
75.87,50.03,,,,,
75.87,49.07,,,,,
75.86,48.09,,,,,
75.85,47.12,,,,,
75.85,46.19,,,,,
75.85,45.27,,,,,
75.86,44.41,,,,,
75.86,43.54,,,,,
75.87,42.71,,,,,
75.87,41.93,,,,,
75.86,41.18,,,,,
75.86,40.48,,,,,
75.85,39.78,,,,,
75.84,39.14,,,,,
75.83,38.54,,,,,
75.82,37.94,,,,,
75.81,37.33,,,,,
75.81,36.72,,,,,
75.81,36.12,,,,,
75.82,35.5,,,,,
75.83,34.92,,,,,
75.83,34.35,,,,,
75.83,33.75,,,,,
75.83,33.14,,,,,
75.85,32.55,,,,,
75.86,31.91,,,,,
75.88,31.31,,,,,
75.9,30.74,,,,,
75.92,30.17,,,,,
75.95,29.55,,,,,
75.97,28.98,,,,,
76.02,28.43,,,,,
76.05,27.91,,,,,
76.09,27.45,,,,,
76.12,26.96,,,,,
76.16,26.57,,,,,
76.19,26.16,,,,,
76.24,25.76,,,,,
76.29,25.44,,,,,
76.33,25.08,,,,,
76.36,24.69,,,,,
76.39,24.32,,,,,
76.41,24.04,,,,,
76.43,23.74,,,,,
76.44,23.47,,,,,
76.45,23.26,,,,,
76.44,23.01,,,,,
76.43,22.74,,,,,
76.4,22.48,,,,,
76.36,22.21,,,,,
76.32,21.91,,,,,
76.28,21.58,,,,,
76.25,21.27,,,,,
76.24,20.94,,,,,
76.24,20.71,,,,,
76.26,20.49,,,,,
76.28,20.3,,,,,
76.29,20.16,,,,,
76.3,20.03,,,,,
76.31,19.9,,,,,
76.3,19.77,,,,,
76.29,19.64,,,,,
76.27,19.53,,,,,
76.25,19.45,,,,,
76.23,19.36,,,,,
76.21,19.27,,,,,
76.19,19.19,,,,,
76.16,19.07,,,,,
76.13,18.94,,,,,
76.09,18.84,,,,,
76.06,18.77,,,,,
76.03,18.75,,,,,
76.01,18.82,,,,,
75.98,18.91,,,,,
75.95,19.03,,,,,
75.92,19.16,,,,,
75.89,19.27,,,,,
75.87,19.41,,,,,
75.85,19.5,,,,,
75.84,19.62,,,,,
75.83,19.74,,,,,
75.81,19.87,,,,,
75.79,20.05,,,,,
75.77,20.24,,,,,
75.76,20.48,,,,,
75.75,20.71,,,,,
75.74,20.94,,,,,
75.75,21.14,,,,,
75.76,21.36,,,,,
75.77,21.56,,,,,
75.78,21.8,,,,,
75.8,22.08,,,,,
75.81,22.35,,,,,
75.8,22.65,,,,,
75.8,22.99,,,,,
75.79,23.33,,,,,
75.78,23.68,,,,,
75.77,24.04,,,,,
75.76,24.39,,,,,
75.74,24.78,,,,,
75.73,25.19,,,,,
75.72,25.64,,,,,
75.71,26.11,,,,,
75.71,26.57,,,,,
75.7,27.07,,,,,
75.69,27.57,,,,,
75.68,28.08,,,,,
75.67,28.58,,,,,
75.67,29.11,,,,,
75.66,29.68,,,,,
75.67,30.22,,,,,
75.67,30.77,,,,,
75.68,31.34,,,,,
75.69,31.92,,,,,
75.69,32.53,,,,,
75.69,33.13,,,,,
75.69,33.76,,,,,
75.69,34.39,,,,,
75.68,35.03,,,,,
75.67,35.67,,,,,
75.66,36.34,,,,,
75.65,37.02,,,,,
75.63,37.71,,,,,
75.6,38.38,,,,,
75.58,39.07,,,,,
75.54,39.78,,,,,
75.5,40.49,,,,,
75.46,41.23,,,,,
75.41,41.96,,,,,
75.36,42.71,,,,,
75.31,43.45,,,,,
75.25,44.22,,,,,
75.21,44.98,,,,,
75.17,45.77,,,,,
75.12,46.57,,,,,
75.09,47.35,,,,,
75.06,48.17,,,,,
75.03,49.01,,,,,
75,47.95,,,,,
74.96,48.79,,,,,
74.92,49.63,,,,,
74.87,50.46,,,,,
74.82,51.31,,,,,
74.78,52.15,,,,,
74.74,51.12,,,,,
74.7,50.11,,,,,
74.68,49.12,,,,,
74.64,48.17,,,,,
74.6,47.21,,,,,
74.58,46.27,,,,,
74.55,45.34,,,,,
74.54,44.44,,,,,
74.52,43.56,,,,,
74.51,42.7,,,,,
74.51,41.89,,,,,
74.5,41.08,,,,,
74.52,40.31,,,,,
74.53,39.52,,,,,
74.54,38.73,,,,,
74.54,37.96,,,,,
74.54,37.16,,,,,
74.55,36.38,,,,,
74.56,35.6,,,,,
74.56,34.83,,,,,
74.56,34.06,,,,,
74.56,33.33,,,,,
74.56,32.62,,,,,
74.56,31.96,,,,,
74.57,31.29,,,,,
74.59,30.64,,,,,
74.6,29.95,,,,,
74.62,29.28,,,,,
74.63,28.59,,,,,
74.65,27.89,,,,,
74.66,27.2,,,,,
74.68,26.54,,,,,
74.71,25.89,,,,,
74.74,25.3,,,,,
74.76,24.71,,,,,
74.8,24.18,,,,,
74.82,23.66,,,,,
74.84,23.17,,,,,
74.87,22.67,,,,,
74.9,22.23,,,,,
74.92,21.77,,,,,
74.93,21.29,,,,,
74.95,20.82,,,,,
74.99,20.36,,,,,
75.02,19.91,,,,,
75.07,19.43,,,,,
75.12,19,,,,,
75.16,18.6,,,,,
75.19,18.23,,,,,
75.22,17.88,,,,,
75.25,17.58,,,,,
75.27,17.29,,,,,
75.28,17.09,,,,,
75.3,16.82,,,,,
75.33,16.55,,,,,
75.35,16.3,,,,,
75.37,16.09,,,,,
75.39,15.88,,,,,
75.4,15.7,,,,,
75.41,15.5,,,,,
75.42,15.32,,,,,
75.43,15.16,,,,,
75.43,15,,,,,
75.44,14.83,,,,,
75.44,14.66,,,,,
75.43,14.49,,,,,
75.44,14.31,,,,,
75.44,14.17,,,,,
75.45,14.01,,,,,
75.45,13.86,,,,,
75.46,13.74,,,,,
75.47,13.6,,,,,
75.49,13.57,,,,,
75.5,13.55,,,,,
75.51,13.51,,,,,
75.51,13.47,,,,,
75.52,13.47,,,,,
75.53,13.47,,,,,
75.53,13.45,,,,,
75.53,13.43,,,,,
75.52,13.43,,,,,
75.51,13.4,,,,,
75.48,13.39,,,,,
75.46,13.37,,,,,
75.42,13.33,,,,,
75.39,13.32,,,,,
75.36,13.29,,,,,
75.34,13.28,,,,,
75.31,13.25,,,,,
75.29,13.23,,,,,
75.27,13.26,,,,,
75.26,13.28,,,,,
75.24,13.32,,,,,
75.22,13.37,,,,,
75.2,13.42,,,,,
75.18,13.52,,,,,
75.15,13.61,,,,,
75.12,13.71,,,,,
75.09,13.79,,,,,
75.08,13.9,,,,,
75.07,14.04,,,,,
75.06,14.17,,,,,
75.05,14.33,,,,,
75.04,14.48,,,,,
75.03,14.62,,,,,
75.03,14.78,,,,,
75.02,14.93,,,,,
75.01,15.09,,,,,
75,15.28,,,,,
75,15.48,,,,,
75.01,15.71,,,,,
75.02,15.94,,,,,
75.04,16.19,,,,,
75.06,16.45,,,,,
75.07,16.72,,,,,
75.09,17,,,,,
75.08,17.27,,,,,
75.07,17.56,,,,,
75.06,17.89,,,,,
75.04,18.23,,,,,
75.02,18.61,,,,,
75,18.99,,,,,
74.98,19.38,,,,,
74.95,19.81,,,,,
74.91,20.23,,,,,
74.87,20.7,,,,,
74.83,21.18,,,,,
74.79,21.7,,,,,
74.74,22.24,,,,,
74.71,22.79,,,,,
74.68,23.37,,,,,
74.64,23.96,,,,,
74.61,24.57,,,,,
74.56,25.21,,,,,
74.52,25.87,,,,,
74.47,26.53,,,,,
74.42,27.24,,,,,
74.37,27.96,,,,,
74.32,28.69,,,,,
74.28,29.45,,,,,
74.23,30.22,,,,,
74.17,31.01,,,,,
74.11,31.77,,,,,
74.05,32.55,,,,,
73.99,33.37,,,,,
73.93,34.18,,,,,
73.88,35.01,,,,,
73.82,35.83,,,,,
73.77,36.65,,,,,
73.72,37.48,,,,,
73.66,38.31,,,,,
73.6,39.15,,,,,
73.55,40.01,,,,,
73.5,40.89,,,,,
73.46,41.79,,,,,
73.42,42.7,,,,,
73.38,43.6,,,,,
73.36,42.62,,,,,
73.33,43.54,,,,,
73.31,42.58,,,,,
73.28,41.62,,,,,
73.26,40.72,,,,,
73.24,39.82,,,,,
73.22,38.95,,,,,
73.19,38.07,,,,,
73.15,37.2,,,,,
73.13,36.38,,,,,
73.09,35.54,,,,,
73.07,34.76,,,,,
73.05,34.02,,,,,
73.03,33.3,,,,,
73.02,32.58,,,,,
73.02,31.86,,,,,
73.01,31.15,,,,,
73.01,30.42,,,,,
73.01,29.73,,,,,
73.02,29.07,,,,,
73.03,28.41,,,,,
73.04,27.79,,,,,
73.05,27.18,,,,,
73.07,26.59,,,,,
73.07,26,,,,,
73.08,25.43,,,,,
73.07,24.89,,,,,
73.06,24.34,,,,,
73.05,23.8,,,,,
73.04,23.28,,,,,
73.03,22.72,,,,,
73.03,22.19,,,,,
73.03,21.71,,,,,
73.03,21.24,,,,,
73.03,20.74,,,,,
73.03,20.31,,,,,
73.03,19.83,,,,,
73.03,19.39,,,,,
73.05,18.98,,,,,
73.06,18.58,,,,,
73.07,18.14,,,,,
73.08,17.74,,,,,
73.1,17.34,,,,,
73.12,16.96,,,,,
73.13,16.55,,,,,
73.14,16.16,,,,,
73.16,15.76,,,,,
73.18,15.36,,,,,
73.21,14.95,,,,,
73.25,14.56,,,,,
73.28,14.17,,,,,
73.33,13.8,,,,,
73.37,13.41,,,,,
73.41,13.02,,,,,
73.45,12.7,,,,,
73.51,12.45,,,,,
73.55,12.2,,,,,
73.59,11.93,,,,,
73.63,11.72,,,,,
73.68,11.56,,,,,
73.72,11.45,,,,,
73.75,11.29,,,,,
73.78,11.15,,,,,
73.79,11.01,,,,,
73.78,10.87,,,,,
73.79,10.74,,,,,
73.78,10.58,,,,,
73.77,10.43,,,,,
73.76,10.26,,,,,
73.76,10.1,,,,,
73.75,9.96,,,,,
73.76,9.83,,,,,
73.76,9.69,,,,,
73.77,9.57,,,,,
73.79,9.53,,,,,
73.8,9.46,,,,,
73.81,9.39,,,,,
73.8,9.34,,,,,
73.79,9.3,,,,,
73.77,9.25,,,,,
73.75,9.18,,,,,
73.73,9.1,,,,,
73.69,9.05,,,,,
73.67,9.01,,,,,
73.64,8.96,,,,,
73.62,8.91,,,,,
73.59,8.87,,,,,
73.56,8.86,,,,,
73.55,8.83,,,,,
73.53,8.82,,,,,
73.51,8.83,,,,,
73.49,8.83,,,,,
73.46,8.83,,,,,
73.43,8.86,,,,,
73.4,8.87,,,,,
73.36,8.89,,,,,
73.33,8.92,,,,,
73.29,8.95,,,,,
73.25,8.99,,,,,
73.22,9.04,,,,,
73.19,9.11,,,,,
73.15,9.2,,,,,
73.12,9.33,,,,,
73.08,9.48,,,,,
73.04,9.67,,,,,
73,9.9,,,,,
72.96,10.15,,,,,
72.91,10.42,,,,,
72.87,10.72,,,,,
72.84,11.03,,,,,
72.82,11.36,,,,,
72.82,11.66,,,,,
72.83,11.97,,,,,
72.85,12.26,,,,,
72.87,12.54,,,,,
72.89,12.83,,,,,
72.91,13.13,,,,,
72.92,13.42,,,,,
72.94,13.73,,,,,
72.94,14.08,,,,,
72.94,14.48,,,,,
72.92,14.89,,,,,
72.9,15.34,,,,,
72.87,15.84,,,,,
72.85,16.32,,,,,
72.81,16.85,,,,,
72.77,17.38,,,,,
72.73,17.93,,,,,
72.69,18.51,,,,,
72.65,19.1,,,,,
72.61,19.72,,,,,
72.57,20.34,,,,,
72.54,21,,,,,
72.51,21.65,,,,,
72.48,22.32,,,,,
72.45,23,,,,,
72.42,23.69,,,,,
72.38,24.38,,,,,
72.34,25.1,,,,,
72.3,25.84,,,,,
72.25,26.6,,,,,
72.21,27.36,,,,,
72.16,28.15,,,,,
72.11,28.95,,,,,
72.07,29.77,,,,,
72.02,30.63,,,,,
71.99,31.48,,,,,
71.95,32.35,,,,,
71.92,33.24,,,,,
71.9,32.28,,,,,
71.89,31.36,,,,,
71.87,30.43,,,,,
71.84,29.49,,,,,
71.8,28.57,,,,,
71.77,27.68,,,,,
71.75,26.8,,,,,
71.73,25.98,,,,,
71.7,25.13,,,,,
71.69,24.31,,,,,
71.66,23.5,,,,,
71.65,22.72,,,,,
71.64,21.94,,,,,
71.62,21.16,,,,,
71.6,20.41,,,,,
71.59,19.68,,,,,
71.58,19,,,,,
71.57,18.32,,,,,
71.57,17.68,,,,,
71.57,17.07,,,,,
71.57,16.48,,,,,
71.57,15.91,,,,,
71.58,15.37,,,,,
71.58,14.84,,,,,
71.58,14.33,,,,,
71.57,13.81,,,,,
71.57,13.34,,,,,
71.56,12.9,,,,,
71.56,12.51,,,,,
71.57,12.13,,,,,
71.57,11.76,,,,,
71.59,11.39,,,,,
71.61,11.03,,,,,
71.63,10.68,,,,,
71.65,10.37,,,,,
71.67,10.12,,,,,
71.68,9.87,,,,,
71.7,9.66,,,,,
71.72,9.46,,,,,
71.75,9.3,,,,,
71.78,9.14,,,,,
71.82,8.98,,,,,
71.87,8.83,,,,,
71.92,8.66,,,,,
71.97,8.5,,,,,
72.03,8.32,,,,,
72.1,8.18,,,,,
72.17,7.98,,,,,
72.25,7.88,,,,,
72.33,7.82,,,,,
72.41,7.81,,,,,
72.5,7.72,,,,,
72.59,7.87,,,,,
72.67,8.06,,,,,
72.74,8.3,,,,,
72.81,8.56,,,,,
72.87,8.87,,,,,
72.92,9.23,,,,,
72.95,9.53,,,,,
72.98,9.84,,,,,
73.01,10.18,,,,,
73.03,10.5,,,,,
73.05,10.82,,,,,
73.05,11.12,,,,,
73.06,11.43,,,,,
73.05,11.7,,,,,
73.04,12.01,,,,,
73.03,12.32,,,,,
73.02,12.64,,,,,
73,12.93,,,,,
72.98,13.22,,,,,
72.95,13.49,,,,,
72.93,13.81,,,,,
72.9,14.02,,,,,
72.87,14.25,,,,,
72.84,14.49,,,,,
72.83,14.66,,,,,
72.82,14.82,,,,,
72.84,14.93,,,,,
72.9,15,,,,,
73,14.02,,,,,
73.06,13.13,,,,,
73.15,12.08,,,,,
73.23,12.75,,,,,
73.32,11.85,,,,,
73.41,12.59,,,,,
73.48,13.35,,,,,
73.55,14.09,,,,,
73.62,14.84,,,,,
73.68,15.56,,,,,
73.75,16.25,,,,,
73.81,17,,,,,
73.88,17.73,,,,,
73.94,18.1,,,,,
73.98,18.59,,,,,
74.03,18.83,,,,,
74.08,19.21,,,,,
74.12,19.49,,,,,
74.17,19.71,,,,,
74.23,19.94,,,,,
74.3,20.24,,,,,
74.36,20.51,,,,,
74.4,20.74,,,,,
74.45,20.96,,,,,
74.48,21.2,,,,,
74.5,21.37,,,,,
74.52,21.67,,,,,
74.54,22.13,,,,,
74.54,22.58,,,,,
74.55,23.03,,,,,
74.58,23.46,,,,,
74.6,22.18,,,,,
74.53,20.79,,,,,
74.51,19.26,,,,,
74.48,17.64,,,,,
74.47,16.08,,,,,
74.47,14.65,,,,,
74.49,13.32,,,,,
74.53,12.06,,,,,
74.59,10.84,,,,,
74.65,9.66,,,,,
74.71,8.48,,,,,
74.77,7.29,,,,,
74.83,6.13,,,,,
74.9,5.04,,,,,
74.96,3.85,,,,,
75.02,4.55,,,,,
75.1,3.5,,,,,
75.17,2.61,,,,,
75.24,1.77,,,,,
75.3,1.06,,,,,
75.36,1.97,,,,,
75.42,2.75,,,,,
75.47,3.53,,,,,
75.52,4.34,,,,,
75.58,5.13,,,,,
75.63,5.91,,,,,
75.68,6.69,,,,,
75.73,7.47,,,,,
75.78,8.25,,,,,
75.83,9.02,,,,,
75.88,9.79,,,,,
75.93,10.54,,,,,
75.98,11.29,,,,,
76.03,12.04,,,,,
76.08,12.79,,,,,
76.13,13.53,,,,,
76.18,14.28,,,,,
76.23,15.02,,,,,
76.28,15.75,,,,,
76.33,16.48,,,,,
76.38,17.21,,,,,
76.42,17.92,,,,,
76.47,18.64,,,,,
76.52,19.35,,,,,
76.57,20.06,,,,,
76.61,20.77,,,,,
76.66,21.47,,,,,
76.71,22.17,,,,,
76.75,22.87,,,,,
76.8,23.57,,,,,
76.84,24.26,,,,,
76.89,24.95,,,,,
76.93,25.63,,,,,
76.98,26.3,,,,,
77.02,26.98,,,,,
77.07,27.64,,,,,
77.11,28.3,,,,,
77.16,28.96,,,,,
77.2,29.62,,,,,
77.24,30.27,,,,,
77.29,30.93,,,,,
77.33,31.57,,,,,
77.37,32.22,,,,,
77.42,32.86,,,,,
77.46,33.5,,,,,
77.5,34.14,,,,,
77.54,34.77,,,,,
77.58,35.4,,,,,
77.63,36.02,,,,,
77.67,36.64,,,,,
77.71,37.25,,,,,
77.75,37.87,,,,,
77.79,38.49,,,,,
77.83,39.1,,,,,
77.87,39.7,,,,,
77.91,40.3,,,,,
77.95,40.89,,,,,
77.99,41.49,,,,,
78.03,42.09,,,,,
78.07,42.67,,,,,
78.11,43.25,,,,,
78.15,43.83,,,,,
78.19,44.42,,,,,
78.23,44.99,,,,,
78.27,45.57,,,,,
78.3,46.14,,,,,
78.34,46.71,,,,,
78.38,47.27,,,,,
78.42,47.84,,,,,
78.45,48.4,,,,,
78.49,48.96,,,,,
78.53,49.52,,,,,
78.56,50.08,,,,,
78.6,50.62,,,,,
78.64,51.17,,,,,
78.67,51.71,,,,,
78.71,52.26,,,,,
78.74,52.8,,,,,
78.78,53.34,,,,,
78.81,53.86,,,,,
78.85,54.38,,,,,
78.88,54.91,,,,,
78.92,55.44,,,,,
78.95,55.96,,,,,
78.98,56.48,,,,,
79.02,56.98,,,,,
79.05,57.49,,,,,
79.09,58,,,,,
79.12,58.5,,,,,
79.16,59,,,,,
79.19,59.5,,,,,
79.22,60,,,,,
79.26,60.49,,,,,
79.29,60.98,,,,,
79.32,61.47,,,,,
79.35,61.96,,,,,
79.39,62.45,,,,,
79.42,62.93,,,,,
79.45,63.41,,,,,
79.48,63.9,,,,,
79.51,64.38,,,,,
79.55,64.86,,,,,
79.58,65.33,,,,,
79.61,65.77,,,,,
79.64,66.2,,,,,
79.67,66.63,,,,,
79.71,67.07,,,,,
79.74,67.51,,,,,
79.78,67.95,,,,,
79.81,68.4,,,,,
79.84,68.85,,,,,
79.87,69.3,,,,,
79.89,69.76,,,,,
79.92,70.21,,,,,
79.95,70.66,,,,,
79.97,71.12,,,,,
80,71.56,,,,,
80.03,71.99,,,,,
80.06,72.42,,,,,
80.09,72.85,,,,,
80.12,73.28,,,,,
80.15,73.71,,,,,
80.17,74.13,,,,,
80.2,74.53,,,,,
80.23,74.94,,,,,
80.26,75.34,,,,,
80.29,75.74,,,,,
80.32,76.14,,,,,
80.34,76.55,,,,,
80.37,76.95,,,,,
80.4,77.35,,,,,
80.42,77.75,,,,,
80.45,78.14,,,,,
80.48,78.53,,,,,
80.51,78.93,,,,,
80.53,79.32,,,,,
80.56,79.71,,,,,
80.59,80.1,,,,,
80.61,80.48,,,,,
80.64,80.86,,,,,
80.66,81.25,,,,,
80.69,81.63,,,,,
80.71,82.01,,,,,
80.74,82.39,,,,,
80.76,82.77,,,,,
80.78,83.15,,,,,
80.81,83.52,,,,,
80.83,83.89,,,,,
80.86,84.26,,,,,
80.88,84.62,,,,,
80.9,84.99,,,,,
80.93,85.35,,,,,
80.95,85.71,,,,,
80.98,86.07,,,,,
81,86.43,,,,,
81.02,86.77,,,,,
81.05,87.12,,,,,
81.07,87.47,,,,,
81.1,87.82,,,,,
81.12,88.16,,,,,
81.14,88.51,,,,,
81.17,88.86,,,,,
81.19,89.19,,,,,
81.21,89.53,,,,,
81.24,89.86,,,,,
81.26,90.19,,,,,
81.28,90.53,,,,,
81.3,90.86,,,,,
81.32,91.19,,,,,
81.34,91.52,,,,,
81.37,91.85,,,,,
81.39,92.17,,,,,
81.41,92.49,,,,,
81.43,92.81,,,,,
81.45,93.13,,,,,
81.47,93.45,,,,,
81.49,93.76,,,,,
81.51,94.08,,,,,
81.54,94.39,,,,,
81.56,94.71,,,,,
81.58,95.03,,,,,
81.6,95.33,,,,,
81.62,95.63,,,,,
81.64,95.93,,,,,
81.66,96.23,,,,,
81.68,96.54,,,,,
81.7,96.84,,,,,
81.72,97.13,,,,,
81.74,97.42,,,,,
81.76,97.73,,,,,
81.78,98.02,,,,,
81.79,98.31,,,,,
81.81,98.6,,,,,
81.83,98.89,,,,,
81.85,99.17,,,,,
81.87,99.45,,,,,
81.89,99.74,,,,,
81.91,100.02,,,,,
81.93,100.3,,,,,
81.95,100.58,,,,,
81.96,100.87,,,,,
81.98,101.14,,,,,
82,101.42,,,,,
82.02,101.68,,,,,
82.04,101.96,,,,,
82.05,102.24,,,,,
82.07,102.51,,,,,
82.09,102.77,,,,,
82.11,103.04,,,,,
82.12,103.31,,,,,
82.14,103.58,,,,,
82.16,103.84,,,,,
82.18,104.1,,,,,
82.19,104.35,,,,,
82.21,104.61,,,,,
82.23,104.87,,,,,
82.24,105.12,,,,,
82.26,105.37,,,,,
82.28,105.62,,,,,
