KalmanPitch,KalmanRoll
-4.87,2.67
-4.87,2.67
-4.87,2.68
-4.88,2.68
-4.88,2.68
-4.88,2.68
-4.88,2.68
-4.88,2.68
-4.88,2.68
-4.88,2.68
-4.88,2.68
-4.88,2.67
-4.88,2.67
-4.88,2.67
-4.88,2.67
-4.88,2.67
-4.88,2.67
-4.88,2.67
-4.89,2.67
-4.89,2.68
-4.89,2.68
-4.89,2.68
-4.9,2.69
-4.9,2.69
-4.9,2.7
-4.91,2.7
-4.91,2.7
-4.91,2.7
-4.91,2.7
-4.91,2.71
-4.91,2.71
-4.91,2.7
-4.91,2.7
-4.9,2.7
-4.9,2.7
-4.9,2.71
-4.9,2.71
-4.9,2.71
-4.9,2.71
-4.9,2.71
-4.9,2.71
-4.9,2.72
-4.9,2.72
-4.91,2.72
-4.91,2.72
-4.91,2.73
-4.92,2.73
-4.92,2.73
-4.93,2.73
-4.93,2.73
-4.94,2.73
-4.94,2.73
-4.94,2.73
-4.94,2.73
-4.94,2.73
-4.94,2.73
-4.94,2.73
-4.94,2.73
-4.93,2.73
-4.93,2.73
-4.93,2.73
-4.93,2.73
-4.93,2.74
-4.93,2.74
-4.93,2.74
-4.93,2.74
-4.93,2.74
-4.93,2.74
-4.93,2.74
-4.94,2.74
-4.94,2.74
-4.94,2.74
-4.94,2.73
-4.94,2.73
-4.93,2.72
-4.94,2.72
-4.94,2.71
-4.94,2.71
-4.95,2.71
-4.95,2.7
-4.96,2.7
-4.97,2.7
-4.97,2.7
-4.98,2.71
-4.98,2.71
-4.98,2.72
-4.99,2.72
-4.99,2.73
-4.99,2.73
-4.99,2.74
-4.99,2.74
-4.98,2.74
-4.98,2.74
-4.97,2.74
-4.96,2.74
-4.96,2.73
-4.95,2.73
-4.94,2.73
-4.93,2.73
-4.92,2.73
-4.92,2.73
-4.92,2.73
-4.91,2.73
-4.91,2.73
-4.91,2.72
-4.92,2.72
-4.92,2.72
-4.93,2.72
-4.94,2.72
-4.94,2.72
-4.95,2.72
-4.96,2.72
-4.96,2.72
-4.96,2.73
-4.97,2.73
-4.97,2.73
-4.97,2.73
-4.97,2.73
-4.97,2.73
-4.96,2.73
-4.96,2.72
-4.95,2.72
-4.95,2.72
-4.95,2.72
-4.94,2.72
-4.94,2.72
-4.94,2.72
-4.94,2.73
-4.93,2.73
-4.93,2.73
-4.93,2.74
-4.93,2.74
-4.93,2.74
-4.93,2.73
-4.92,2.73
-4.92,2.73
-4.92,2.73
-4.92,2.72
-4.92,2.72
-4.92,2.72
-4.92,2.72
-4.92,2.71
-4.92,2.71
-4.92,2.71
-4.92,2.7
-4.92,2.7
-4.92,2.7
-4.92,2.7
-4.91,2.7
-4.91,2.7
-4.91,2.7
-4.91,2.7
-4.92,2.7
-4.92,2.7
-4.92,2.7
-4.92,2.7
-4.92,2.71
-4.92,2.71
-4.92,2.71
-4.92,2.71
-4.91,2.71
-4.91,2.71
-4.91,2.71
-4.91,2.71
-4.91,2.71
-4.91,2.71
-4.91,2.71
-4.91,2.7
-4.91,2.7
-4.9,2.7
-4.9,2.7
-4.9,2.69
-4.9,2.69
-4.9,2.69
-4.9,2.68
-4.9,2.68
-4.89,2.67
-4.89,2.67
-4.89,2.67
-4.89,2.67
-4.89,2.67
-4.89,2.67
-4.88,2.67
-4.88,2.67
-4.88,2.68
-4.88,2.68
-4.88,2.68
-4.88,2.68
-4.88,2.68
-4.88,2.68
-4.88,2.68
-4.88,2.68
-4.88,2.69
-4.88,2.69
-4.88,2.69
-4.88,2.7
-4.88,2.7
-4.88,2.7
-4.89,2.7
-4.89,2.7
-4.89,2.69
-4.89,2.69
-4.89,2.68
-4.89,2.68
-4.88,2.67
-4.88,2.67
-4.88,2.66
-4.88,2.66
-4.88,2.66
-4.87,2.66
-4.87,2.66
-4.87,2.66
-4.87,2.66
-4.87,2.66
-4.87,2.67
-4.87,2.67
-4.87,2.67
-4.87,2.67
-4.87,2.67
-4.87,2.67
-4.87,2.67
-4.87,2.67
-4.87,2.67
-4.87,2.67
-4.87,2.67
-4.87,2.66
-4.87,2.66
-4.87,2.66
-4.86,2.66
-4.86,2.65
-4.86,2.65
-4.86,2.64
-4.86,2.64
-4.86,2.63
-4.86,2.63
-4.86,2.62
-4.86,2.62
-4.85,2.62
-4.85,2.62
-4.85,2.62
-4.85,2.62
-4.85,2.62
-4.84,2.62
-4.84,2.62
-4.84,2.62
-4.84,2.62
-4.84,2.62
-4.84,2.62
-4.84,2.63
-4.84,2.63
-4.83,2.63
-4.83,2.63
-4.83,2.63
-4.83,2.62
-4.83,2.62
-4.83,2.62
-4.83,2.61
-4.83,2.61
-4.83,2.61
-4.83,2.61
-4.83,2.61
-4.83,2.6
-4.83,2.6
-4.83,2.6
-4.84,2.6
-4.84,2.6
-4.84,2.6
-4.85,2.6
-4.85,2.6
-4.85,2.6
-4.85,2.61
-4.85,2.61
-4.85,2.61
-4.85,2.61
-4.85,2.61
-4.84,2.61
-4.84,2.61
-4.84,2.61
-4.83,2.61
-4.83,2.61
-4.83,2.6
-4.82,2.6
-4.82,2.6
-4.82,2.6
-4.82,2.6
-4.82,2.6
-4.81,2.6
-4.81,2.6
-4.81,2.6
-4.81,2.61
-4.81,2.61
-4.81,2.61
-4.81,2.61
-4.81,2.62
-4.8,2.62
-4.8,2.62
-4.8,2.62
-4.8,2.63
-4.8,2.63
-4.79,2.63
-4.78,2.64
-4.77,2.64
-4.76,2.64
-4.75,2.64
-4.73,2.64
-4.72,2.64
-4.7,2.65
-4.69,2.65
-4.68,2.65
-4.67,2.64
-4.66,2.64
-4.65,2.64
-4.65,2.63
-4.65,2.63
-4.65,2.62
-4.66,2.62
-4.67,2.62
-4.68,2.62
-4.69,2.62
-4.7,2.63
-4.71,2.63
-4.72,2.64
-4.72,2.64
-4.73,2.65
-4.73,2.64
-4.73,2.64
-4.73,2.64
-4.73,2.63
-4.73,2.62
-4.73,2.61
-4.72,2.6
-4.71,2.58
-4.7,2.57
-4.7,2.56
-4.69,2.55
-4.68,2.54
-4.67,2.53
-4.66,2.52
-4.65,2.52
-4.64,2.51
-4.63,2.51
-4.62,2.51
-4.62,2.5
-4.61,2.5
-4.6,2.5
-4.6,2.5
-4.6,2.5
-4.6,2.5
-4.6,2.5
-4.59,2.5
-4.59,2.49
-4.58,2.49
-4.57,2.49
-4.57,2.5
-4.57,2.5
-4.57,2.52
-4.56,2.53
-4.55,2.53
-4.53,2.54
-4.53,2.55
-4.52,2.57
-4.51,2.6
-4.5,2.63
-4.51,2.66
-4.51,2.67
-4.52,2.68
-4.53,2.68
-4.54,2.69
-4.56,2.69
-4.57,2.69
-4.59,2.7
-4.61,2.71
-4.63,2.73
-4.65,2.75
-4.67,2.76
-4.68,2.78
-4.69,2.81
-4.7,2.84
-4.71,2.86
-4.72,2.88
-4.73,2.89
-4.74,2.9
-4.74,2.92
-4.75,2.93
-4.75,2.94
-4.75,2.94
-4.75,2.95
-4.75,2.96
-4.75,2.96
-4.74,2.96
-4.74,2.95
-4.73,2.95
-4.72,2.94
-4.7,2.92
-4.69,2.91
-4.66,2.92
-4.63,2.94
-4.59,2.97
-4.55,2.99
-4.51,2.99
-4.48,2.99
-4.45,2.97
-4.42,2.97
-4.4,2.97
-4.37,2.97
-4.34,2.98
-4.32,2.97
-4.29,2.98
-4.27,2.97
-4.25,2.96
-4.24,2.94
-4.23,2.93
-4.22,2.93
-4.21,2.94
-4.2,2.94
-4.2,2.95
-4.21,2.94
-4.22,2.94
-4.23,2.94
-4.24,2.94
-4.26,2.95
-4.28,2.95
-4.3,2.95
-4.32,2.95
-4.35,2.96
-4.37,2.97
-4.39,2.97
-4.42,2.98
-4.44,2.99
-4.47,2.99
-4.49,3
-4.51,3
-4.53,3.01
-4.55,3.01
-4.56,3.01
-4.57,3
-4.58,3
-4.59,2.99
-4.59,2.98
-4.59,2.97
-4.59,2.96
-4.59,2.95
-4.58,2.94
-4.57,2.93
-4.57,2.91
-4.57,2.9
-4.56,2.89
-4.56,2.89
-4.57,2.88
-4.57,2.87
-4.58,2.86
-4.58,2.85
-4.59,2.85
-4.59,2.84
-4.6,2.83
-4.61,2.83
-4.62,2.83
-4.63,2.83
-4.64,2.83
-4.65,2.83
-4.66,2.83
-4.67,2.82
-4.68,2.82
-4.69,2.82
-4.71,2.81
-4.71,2.8
-4.72,2.8
-4.73,2.79
-4.74,2.79
-4.75,2.78
-4.75,2.78
-4.75,2.78
-4.75,2.77
-4.75,2.77
-4.74,2.77
-4.74,2.76
-4.73,2.76
-4.72,2.75
-4.71,2.75
-4.69,2.75
-4.68,2.75
-4.67,2.75
-4.66,2.75
-4.64,2.75
-4.63,2.75
-4.62,2.76
-4.61,2.76
-4.61,2.76
-4.6,2.77
-4.6,2.77
-4.6,2.77
-4.6,2.77
-4.59,2.79
-4.58,2.8
-4.58,2.81
-4.58,2.82
-4.58,2.82
-4.59,2.82
-4.59,2.83
-4.6,2.85
-4.6,2.86
-4.61,2.87
-4.62,2.88
-4.63,2.88
-4.64,2.89
-4.65,2.89
-4.66,2.91
-4.67,2.92
-4.68,2.93
-4.68,2.94
-4.69,2.95
-4.69,2.95
-4.69,2.94
-4.7,2.94
-4.7,2.94
-4.7,2.93
-4.69,2.93
-4.69,2.93
-4.69,2.92
-4.69,2.92
-4.68,2.92
-4.68,2.92
-4.68,2.91
-4.68,2.9
-4.68,2.89
-4.69,2.89
-4.69,2.89
-4.69,2.88
-4.7,2.88
-4.71,2.88
-4.71,2.87
-4.73,2.87
-4.74,2.87
-4.76,2.87
-4.77,2.87
-4.78,2.88
-4.79,2.89
-4.79,2.89
-4.8,2.89
-4.82,2.89
-4.83,2.89
-4.84,2.88
-4.84,2.88
-4.85,2.87
-4.86,2.87
-4.87,2.87
-4.87,2.87
-4.88,2.86
-4.88,2.85
-4.88,2.85
-4.88,2.84
-4.88,2.84
-4.88,2.83
-4.88,2.82
-4.87,2.82
-4.87,2.81
-4.86,2.8
-4.86,2.79
-4.86,2.78
-4.86,2.77
-4.86,2.74
-4.86,2.72
-4.86,2.7
-4.85,2.7
-4.84,2.69
-4.83,2.69
-4.82,2.69
-4.82,2.67
-4.82,2.67
-4.81,2.67
-4.81,2.68
-4.81,2.71
-4.82,2.7
-4.82,2.69
-4.82,2.69
-4.81,2.7
-4.81,2.69
-4.8,2.69
-4.8,2.67
-4.8,2.64
-4.79,2.62
-4.79,2.6
-4.8,2.59
-4.8,2.57
-4.81,2.56
-4.82,2.53
-4.83,2.49
-4.84,2.45
-4.85,2.41
-4.86,2.38
-4.88,2.35
-4.9,2.33
-4.91,2.3
-4.92,2.27
-4.93,2.26
-4.93,2.24
-4.93,2.22
-4.93,2.2
-4.93,2.18
-4.93,2.16
-4.93,2.15
-4.94,2.12
-4.94,2.1
-4.95,2.07
-4.96,2.05
-4.97,2.04
-4.98,2.04
-4.99,2.03
-5.01,2.04
-5.03,2.03
-5.05,2.02
-5.08,2.01
-5.1,2
-5.11,2.01
-5.11,2.02
-5.11,2.02
-5.1,2.01
-5.09,2.01
-5.07,2.01
-5.05,2.01
-5.03,2
-5.02,2.01
-5.01,2.01
-5,2
-4.99,2
-5,2.01
-5,2.01
-5.02,2.01
-5.04,2.01
-5.07,2
-5.11,1.98
-5.14,1.95
-5.18,1.93
-5.21,1.92
-5.24,1.92
-5.27,1.92
-5.29,1.91
-5.3,1.88
-5.3,1.85
-5.29,1.8
-5.27,1.73
-5.24,1.67
-5.22,1.62
-5.2,1.57
-5.19,1.53
-5.18,1.48
-5.18,1.42
-5.18,1.35
-5.17,1.26
-5.17,1.16
-5.19,1.07
-5.22,0.99
-5.25,0.93
-5.27,0.85
-5.27,0.75
-5.27,0.65
-5.26,0.57
-5.25,0.5
-5.23,0.44
-5.2,0.39
-5.17,0.34
-5.14,0.3
-5.11,0.28
-5.07,0.26
-5.04,0.26
-5.01,0.26
-4.99,0.28
-4.97,0.3
-4.96,0.32
-4.95,0.36
-4.95,0.39
-4.95,0.41
-4.97,0.44
-4.98,0.46
-5,0.48
-5.02,0.5
-5.04,0.52
-5.05,0.55
-5.07,0.59
-5.08,0.64
-5.09,0.68
-5.11,0.73
-5.14,0.76
-5.14,0.81
-5.12,0.93
-5.09,1.05
-5.08,1.14
-5.08,1.19
-5.09,1.22
-5.13,1.21
-5.17,1.18
-5.21,1.14
-5.25,1.11
-5.29,1.08
-5.32,1.06
-5.34,1.03
-5.37,1.01
-5.38,0.97
-5.39,0.95
-5.39,0.93
-5.38,0.93
-5.36,0.93
-5.34,0.93
-5.32,0.94
-5.3,0.94
-5.28,0.93
-5.27,0.91
-5.27,0.88
-5.26,0.87
-5.26,0.86
-5.26,0.85
-5.27,0.84
-5.27,0.84
-5.27,0.85
-5.27,0.86
-5.26,0.89
-5.25,0.92
-5.24,0.95
-5.23,0.98
-5.23,1.01
-5.21,1.06
-5.18,1.13
-5.17,1.17
-5.16,1.17
-5.18,1.17
-5.19,1.15
-5.21,1.13
-5.24,1.11
-5.26,1.1
-5.27,1.09
-5.29,1.07
-5.32,1.06
-5.34,1.04
-5.35,1.02
-5.37,1
-5.37,0.98
-5.38,0.95
-5.39,0.93
-5.4,0.91
-5.41,0.9
-5.41,0.87
-5.42,0.85
-5.42,0.83
-5.43,0.81
-5.44,0.79
-5.46,0.77
-5.47,0.75
-5.49,0.73
-5.5,0.71
-5.51,0.69
-5.52,0.68
-5.53,0.68
-5.53,0.67
-5.53,0.66
-5.52,0.66
-5.5,0.65
-5.48,0.64
-5.45,0.65
-5.42,0.66
-5.4,0.67
-5.37,0.69
-5.35,0.69
-5.34,0.69
-5.32,0.68
-5.31,0.67
-5.3,0.67
-5.29,0.66
-5.28,0.65
-5.28,0.63
-5.28,0.61
-5.28,0.59
-5.29,0.57
-5.29,0.56
-5.29,0.54
-5.29,0.52
-5.29,0.5
-5.27,0.46
-5.25,0.42
-5.23,0.37
-5.22,0.33
-5.2,0.28
-5.18,0.24
-5.16,0.2
-5.13,0.15
-5.11,0.11
-5.1,0.07
-5.1,0.02
-5.11,-0.03
-5.11,-0.1
-5.1,-0.17
-5.08,-0.25
-5.06,-0.32
-5.03,-0.39
-5.01,-0.47
-4.99,-0.53
-4.98,-0.61
-4.98,-0.77
-5.01,-0.98
-5.03,-1.19
-5.07,-1.41
-5.11,-1.6
-5.13,-1.75
-5.16,-1.89
-5.18,-2.03
-5.2,-2.16
-5.22,-2.3
-5.22,-2.43
-5.22,-2.51
-5.22,-2.56
-5.22,-2.61
-5.2,-2.67
-5.13,-2.82
-5.05,-3.02
-4.97,-3.24
-4.92,-3.48
-4.87,-3.73
-4.82,-3.99
-4.78,-4.28
-4.74,-4.58
-4.71,-4.89
-4.68,-5.22
-4.67,-5.54
-4.69,-5.86
-4.73,-6.18
-4.79,-6.47
-4.88,-6.72
-4.97,-6.94
-5.04,-7.12
-5.07,-7.28
-5.06,-7.42
-5.03,-7.57
-4.98,-7.74
-4.91,-7.93
-4.84,-8.14
-4.78,-8.36
-4.73,-8.6
-4.71,-8.85
-4.7,-9.11
-4.73,-9.37
-4.77,-9.63
-4.82,-9.87
-4.89,-10.12
-4.95,-10.37
-5,-10.62
-5.04,-10.87
-5.04,-11.15
-5.02,-11.47
-4.97,-11.83
-4.9,-12.2
-4.82,-12.58
-4.73,-12.95
-4.65,-13.29
-4.59,-13.62
-4.53,-13.91
-4.53,-14.17
-4.53,-14.43
-4.53,-14.69
-4.52,-14.96
-4.5,-15.25
-4.48,-15.54
-4.46,-15.84
-4.43,-16.14
-4.41,-16.45
-4.4,-16.75
-4.38,-17.04
-4.38,-17.33
-4.38,-17.63
-4.38,-17.93
-4.39,-18.25
-4.4,-18.57
-4.41,-18.91
-4.41,-19.28
-4.42,-19.65
-4.42,-20.03
-4.42,-20.41
-4.42,-20.81
-4.42,-21.23
-4.42,-21.66
-4.41,-22.11
-4.41,-22.58
-4.41,-23.07
-4.41,-23.59
-4.41,-24.12
-4.41,-24.65
-4.41,-25.16
-4.42,-25.64
-4.44,-26.1
-4.46,-26.52
-4.47,-26.91
-4.47,-27.3
-4.48,-27.71
-4.49,-28.14
-4.49,-28.56
-4.51,-28.97
-4.53,-29.38
-4.53,-29.77
-4.53,-30.15
-4.51,-30.54
-4.48,-30.97
-4.42,-31.44
-4.33,-31.94
-4.22,-32.46
-4.09,-32.98
-3.96,-33.49
-3.85,-33.96
-3.74,-34.4
-3.65,-34.82
-3.57,-35.17
-3.49,-35.34
-3.45,-35.62
-3.44,-35.96
-3.44,-36.31
-3.45,-36.67
-3.47,-37.09
-3.51,-37.56
-3.56,-38.07
-3.59,-38.57
-3.61,-39.07
-3.62,-39.57
-3.61,-40.08
-3.58,-40.6
-3.51,-41.13
-3.45,-41.64
-3.4,-42.14
-3.36,-42.61
-3.34,-43.03
-3.33,-43.44
-3.34,-43.81
-3.37,-44.15
-3.41,-44.49
-3.46,-44.83
-3.44,-45.18
-3.43,-45.53
-3.42,-45.86
-3.4,-46.19
-3.39,-46.51
-3.38,-46.85
-3.38,-47.2
-3.38,-47.56
-3.38,-47.94
-3.36,-48.33
-3.35,-48.74
-3.35,-49.14
-3.36,-49.53
-3.36,-49.91
-3.34,-50.29
-3.34,-50.65
-3.34,-51.03
-3.32,-51.44
-3.28,-51.86
-3.21,-52.31
-3.16,-52.74
-3.13,-53.15
-3.16,-53.5
-3.22,-53.79
-3.24,-54.11
-3.25,-54.44
-3.23,-54.77
-3.19,-55.1
-3.15,-55.42
-3.11,-55.74
-3.07,-56.06
-3.04,-56.37
-3.01,-56.67
-3.01,-56.96
-3.01,-57.26
-2.99,-57.56
-2.96,-57.86
-2.94,-58.16
-2.93,-58.47
-2.92,-58.78
-2.89,-59.07
-2.88,-59.35
-2.84,-59.62
-2.77,-59.89
-2.69,-60.16
-2.62,-60.41
-2.61,-60.65
-2.64,-60.87
-2.69,-61.1
-2.73,-61.35
-2.76,-61.63
-2.77,-61.92
-2.77,-62.24
-2.77,-62.58
-2.76,-62.95
-2.73,-63.33
-2.68,-63.73
-2.63,-64.13
-2.55,-64.54
-2.52,-64.92
-2.48,-65.31
-2.49,-65.74
-2.54,-66.16
-2.55,-66.57
-2.53,-66.94
-2.51,-67.28
-2.52,-67.59
-2.53,-67.88
-2.52,-68.18
-2.5,-68.47
-2.49,-68.78
-2.48,-69.13
-2.45,-69.48
-2.4,-69.81
-2.38,-70.11
-2.39,-70.38
-2.42,-70.63
-2.45,-70.86
-2.5,-71.09
-2.54,-71.3
-2.59,-71.5
-2.63,-71.7
-2.7,-71.9
-2.76,-72.11
-2.81,-72.32
-2.87,-72.56
-2.87,-72.9
-2.83,-73.25
-2.81,-73.56
-2.81,-73.86
-2.81,-74.15
-2.81,-74.43
-2.81,-74.71
-2.82,-75
-2.83,-75.3
-2.85,-75.59
-2.89,-75.88
-2.93,-76.17
-2.98,-76.47
-3.03,-76.77
-3.09,-77.07
-3.13,-77.36
-3.15,-77.65
-3.17,-77.95
-3.2,-78.25
-3.22,-78.56
-3.24,-78.85
-3.25,-79.11
-3.24,-79.35
-3.22,-79.52
-3.21,-79.61
-3.2,-79.69
-3.19,-79.77
-3.18,-79.84
-3.17,-79.91
-3.16,-79.98
-3.16,-80.04
-3.16,-80.09
-3.11,-80.16
-3.09,-80.23
-3.08,-80.3
-3.07,-80.36
-3.07,-80.43
-3.06,-80.49
-3.06,-80.56
-3.06,-80.62
-3.05,-80.68
-3.05,-80.75
-3.04,-80.81
-3.04,-80.87
-3.03,-80.93
-3.03,-81
-3.02,-81.06
-3.01,-81.12
-3,-81.18
-2.99,-81.24
-2.98,-81.3
-2.97,-81.36
-2.97,-81.42
-2.96,-81.48
-2.95,-81.54
-2.94,-81.59
-2.94,-81.65
-2.93,-81.71
-2.93,-81.76
-2.92,-81.82
-2.92,-81.88
-2.91,-81.93
-2.9,-81.99
-2.89,-82.04
-2.89,-82.1
-2.88,-82.15
-2.88,-82.21
-2.88,-82.26
-2.87,-82.31
-2.87,-82.37
-2.87,-82.42
-2.86,-82.47
-2.86,-82.52
-2.87,-82.57
-2.87,-82.63
-2.87,-82.68
-2.88,-82.73
-2.88,-82.78
-2.88,-82.83
-2.89,-82.88
-2.89,-82.93
-2.89,-82.98
-2.89,-83.03
-2.89,-83.08
-2.89,-83.13
-2.89,-83.18
-2.89,-83.23
-2.88,-83.28
-2.88,-83.32
-2.87,-83.37
-2.87,-83.42
-2.86,-83.47
-2.86,-83.51
-2.86,-83.56
-2.87,-83.61
-2.87,-83.65
-2.87,-83.7
-2.87,-83.75
-2.87,-83.79
-2.87,-83.84
-2.87,-83.88
-2.87,-83.93
-2.87,-83.97
-2.87,-84.01
-2.87,-84.05
-2.86,-84.09
-2.86,-84.13
-2.86,-84.17
-2.85,-84.21
-2.85,-84.25
-2.85,-84.29
-2.85,-84.33
-2.85,-84.37
-2.85,-84.41
-2.85,-84.45
-2.85,-84.49
-2.85,-84.53
-2.85,-84.57
-2.85,-84.61
-2.85,-84.65
-2.85,-84.68
-2.85,-84.72
-2.85,-84.76
-2.85,-84.8
-2.85,-84.84
-2.85,-84.87
-2.86,-84.91
-2.86,-84.95
-2.87,-84.99
-2.88,-85.03
-2.89,-85.06
-2.91,-85.1
-2.93,-85.13
-2.96,-85.17
-2.99,-85.2
-3.02,-85.24
-3.05,-85.28
-3.07,-85.31
-3.09,-85.35
-3.1,-85.38
-3.12,-85.41
-3.13,-85.44
-3.14,-85.47
-3.15,-85.5
-3.15,-85.53
-3.15,-85.55
-3.15,-85.58
-3.14,-85.6
-3.14,-85.62
-3.14,-85.65
-3.13,-85.67
-3.14,-85.7
-3.14,-85.72
-3.15,-85.73
-3.17,-85.73
-3.2,-85.72
-3.21,-85.71
-3.22,-85.72
-3.22,-85.73
-3.22,-85.75
-3.21,-85.77
-3.21,-85.79
-3.21,-85.81
-3.22,-85.84
-3.22,-85.86
-3.23,-85.89
-3.25,-85.91
-3.26,-85.94
-3.27,-85.97
-3.28,-86
-3.28,-86.02
-3.28,-86.05
-3.28,-86.08
-3.28,-86.11
-3.28,-86.14
-3.28,-86.16
-3.28,-86.19
-3.28,-86.22
-3.28,-86.24
-3.28,-86.27
-3.29,-86.3
-3.3,-86.33
-3.3,-86.36
-3.32,-86.38
-3.34,-86.41
-3.37,-86.44
-3.4,-86.46
-3.44,-86.49
-3.47,-86.52
-3.48,-86.54
-3.49,-86.57
-3.5,-86.6
-3.5,-86.63
-3.51,-86.65
-3.52,-86.68
-3.53,-86.7
-3.53,-86.73
-3.54,-86.76
-3.55,-86.78
-3.55,-86.81
-3.55,-86.83
-3.56,-86.85
-3.56,-86.88
-3.56,-86.9
-3.56,-86.93
-3.57,-86.95
-3.6,-86.98
-3.6,-87
-3.59,-87.01
-3.6,-87.03
-3.6,-87.07
-3.59,-87.08
-3.59,-87.1
-3.6,-87.12
-3.62,-87.14
-3.65,-87.16
-3.71,-87.17
-3.82,-87.19
-3.89,-87.22
-3.91,-87.25
-3.91,-87.27
-3.91,-87.3
-3.9,-87.32
-3.88,-87.34
-3.86,-87.37
-3.84,-87.39
-3.81,-87.42
-3.8,-87.44
-3.78,-87.46
-3.77,-87.49
-3.77,-87.51
-3.77,-87.53
-3.77,-87.55
-3.77,-87.58
-3.78,-87.6
-3.79,-87.62
-3.79,-87.64
-3.79,-87.67
-3.79,-87.69
-3.77,-87.71
-3.76,-87.74
-3.69,-88.07
-3.33,-88.26
-3.35,-88.37
-3.33,-88.43
-3.31,-88.46
-3.31,-88.49
-3.31,-88.51
-3.31,-88.54
-3.32,-88.57
-3.32,-88.59
-3.32,-88.61
-3.32,-88.63
-3.32,-88.65
-3.32,-88.67
-3.32,-88.68
-3.32,-88.7
-3.32,-88.71
-3.31,-88.72
-3.31,-88.72
-3.31,-88.72
-3.31,-88.71
-3.3,-88.69
-3.29,-88.67
-3.29,-88.66
-3.28,-88.66
-3.28,-88.66
-3.28,-88.66
-3.29,-88.66
-3.29,-88.67
-3.29,-88.67
-3.3,-88.67
-3.31,-88.67
-3.31,-88.67
-3.32,-88.67
-3.33,-88.68
-3.34,-88.69
-3.36,-88.7
-3.37,-88.72
-3.38,-88.73
-3.38,-88.75
-3.39,-88.76
-3.39,-88.78
-3.39,-88.8
-3.39,-88.81
-3.39,-88.83
-3.39,-88.85
-3.39,-88.86
-3.39,-88.88
-3.38,-88.89
-3.38,-88.91
-3.38,-88.93
-3.38,-88.94
-3.38,-88.96
-3.38,-88.97
-3.38,-88.99
-3.39,-89
-3.39,-89.02
-3.39,-89.03
-3.4,-89.05
-3.41,-89.07
-3.41,-89.09
-3.42,-89.1
-3.42,-89.12
-3.43,-89.13
-3.43,-89.15
-3.43,-89.16
-3.44,-89.18
-3.44,-89.2
-3.44,-89.21
-3.44,-89.22
-3.44,-89.24
-3.44,-89.25
-3.44,-89.26
-3.44,-89.28
-3.44,-89.29
-3.45,-89.31
-3.45,-89.32
-3.46,-89.34
-3.46,-89.35
-3.47,-89.37
-3.48,-89.38
-3.48,-89.4
-3.48,-89.41
-3.49,-89.43
-3.49,-89.44
-3.49,-89.46
-3.49,-89.48
-3.5,-89.49
-3.5,-89.51
-3.5,-89.53
-3.5,-89.54
-3.51,-89.56
-3.51,-89.57
-3.51,-89.59
-3.51,-89.6
-3.51,-89.61
-3.51,-89.63
-3.51,-89.64
-3.51,-89.66
-3.5,-89.67
-3.5,-89.68
-3.49,-89.69
-3.49,-89.71
-3.48,-89.72
-3.48,-89.74
-3.47,-89.75
-3.47,-89.76
-3.46,-89.78
-3.46,-89.79
-3.46,-89.81
-3.45,-89.82
-3.45,-89.83
-3.45,-89.85
-3.45,-89.86
-3.45,-89.87
-3.46,-89.88
-3.46,-89.89
-3.46,-89.91
-3.46,-89.92
-3.46,-89.93
-3.46,-89.94
-3.46,-89.96
-3.45,-89.97
-3.45,-89.98
-3.44,-90
-3.44,-90.01
-3.43,-90.02
-3.43,-90.03
-3.43,-90.04
-3.42,-90.06
-3.42,-90.07
-3.42,-90.08
-3.41,-90.09
-3.41,-90.1
-3.41,-90.11
-3.41,-90.13
-3.41,-90.14
-3.41,-90.15
-3.41,-90.16
-3.41,-90.17
-3.41,-90.18
-3.42,-90.19
-3.42,-90.2
-3.42,-90.21
-3.42,-90.22
-3.43,-90.24
-3.43,-90.25
-3.43,-90.26
-3.44,-90.27
-3.44,-90.28
-3.45,-90.3
-3.45,-90.31
-3.45,-90.32
-3.45,-90.33
-3.46,-90.34
-3.46,-90.35
-3.46,-90.36
-3.46,-90.37
-3.45,-90.38
-3.45,-90.39
-3.45,-90.4
-3.45,-90.41
-3.45,-90.42
-3.44,-90.42
-3.44,-90.43
-3.44,-90.44
-3.43,-90.46
-3.43,-90.47
-3.43,-90.48
-3.43,-90.49
-3.43,-90.5
-3.43,-90.51
-3.43,-90.51
-3.43,-90.52
-3.43,-90.53
-3.43,-90.54
-3.43,-90.55
-3.43,-90.56
-3.43,-90.57
-3.44,-90.58
-3.44,-90.59
-3.44,-90.59
-3.45,-90.6
-3.45,-90.61
-3.45,-90.62
-3.45,-90.63
-3.45,-90.64
-3.45,-90.65
-3.45,-90.66
-3.45,-90.67
-3.45,-90.68
-3.45,-90.69
-3.45,-90.7
-3.44,-90.71
-3.44,-90.72
-3.44,-90.73
-3.43,-90.74
-3.43,-90.75
-3.43,-90.76
-3.43,-90.77
-3.43,-90.78
-3.43,-90.78
-3.42,-90.79
-3.42,-90.79
-3.42,-90.8
-3.42,-90.8
-3.41,-90.81
-3.41,-90.81
-3.4,-90.82
-3.39,-90.83
-3.39,-90.83
-3.38,-90.84
-3.37,-90.85
-3.35,-90.85
-3.34,-90.86
-3.34,-90.87
-3.33,-90.87
-3.33,-90.88
-3.33,-90.89
-3.33,-90.9
-3.33,-90.9
-3.33,-90.91
-3.32,-90.91
-3.32,-90.92
-3.32,-90.92
-3.32,-90.92
-3.32,-90.93
-3.32,-90.93
-3.32,-90.93
-3.32,-90.94
-3.31,-90.94
-3.32,-90.94
-3.32,-90.95
-3.33,-90.95
-3.33,-90.95
-3.34,-90.96
-3.35,-90.96
-3.37,-90.97
-3.38,-90.97
-3.39,-90.98
-3.41,-90.98
-3.42,-90.99
-3.42,-90.99
-3.43,-90.99
-3.43,-91
-3.43,-91
-3.43,-91.01
-3.43,-91.01
-3.43,-91.01
-3.43,-91.02
-3.44,-91.02
-3.44,-91.03
-3.45,-91.03
-3.45,-91.03
-3.45,-91.04
-3.45,-91.04
-3.45,-91.05
-3.44,-91.05
-3.44,-91.05
-3.44,-91.06
-3.45,-91.06
-3.45,-91.06
-3.46,-91.06
-3.56,-91
-3.45,-91.01
-3.35,-91.02
-3.32,-91.02
-3.34,-91.03
-3.35,-91.03
-3.42,-91.06
-3.38,-91.07
-3.33,-91.06
-3.29,-91.06
-3.25,-91.06
-3.21,-91.06
-3.18,-91.07
-3.15,-91.07
-3.13,-91.07
-3.1,-91.07
-3.08,-91.07
-3.05,-91.07
-3.03,-91.08
-3.02,-91.09
-3.01,-91.1
-3.02,-91.11
-3.04,-91.12
-3.07,-91.12
-3.09,-91.13
-3.12,-91.14
-3.15,-91.14
-3.18,-91.15
-3.21,-91.15
-3.25,-91.16
-3.29,-91.16
-3.32,-91.17
-3.36,-91.17
-3.4,-91.18
-3.43,-91.18
-3.45,-91.2
-3.48,-91.21
-3.54,-91.21
-3.59,-91.22
-3.64,-91.22
-3.67,-91.23
-3.68,-91.24
-3.69,-91.24
-3.7,-91.25
-3.73,-91.26
-3.77,-91.25
-3.81,-91.24
-3.85,-91.23
-3.86,-91.21
-3.84,-91.2
-3.83,-91.18
-3.81,-91.17
-3.8,-91.16
-3.78,-91.15
-3.75,-91.14
-3.72,-91.13
-3.68,-91.13
-3.66,-91.13
-3.63,-91.13
-3.59,-91.14
-3.54,-91.15
-3.48,-91.15
-3.42,-91.16
-3.34,-91.16
-3.26,-91.15
-3.19,-91.15
-3.12,-91.14
-3.06,-91.13
-3.01,-91.11
-2.95,-91.1
-2.89,-91.08
-2.84,-91.07
-2.79,-91.06
-2.75,-91.05
-2.71,-91.05
-2.65,-91.06
-2.6,-91.09
-2.56,-91.15
-2.5,-91.23
-2.43,-91.35
-2.35,-91.49
-2.26,-91.68
-2.17,-91.89
-2.09,-92.13
-2.02,-92.37
-1.94,-92.6
-1.87,-92.81
-1.79,-93.01
-1.72,-93.19
-1.63,-93.37
-1.54,-93.53
-1.44,-93.68
-1.36,-93.81
-1.29,-93.92
-1.22,-93.99
-1.14,-94.02
-1.07,-94.03
-1,-94.03
-0.93,-94
-0.84,-93.97
-0.75,-93.92
-0.65,-93.86
-0.55,-93.81
-0.45,-93.77
-0.33,-93.72
-0.2,-93.67
-0.08,-93.63
0.04,-93.6
0.16,-93.6
0.29,-93.64
0.44,-93.71
0.61,-93.82
0.81,-93.92
0.97,-94.03
1.06,-94.14
1.11,-94.24
1.2,-94.31
1.35,-94.34
1.51,-94.34
1.65,-94.3
1.77,-94.25
1.86,-94.18
1.92,-94.1
2,-94
2.07,-93.88
2.14,-93.74
2.21,-93.58
2.27,-93.41
2.31,-93.24
2.4,-93.09
2.52,-92.94
2.65,-92.77
2.75,-92.59
2.86,-92.4
2.96,-92.21
3.05,-92.01
3.16,-91.83
3.3,-91.66
3.46,-91.52
3.57,-91.47
3.66,-91.39
3.73,-91.28
3.75,-91.26
3.86,-91.27
4.01,-91.26
4.16,-91.26
4.35,-91.24
4.53,-91.23
4.75,-91.19
4.99,-91.17
5.26,-91.14
5.54,-91.1
5.79,-91.04
6.05,-90.95
6.31,-90.86
6.59,-90.76
6.9,-90.67
7.19,-90.61
7.47,-90.54
7.74,-90.49
8,-90.47
8.23,-90.46
8.46,-90.47
8.69,-90.48
8.92,-90.49
9.16,-90.51
9.4,-90.54
9.63,-90.53
9.87,-90.51
10.11,-90.48
10.36,-90.44
10.63,-90.41
10.88,-90.38
11.12,-90.34
11.35,-90.29
11.59,-90.24
11.83,-90.22
12.09,-90.24
12.33,-90.27
12.58,-90.31
12.81,-90.34
13.05,-90.36
13.29,-90.37
13.53,-90.38
13.74,-90.39
13.99,-90.44
14.21,-90.5
14.42,-90.55
14.64,-90.59
14.85,-90.66
15.07,-90.71
15.29,-90.76
15.48,-90.8
15.7,-90.8
15.94,-90.79
16.16,-90.87
16.36,-90.94
16.62,-91.06
16.85,-91.11
17.14,-91.05
17.38,-91.07
17.63,-91.09
17.9,-91.09
18.17,-91.09
18.43,-91.09
18.69,-91.09
18.97,-91.07
19.27,-91.09
19.57,-91.14
19.88,-91.21
20.2,-91.28
20.51,-91.32
20.8,-91.33
21.08,-91.29
21.37,-91.25
21.64,-91.25
21.91,-91.25
22.19,-91.24
22.48,-91.28
22.77,-91.41
23.07,-91.5
23.36,-91.59
23.66,-91.6
23.96,-91.61
24.29,-91.63
24.66,-91.65
25.03,-91.64
25.38,-91.63
25.71,-91.61
26.01,-91.6
26.3,-91.6
26.58,-91.6
26.85,-91.61
27.13,-91.66
27.41,-91.74
27.7,-91.89
28,-92.04
28.33,-92.22
28.68,-92.37
28.98,-92.49
29.26,-92.6
29.65,-92.83
30.06,-92.24
30.36,-92.16
30.64,-92.21
30.93,-92.32
31.21,-92.42
31.48,-92.53
31.75,-92.61
32.02,-92.66
32.29,-92.72
32.57,-92.85
32.83,-93.05
33.1,-93.25
33.36,-93.51
33.59,-93.68
33.84,-93.8
34.1,-93.93
34.36,-94.1
34.62,-94.37
34.87,-94.54
35.13,-94.63
35.4,-94.71
35.67,-94.95
35.94,-95.31
36.19,-95.53
36.45,-95.76
36.71,-95.85
36.95,-95.84
37.22,-95.73
37.48,-94.58
37.75,-93.22
38.01,-91.85
38.27,-90.46
38.53,-89.08
38.79,-87.69
39.03,-86.31
39.28,-84.92
39.53,-85.36
39.74,-85.6
40,-84.51
40.24,-83.4
40.49,-82.15
40.74,-80.86
40.98,-79.54
41.22,-79.61
41.47,-78.27
41.7,-77.04
41.94,-75.79
42.17,-74.51
42.41,-73.22
42.64,-71.93
42.82,-71.84
43.05,-70.46
43.27,-69.16
43.46,-69.61
43.65,-70.07
43.86,-68.94
44.06,-67.83
44.26,-66.64
44.44,-65.85
44.6,-65.83
44.77,-65.29
44.9,-65.32
45.01,-65.29
45.13,-64
45.27,-62.71
45.43,-61.4
45.59,-60.21
45.75,-59.09
45.93,-57.98
46.12,-56.85
46.32,-55.69
46.51,-54.84
46.72,-55.5
46.93,-54.45
47.15,-53.37
47.36,-52.21
47.57,-51.1
47.79,-49.99
48,-48.88
48.21,-47.8
48.42,-46.68
48.63,-45.62
48.84,-44.53
49.05,-43.44
49.25,-42.33
49.46,-41.21
49.66,-40.13
49.87,-39.08
50.07,-37.98
50.26,-36.91
50.45,-35.83
50.64,-34.77
50.82,-33.72
51.01,-32.64
51.19,-31.61
51.38,-30.59
51.56,-29.57
51.75,-28.53
51.94,-27.52
52.12,-26.51
52.31,-25.52
52.51,-24.54
52.7,-23.57
52.87,-23.96
53.05,-23.16
53.23,-22.25
53.41,-21.33
53.59,-20.39
53.78,-19.45
53.96,-18.54
54.14,-17.63
54.32,-16.7
54.5,-15.79
54.68,-14.85
54.86,-13.92
55.04,-13
55.22,-12.06
55.4,-11.14
55.58,-10.19
55.76,-9.28
55.94,-8.38
56.12,-7.47
56.3,-6.57
56.48,-5.67
56.66,-4.75
56.84,-3.87
57.02,-3.01
57.2,-2.13
57.38,-1.29
57.57,-0.45
57.75,0.43
57.93,1.27
58.12,2.11
58.3,2.94
58.48,3.71
58.65,4.48
58.81,5.3
58.98,6.12
59.14,6.92
59.3,7.7
59.46,8.5
59.62,9.3
59.78,10.17
59.95,10.98
60.12,11.78
60.29,12.57
60.45,13.37
60.62,14.15
60.77,14.97
60.93,15.8
61.08,16.57
61.24,17.36
61.39,18.16
61.53,18.95
61.68,19.74
61.82,20.54
61.98,21.31
62.14,22.12
62.3,22.87
62.47,23.59
62.63,24.41
62.8,25.18
62.96,26.01
63.12,26.77
63.29,27.49
63.44,28.21
63.58,28.91
63.72,29.6
63.85,30.31
63.98,31
64.11,31.7
64.23,32.4
64.36,33.1
64.49,33.8
64.62,34.46
64.75,35.16
64.88,35.83
65.02,36.54
65.15,37.23
65.28,37.91
65.4,38.58
65.52,39.24
65.64,39.91
65.76,40.51
65.87,41.17
65.99,41.84
66.1,42.51
66.21,43.17
66.31,43.8
66.42,44.49
66.52,45.16
66.61,45.78
66.71,46.43
66.81,47.07
66.91,47.71
67.01,48.34
67.12,48.99
67.23,49.61
67.35,50.26
67.46,50.88
67.57,51.51
67.68,52.13
67.8,52.75
67.91,53.35
68.02,53.96
68.13,54.55
68.25,55.12
68.36,55.71
68.46,56.29
68.57,56.88
68.68,57.46
68.78,58.02
68.87,58.6
68.96,59.15
69.06,59.73
69.16,60.28
69.27,60.81
69.38,61.35
69.5,61.84
69.6,62.38
69.72,62.89
69.83,63.39
69.93,63.89
70.04,64.4
70.14,64.89
70.24,65.38
70.34,65.88
70.44,66.39
70.54,66.89
70.65,67.4
70.76,67.92
70.87,68.44
70.98,68.96
71.1,69.47
71.21,69.98
71.32,70.5
71.43,71.02
71.54,71.54
71.65,72.06
71.75,72.59
71.86,73.1
71.96,73.6
72.06,74.1
72.16,74.62
72.26,75.13
72.36,75.62
72.46,76.11
72.56,76.6
72.66,77.09
72.76,77.57
72.85,78.05
72.95,78.52
73.05,78.99
73.14,79.48
73.24,79.94
73.34,80.4
73.43,80.86
73.53,81.32
73.62,81.79
73.71,82.26
73.79,82.71
73.88,83.16
73.96,83.61
74.04,84.06
74.12,84.52
74.2,84.96
74.28,85.39
74.35,85.83
74.43,86.27
74.5,86.7
74.58,87.14
74.64,87.57
74.71,88.01
74.77,88.44
74.84,88.87
74.9,89.29
74.97,89.71
75.04,90.14
75.1,90.56
75.17,90.98
75.23,91.4
75.3,91.8
75.36,92.2
75.43,92.59
75.49,93
75.55,93.42
75.61,93.83
75.68,94.26
75.75,94.63
75.82,95.02
75.9,95.41
75.97,95.81
76.06,96.2
76.13,96.57
76.21,96.95
76.27,97.32
76.32,97.7
76.37,98.08
76.42,98.43
76.45,98.81
76.47,99.18
76.51,99.55
76.56,99.91
76.62,100.26
76.66,100.62
76.71,100.97
76.76,101.31
76.82,101.65
76.87,101.99
76.92,102.32
76.98,102.66
77.03,102.99
77.08,103.31
77.13,103.66
77.18,103.99
77.24,104.32
77.3,104.67
77.35,105.04
77.41,105.4
77.46,105.76
77.51,106.09
77.57,106.43
77.62,106.76
77.67,107.11
77.72,107.48
77.77,107.81
77.82,108.14
77.89,108.44
77.96,108.77
78.02,109.1
78.08,109.41
78.15,109.68
78.22,109.98
78.29,110.27
78.35,110.53
78.41,110.81
78.47,111.09
78.52,111.38
78.57,111.66
78.61,111.94
78.65,112.23
78.69,112.53
78.73,112.8
78.77,113.06
78.8,113.34
78.84,113.62
78.88,113.9
78.92,114.19
78.96,114.48
79,114.78
79.05,115.07
79.1,115.37
79.14,115.66
79.19,115.95
79.23,116.23
79.28,116.51
79.32,116.79
79.37,117.08
79.41,117.35
79.45,117.64
79.49,117.91
79.53,118.18
79.57,118.47
79.61,118.76
79.65,119.02
79.69,119.28
79.74,119.54
79.78,119.79
79.82,120.02
79.86,120.26
79.91,120.5
79.95,120.75
79.99,121
80.03,121.26
80.07,121.5
80.1,121.74
80.14,121.99
80.17,122.23
80.21,122.45
80.24,122.68
80.28,122.9
80.32,123.12
80.35,123.35
80.39,123.58
80.42,123.8
80.46,124.03
80.5,124.26
80.54,124.49
80.57,124.71
80.61,124.94
80.65,125.17
80.69,125.39
80.73,125.61
80.76,125.83
80.8,126.05
80.84,126.27
80.87,126.49
80.91,126.72
80.94,126.95
80.98,127.18
81.01,127.39
81.04,127.61
81.08,127.83
81.11,128.05
81.15,128.26
81.19,128.48
81.23,128.68
81.26,128.89
81.3,129.1
81.34,129.3
81.38,129.5
81.42,129.71
81.45,129.91
81.49,130.11
81.53,130.32
81.57,130.52
81.62,130.73
81.67,130.92
81.72,131.11
81.76,131.3
81.8,131.47
81.84,131.65
81.88,131.83
81.91,132.01
81.94,132.18
81.98,132.36
82.01,132.55
82.04,132.74
82.07,132.93
82.1,133.11
82.13,133.28
82.16,133.47
82.18,133.64
82.21,133.82
82.24,134
82.27,134.19
82.29,134.38
82.32,134.56
82.34,134.74
82.37,134.92
82.39,135.11
82.42,135.31
82.44,135.51
82.47,135.69
82.49,135.88
82.51,136.07
82.53,136.25
82.54,136.42
82.56,136.6
82.58,136.77
82.6,136.95
82.61,137.12
82.63,137.28
82.64,137.45
82.65,137.62
82.67,137.77
82.68,137.92
82.7,138.06
82.71,138.22
82.73,138.37
82.75,138.52
82.77,138.68
82.79,138.83
82.8,138.98
82.82,139.11
82.84,139.25
82.87,139.4
82.89,139.55
82.91,139.69
82.94,139.82
82.96,139.95
82.98,140.1
83,140.25
83.02,140.39
83.04,140.55
83.06,140.7
83.08,140.86
83.1,141.01
83.12,141.15
83.14,141.29
83.17,141.44
83.19,141.58
83.21,141.73
83.23,141.87
83.25,142.04
83.27,142.19
83.29,142.33
83.31,142.46
83.33,142.6
83.36,142.74
83.38,142.86
83.4,142.99
83.42,143.12
83.44,143.29
83.46,143.44
83.48,143.59
83.5,143.73
83.52,143.86
83.53,143.98
83.54,144.1
83.55,144.21
83.56,144.31
83.57,144.43
83.58,144.51
83.6,144.58
83.61,144.63
83.63,144.68
83.65,144.74
83.68,144.81
83.7,144.88
83.73,144.96
83.75,145.07
83.78,145.22
83.8,145.34
83.83,145.49
83.85,145.67
83.87,143.95
83.89,142.24
83.91,142.44
83.94,142.63
83.96,142.82
83.98,142.98
84,143.08
84.03,143.15
84.05,143.18
84.07,143.18
84.09,143.15
84.1,143.14
84.12,143.11
84.14,143.08
84.15,143.02
84.16,142.96
84.18,142.87
84.19,142.64
84.2,142.5
84.21,142.47
84.21,142.45
84.22,142.44
84.23,142.4
84.24,142.33
84.24,142.3
84.24,142.22
84.25,142.06
84.25,141.86
84.25,141.67
84.25,141.47
84.26,141.35
84.25,141.26
84.25,141.18
84.24,141.09
84.23,140.99
84.23,140.89
84.22,140.72
84.21,140.54
84.2,140.35
84.2,140.14
84.18,139.9
84.16,139.68
84.13,139.45
84.12,139.22
84.1,139.01
84.1,138.83
84.1,138.68
84.09,138.52
84.09,138.36
84.09,138.24
84.08,138.1
84.07,137.96
84.06,137.79
84.05,137.61
84.03,137.42
84.01,137.22
83.98,137.03
83.95,136.84
83.91,136.64
83.87,136.43
83.83,136.21
83.79,135.98
83.76,135.74
83.74,135.52
83.73,135.25
83.7,135.01
83.69,134.78
83.68,134.54
83.65,134.3
83.63,134.08
83.61,133.86
83.57,133.67
83.53,133.52
83.48,133.36
83.42,133.23
83.36,133.1
83.3,132.97
83.24,132.83
83.18,132.69
83.11,132.55
83.05,132.39
82.99,132.23
82.93,132.05
82.86,131.86
82.8,131.67
82.73,131.48
82.65,131.29
82.58,131.1
82.49,130.93
82.42,130.75
82.34,130.59
82.26,130.43
82.18,130.27
82.1,130.11
82.01,129.96
81.92,129.82
81.83,129.69
81.73,129.59
81.62,129.48
81.52,129.38
81.42,129.26
81.31,129.14
81.22,129
81.12,128.85
81,128.72
80.9,128.57
80.81,128.42
80.71,128.27
80.61,128.11
80.5,127.95
80.47,127.8
80.33,127.63
80.19,127.47
80.06,127.31
79.93,127.17
79.78,127.03
79.62,126.9
79.46,126.75
79.31,126.59
79.2,126.45
79.09,126.32
78.96,126.2
78.83,126.1
78.69,126.01
78.54,125.92
78.39,125.83
78.24,125.74
78.1,125.63
77.95,125.52
77.81,125.41
77.65,125.31
77.48,125.22
77.32,125.13
77.16,125.04
77,124.94
76.84,124.83
76.7,124.73
76.56,124.63
76.43,124.51
76.3,124.37
76.17,124.21
76.05,124.04
75.94,123.85
75.83,123.66
75.73,123.47
75.64,123.27
75.54,123.07
75.44,122.89
75.33,122.72
75.22,122.56
75.1,122.42
74.98,122.27
74.84,122.1
74.7,121.94
74.55,121.81
74.38,121.69
74.21,121.59
74.05,121.5
73.88,121.41
73.71,121.32
73.53,121.22
73.37,121.11
73.21,120.99
73.06,120.88
72.89,120.76
72.73,120.65
72.54,120.55
72.37,120.46
72.18,120.39
72.01,120.33
71.8,120.29
71.58,120.25
71.35,120.22
71.09,120.21
70.89,120.15
70.73,120.09
70.59,120.03
70.46,119.96
70.33,119.86
70.21,119.74
70.1,119.6
70,119.42
69.92,119.23
69.83,119.03
69.74,118.82
69.68,118.6
69.59,118.39
69.49,118.17
69.37,117.96
69.23,117.8
69.08,117.68
68.92,117.57
68.77,117.44
68.61,117.32
68.45,117.23
68.29,117.16
68.13,117.07
67.97,116.96
67.82,116.84
67.68,116.72
67.52,116.6
67.38,116.47
67.27,116.31
67.15,116.15
67.05,115.97
66.94,115.8
66.83,115.63
66.7,115.45
66.57,115.29
66.4,115.17
66.24,115.06
66.03,114.96
65.8,114.88
65.55,114.79
65.3,114.71
65.04,114.67
64.8,114.64
64.51,114.61
64.19,114.59
63.87,114.56
63.54,114.53
63.28,114.49
63,114.47
62.71,114.45
62.45,114.42
62.13,114.38
61.82,114.33
61.51,114.27
61.22,114.19
60.94,114.1
60.68,113.99
60.42,113.88
60.17,113.77
59.94,113.64
59.72,113.51
59.53,113.39
59.34,113.27
59.16,113.17
58.99,113.06
58.82,112.96
58.66,112.86
58.5,112.75
58.35,112.64
58.2,112.53
58.04,112.43
57.88,112.32
57.72,112.21
57.53,112.13
57.34,112.04
57.12,111.94
56.91,111.83
56.68,111.72
56.45,111.62
56.23,111.51
56.01,111.4
55.81,111.3
55.62,111.2
55.41,111.11
55.18,111.03
54.93,110.94
54.66,110.86
54.4,110.78
54.13,110.71
53.86,110.64
53.58,110.57
53.31,110.5
53.05,110.43
52.77,110.36
52.49,110.28
52.21,110.2
51.94,110.12
51.68,110.04
51.42,109.96
51.16,109.88
50.91,109.8
50.66,109.73
50.4,109.66
50.14,109.59
49.87,109.53
49.58,109.48
49.3,109.42
49.01,109.36
48.74,109.3
48.47,109.23
48.22,109.17
47.98,109.11
47.73,109.06
47.47,109
47.22,108.94
46.96,108.88
46.71,108.74
46.48,108.65
46.24,108.58
46,108.51
45.76,108.43
45.52,108.36
45.28,108.3
45.03,108.23
44.78,108.16
44.53,108.09
44.28,108.02
44.02,107.95
43.77,107.89
43.53,107.82
43.28,107.76
43.05,107.69
42.81,107.62
42.58,107.56
42.35,107.49
42.12,107.43
41.9,107.36
41.67,107.3
41.44,107.23
41.21,107.17
40.98,107.1
40.74,107.04
40.51,106.97
40.29,106.91
40.06,106.85
39.84,106.79
39.62,106.72
39.4,106.66
39.18,106.6
38.96,106.54
38.75,106.48
38.53,106.41
38.31,106.35
38.09,106.29
37.87,106.23
37.64,106.18
37.42,106.12
37.21,106.06
36.99,106
36.77,105.94
36.55,105.89
36.33,105.83
36.12,105.78
35.92,105.72
35.71,105.67
35.52,105.61
35.32,105.56
35.14,105.5
34.95,105.45
34.77,105.39
34.58,105.34
34.4,105.28
34.21,105.23
34.02,105.17
33.83,105.12
33.64,105.07
33.45,105.01
33.26,104.96
33.07,104.9
32.87,104.85
32.68,104.8
32.5,104.75
32.33,104.7
32.15,104.65
31.97,104.6
31.8,104.55
31.62,104.49
31.44,104.44
31.26,104.39
31.08,104.35
30.91,104.3
30.73,104.25
30.57,104.21
30.41,104.16
30.25,104.11
30.1,104.07
29.95,104.02
29.8,103.97
29.64,103.93
29.49,103.88
29.34,103.84
29.19,103.79
29.04,103.75
28.89,103.7
28.73,103.65
28.57,103.61
28.39,103.56
28.22,103.51
28.03,103.46
27.83,103.41
27.63,103.36
27.41,103.32
27.21,103.27
27.02,103.23
26.84,103.18
26.67,103.14
26.51,103.1
26.36,103.06
26.21,103.02
26.07,102.98
25.94,102.94
25.8,102.9
25.67,102.86
25.54,102.81
25.41,102.77
25.27,102.73
25.14,102.69
25,102.65
24.86,102.61
24.72,102.56
24.58,102.52
24.44,102.48
24.3,102.44
24.15,102.4
24.01,102.36
23.87,102.32
23.74,102.28
23.6,102.24
23.46,102.2
23.32,102.17
23.19,102.13
23.05,102.09
22.92,102.05
22.78,102.02
22.65,101.98
22.53,101.94
22.4,101.9
22.28,101.86
22.15,101.83
22.04,101.79
21.92,101.75
21.81,101.72
21.7,101.69
21.58,101.65
21.47,101.62
21.35,101.58
21.24,101.55
21.12,101.51
21.01,101.47
20.91,101.44
20.8,101.41
20.69,101.38
20.58,101.35
20.48,101.32
20.37,101.29
20.27,101.26
20.16,101.23
20.04,101.2
19.93,101.17
19.82,101.14
19.71,101.11
19.6,101.08
19.49,101.05
19.39,101.02
19.28,100.99
19.18,100.96
19.08,100.93
18.98,100.9
18.88,100.87
18.79,100.84
18.69,100.81
18.59,100.79
18.5,100.76
18.43,100.73
18.37,100.7
18.31,100.67
18.24,100.63
18.17,100.6
18.1,100.57
18.03,100.54
17.95,100.51
17.88,100.47
17.8,100.44
17.71,100.41
17.62,100.37
17.51,100.34
17.41,100.31
17.29,100.28
17.18,100.25
17.08,100.22
16.97,100.2
16.87,100.17
16.76,100.15
16.67,100.12
16.58,100.09
16.49,100.06
16.41,100.04
16.32,100.01
16.24,99.98
16.16,99.95
16.07,99.92
15.98,99.9
15.9,99.87
15.81,99.85
15.72,99.82
15.62,99.79
15.53,99.77
15.44,99.75
15.36,99.72
15.27,99.7
15.19,99.67
15.11,99.65
15.02,99.62
14.94,99.6
14.86,99.57
14.78,99.55
14.7,99.52
14.63,99.5
14.56,99.47
14.49,99.44
14.41,99.42
14.33,99.39
14.25,99.37
14.16,99.34
14.08,99.32
13.99,99.3
13.91,99.27
13.82,99.25
13.74,99.23
13.65,99.21
13.57,99.19
13.5,99.17
13.42,99.14
13.34,99.12
13.27,99.1
13.2,99.08
13.12,99.05
13.05,99.03
12.97,99.01
12.9,98.99
12.83,98.96
12.75,98.94
12.68,98.92
12.61,98.9
12.54,98.88
12.47,98.85
12.4,98.83
12.32,98.81
12.25,98.79
12.18,98.77
12.11,98.75
12.04,98.73
11.97,98.71
11.9,98.69
11.82,98.67
11.75,98.65
11.68,98.64
11.61,98.62
11.55,98.6
11.48,98.58
11.42,98.56
11.35,98.54
11.29,98.52
11.23,98.5
11.16,98.48
11.1,98.46
11.03,98.44
10.96,98.42
10.9,98.4
10.83,98.39
10.77,98.37
10.7,98.36
10.64,98.34
10.58,98.32
10.52,98.31
10.46,98.29
10.4,98.27
10.33,98.25
10.27,98.24
10.21,98.22
10.15,98.2
10.09,98.19
10.03,98.17
9.97,98.15
9.91,98.13
9.85,98.11
9.8,98.1
9.74,98.08
9.68,98.06
9.62,98.05
9.56,98.03
9.5,98.01
9.45,97.99
9.39,97.98
9.33,97.96
9.27,97.94
9.22,97.93
9.16,97.91
9.1,97.89
9.04,97.88
8.99,97.86
8.93,97.85
8.87,97.83
8.81,97.82
8.75,97.8
8.7,97.79
8.64,97.77
8.58,97.76
8.53,97.74
8.47,97.73
8.42,97.72
8.37,97.7
8.32,97.69
8.26,97.67
8.21,97.66
8.16,97.64
8.11,97.63
8.05,97.61
8,97.6
7.95,97.58
7.9,97.57
7.84,97.55
7.79,97.54
7.74,97.52
7.69,97.51
7.63,97.49
7.58,97.48
7.53,97.47
7.48,97.45
7.42,97.44
7.36,97.43
7.3,97.41
7.25,97.4
7.19,97.39
7.14,97.38
7.09,97.36
7.04,97.35
6.99,97.34
6.95,97.33
6.9,97.31
6.86,97.3
6.82,97.28
6.78,97.27
6.74,97.25
6.69,97.24
6.65,97.23
6.61,97.22
6.57,97.2
6.53,97.19
6.49,97.18
6.45,97.17
6.4,97.16
6.36,97.14
6.31,97.13
6.26,97.12
6.21,97.11
6.17,97.1
6.12,97.09
6.08,97.08
6.04,97.07
6,97.06
5.96,97.05
5.92,97.03
5.88,97.02
5.85,97.01
5.81,97
5.77,96.99
5.73,96.98
5.69,96.97
5.64,96.96
5.6,96.95
5.56,96.94
5.51,96.93
5.47,96.92
5.44,96.9
5.4,96.89
5.37,96.88
5.34,96.87
5.3,96.86
5.27,96.84
5.23,96.83
5.19,96.82
5.15,96.81
5.11,96.8
5.06,96.79
5.01,96.78
4.97,96.77
4.92,96.77
4.88,96.76
4.84,96.75
4.8,96.74
4.77,96.73
4.74,96.73
4.71,96.72
4.68,96.71
4.66,96.7
4.63,96.69
4.61,96.68
4.58,96.66
4.56,96.65
4.53,96.64
4.49,96.63
4.45,96.63
4.41,96.62
4.38,96.61
4.34,96.6
4.3,96.59
4.26,96.58
4.23,96.58
4.19,96.57
4.16,96.56
4.13,96.55
4.1,96.54
4.07,96.53
4.05,96.52
4.02,96.51
3.99,96.5
3.96,96.49
3.94,96.48
3.91,96.48
3.89,96.47
3.86,96.46
3.83,96.45
3.8,96.45
3.77,96.44
3.74,96.43
3.71,96.42
3.69,96.41
3.66,96.4
3.63,96.4
3.6,96.39
3.57,96.38
3.55,96.37
3.52,96.36
3.49,96.36
3.47,96.35
3.44,96.34
3.42,96.33
3.39,96.33
3.37,96.32
3.35,96.31
3.32,96.31
3.3,96.3
3.27,96.29
3.25,96.29
3.23,96.28
3.21,96.27
3.18,96.26
3.16,96.25
3.13,96.25
3.1,96.24
3.08,96.23
3.05,96.22
3.02,96.22
2.99,96.21
2.96,96.2
2.92,96.2
2.89,96.19
2.85,96.19
2.81,96.18
2.78,96.18
2.75,96.17
2.72,96.16
2.7,96.16
2.67,96.15
2.65,96.14
2.68,96.11
2.44,96.12
2.28,96.12
2.21,96.12
2.16,96.1
2.06,96.1
1.98,96.09
1.89,96.09
1.76,96.08
1.65,96.07
1.55,96.06
1.44,96.05
1.33,96.05
1.23,96.04
1.14,96.03
1.07,96.03
1.02,96.03
0.99,96.03
0.97,96.03
0.96,96.03
0.94,96.02
0.93,96.02
0.92,96.02
0.91,96.02
0.9,96.01
0.89,96.01
0.88,96.01
0.88,96
0.87,96
0.86,95.99
0.84,95.99
0.83,95.98
0.81,95.98
0.79,95.97
0.77,95.97
0.75,95.96
0.73,95.96
0.7,95.95
0.66,95.95
0.61,95.94
0.56,95.94
0.51,95.95
0.46,95.95
0.47,95.94
0.49,95.93
0.53,95.93
0.58,95.94
0.63,95.96
0.68,95.99
0.72,96.02
0.76,96.04
0.77,96.06
0.77,96.08
0.76,96.09
0.74,96.1
0.72,96.11
0.7,96.12
0.68,96.11
0.65,96.11
0.63,96.1
0.6,96.08
0.56,96.06
0.51,96.05
0.46,96.03
0.4,96
0.33,95.98
0.25,95.97
0.16,95.96
0.06,95.96
-0.04,95.95
-0.16,95.94
-0.29,95.93
-0.45,95.92
-0.6,95.9
-0.76,95.89
-0.91,95.88
-1.06,95.86
-1.2,95.85
-1.34,95.83
-1.49,95.82
-1.62,95.81
-1.74,95.8
-1.87,95.78
-1.98,95.77
-2.08,95.77
-2.18,95.77
-2.28,95.76
-2.38,95.77
-2.49,95.77
-2.6,95.78
-2.72,95.8
-2.82,95.8
-2.94,95.8
-3.06,95.79
-3.19,95.75
-3.34,95.72
-3.5,95.7
-3.66,95.66
-3.84,95.63
-4.01,95.6
-4.19,95.56
-4.37,95.53
-4.56,95.5
-4.74,95.47
-4.91,95.45
-5.08,95.43
-5.24,95.43
-5.39,95.42
-5.54,95.42
-5.7,95.42
-5.86,95.42
-6.02,95.42
-6.18,95.42
-6.35,95.41
-6.54,95.38
-6.73,95.34
-6.92,95.3
-7.14,95.24
-7.36,95.18
-7.58,95.13
-7.81,95.09
-8.04,95.04
-8.26,94.99
-8.47,94.95
-8.66,94.93
-8.84,94.9
-9.01,94.89
-9.18,94.87
-9.35,94.86
-9.51,94.85
-9.66,94.85
-9.81,94.86
-9.95,94.87
-10.09,94.88
-10.22,94.9
-10.36,94.91
-10.5,94.92
-10.64,94.92
-10.78,94.93
-10.91,94.93
-11.05,94.94
-11.19,94.93
-11.35,94.91
-11.51,94.91
-11.67,94.91
-11.83,94.93
-12,94.95
-12.16,94.96
-12.33,94.95
-12.5,94.94
-12.68,94.92
-12.86,94.9
-13.05,94.87
-13.24,94.82
-13.45,94.77
-13.68,94.72
-13.9,94.68
-14.12,94.65
-14.36,94.6
-14.54,94.55
-14.66,94.56
-14.78,94.55
-14.93,94.52
-15.09,94.48
-15.27,94.44
-15.45,94.41
-15.64,94.37
-15.85,94.35
-16.05,94.39
-16.29,94.42
-16.51,94.4
-16.72,94.36
-16.93,94.3
-17.14,94.26
-17.36,94.21
-17.63,94.15
-17.87,94.1
-18.09,94.07
-18.33,94.03
-18.54,94
-18.71,94.02
-18.87,94.05
-19.02,94.08
-19.17,94.14
-19.31,94.2
-19.45,94.24
-19.6,94.26
-19.76,94.27
-19.91,94.29
-20.07,94.32
-20.23,94.34
-20.41,94.34
-20.58,94.36
-20.75,94.41
-20.91,94.45
-21.07,94.49
-21.23,94.54
-21.36,94.62
-21.49,94.73
-21.61,94.82
-21.72,94.91
-21.84,95
-21.95,95.12
-22.06,95.23
-22.17,95.35
-22.29,95.45
-22.38,95.59
-22.5,95.75
-22.62,95.88
-22.74,96.03
-22.9,96.22
-23.04,96.41
-23.18,96.61
-23.31,96.81
-23.42,96.95
-23.55,97.14
-23.67,97.3
-23.79,97.43
-23.88,97.58
-23.99,97.83
-24.11,97.99
-24.2,98.15
-24.33,98.33
-24.47,98.45
-24.6,98.55
-24.72,98.63
-24.85,98.69
-24.92,98.75
-25.08,98.77
-25.26,98.78
-25.46,98.78
-25.67,98.82
-25.9,98.75
-26.08,98.69
-26.27,98.66
-26.45,98.7
-26.64,98.78
-26.81,98.87
-26.99,98.96
-27.17,99.04
-27.34,99.13
-27.52,99.21
-27.68,99.3
-27.85,99.39
-28.02,99.49
-28.18,99.59
-28.33,99.68
-28.49,99.77
-28.65,99.86
-28.8,99.94
-28.95,100.04
-29.05,100.15
-29.23,100.25
-29.41,100.38
-29.59,100.51
-29.74,100.64
-29.91,100.8
-30.08,100.96
-30.25,101.13
-30.41,101.3
-30.53,101.46
-30.71,101.6
-30.88,101.74
-31.06,101.89
-31.23,102.05
-31.4,102.21
-31.57,102.39
-31.74,102.55
-31.9,102.69
-32.07,102.82
-32.24,102.94
-32.41,103.04
-32.58,103.15
-32.75,103.24
-32.91,103.29
-33.09,103.34
-33.28,103.4
-33.48,103.48
-33.69,103.55
-33.9,103.62
-34.11,103.66
-34.31,103.71
-34.51,103.74
-34.71,103.8
-34.9,103.83
-35.08,103.86
-35.27,103.9
-35.46,103.97
-35.66,104.01
-35.87,104.06
-36.08,104.09
-36.29,104.11
-36.5,104.13
-36.68,104.15
-36.89,104.14
-37.12,104.19
-37.29,104.14
-37.52,104.21
-37.76,104.1
-37.92,104.02
-38.2,102.31
-38.45,100.97
-38.7,101.2
-38.92,101.44
-39.16,101.73
-39.36,101.72
-39.58,101.52
-39.77,101.06
-40,101.1
-40.23,101.37
-40.45,101.63
-40.67,101.92
-40.9,102.2
-41.12,102.49
-41.35,102.77
-41.58,103.04
-41.81,103.31
-42.04,103.59
-42.27,103.86
-42.49,104.15
-42.7,104.42
-42.91,104.69
-43.12,104.96
-43.31,105.23
-43.5,105.5
-43.69,105.75
-43.87,106
-44.06,106.26
-44.26,106.52
-44.45,106.76
-44.65,107.02
-44.85,107.27
-45.05,107.51
-45.26,107.76
-45.46,108
-45.67,108.25
-45.88,108.5
-46.09,108.74
-46.29,108.98
-46.5,109.22
-46.71,109.47
-46.92,109.71
-47.12,109.97
-47.31,110.22
-47.51,110.44
-47.69,110.69
-47.88,110.92
-48.07,111.14
-48.26,111.37
-48.45,111.61
-48.64,111.84
-48.83,112.07
-49.01,112.29
-49.2,112.5
-49.38,112.71
-49.56,112.93
-49.74,113.15
-49.92,113.37
-50.1,113.57
-50.28,113.78
-50.47,113.99
-50.65,114.21
-50.83,114.41
-51.01,114.62
-51.19,114.83
-51.37,115.03
-51.56,115.24
-51.74,115.45
-51.91,115.65
-52.09,115.86
-52.27,116.07
-52.43,116.29
-52.6,116.49
-52.77,116.7
-52.93,116.9
-53.1,117.1
-53.26,117.31
-53.43,117.52
-53.6,117.72
-53.77,117.92
-53.94,118.11
-54.11,118.31
-54.28,118.51
-54.44,118.7
-54.6,118.89
-54.77,119.07
-54.93,119.27
-55.09,119.45
-55.25,119.64
-55.42,119.83
-55.59,120.02
-55.75,120.21
-55.91,120.4
-56.07,120.59
-56.22,120.78
-56.38,120.97
-56.52,121.16
-56.66,121.34
-56.8,121.53
-56.93,121.71
-57.07,121.88
-57.21,122.06
-57.35,122.23
-57.49,122.41
-57.63,122.58
-57.77,122.75
-57.91,122.93
-58.05,123.09
-58.19,123.27
-58.33,123.42
-58.47,123.62
-58.61,123.79
-58.74,123.97
-58.86,124.15
-58.99,124.32
-59.11,124.49
-59.23,124.66
-59.35,124.83
-59.47,125.01
-59.59,125.17
-59.71,125.34
-59.83,125.5
-59.95,125.66
-60.07,125.81
-60.19,125.96
-60.31,126.11
-60.43,126.25
-60.55,126.39
-60.68,126.53
-60.8,126.67
-60.92,126.82
-61.04,126.96
-61.16,127.11
-61.28,127.25
-61.4,127.4
-61.52,127.55
-61.63,127.69
-61.75,127.84
-61.86,127.97
-61.98,128.11
-62.09,128.26
-62.21,128.4
-62.33,128.55
-62.45,128.69
-62.56,128.84
-62.68,128.98
-62.8,129.13
-62.92,129.27
-63.03,129.42
-63.14,129.56
-63.25,129.7
-63.35,129.84
-63.46,129.98
-63.56,130.12
-63.66,130.25
-63.76,130.38
-63.86,130.51
-63.96,130.64
-64.07,130.76
-64.18,130.88
-64.29,131
-64.41,131.13
-64.52,131.26
-64.63,131.39
-64.74,131.52
-64.84,131.65
-64.93,131.79
-65.03,131.91
-65.12,132.03
-65.22,132.14
-65.31,132.26
-65.41,132.36
-65.51,132.48
-65.6,132.59
-65.7,132.7
-65.81,132.81
-65.91,132.92
-66.01,133.03
-66.11,133.14
-66.21,133.25
-66.31,133.37
-66.41,133.49
-66.51,133.61
-66.6,133.74
-66.69,133.86
-66.78,133.99
-66.87,134.11
-66.96,134.22
-67.04,134.34
-67.13,134.45
-67.22,134.57
-67.32,134.69
-67.41,134.8
-67.5,134.91
-67.6,135.01
-67.69,135.13
-67.79,135.24
-67.88,135.36
-67.96,135.47
-68.05,135.59
-68.13,135.7
-68.21,135.81
-68.29,135.92
-68.37,136.02
-68.44,136.12
-68.52,136.23
-68.6,136.33
-68.67,136.43
-68.74,136.53
-68.82,136.62
-68.9,136.71
-68.97,136.79
-69.05,136.89
-69.13,136.97
-69.2,137.05
-69.27,137.13
-69.34,137.2
-69.42,137.28
-69.49,137.35
-69.56,137.42
-69.63,137.5
-69.71,137.57
-69.78,137.66
-69.86,137.74
-69.94,137.84
-70.02,137.94
-70.1,138.03
-70.17,138.14
-70.25,138.24
-70.32,138.35
-70.39,138.1
-70.46,138.19
-70.53,138.3
-70.59,138.4
-70.65,138.5
-70.7,138.59
-70.76,138.68
-70.82,138.77
-70.89,138.84
-70.95,138.92
-71.01,139
-71.06,139.08
-71.12,139.15
-71.17,139.22
-71.23,139.28
-71.29,139.35
-71.35,139.43
-71.41,139.5
-71.47,139.57
-71.52,139.64
-71.58,139.72
-71.64,139.8
-71.7,139.88
-71.77,139.96
-71.83,140.04
-71.89,140.12
-71.96,140.19
-72.02,140.26
-72.09,140.32
-72.16,140.39
-72.22,140.45
-72.29,140.52
-72.35,140.59
-72.42,140.65
-72.48,140.72
-72.55,140.79
-72.61,140.87
-72.67,140.94
-72.73,141
-72.79,141.07
-72.85,141.13
-72.91,141.2
-72.97,141.28
-73.02,141.34
-73.08,141.41
-73.13,141.47
-73.19,141.54
-73.24,141.61
-73.3,141.67
-73.35,141.74
-73.41,141.81
-73.46,141.89
-73.52,141.96
-73.58,142.04
-73.64,142.11
-73.7,142.18
-73.76,142.27
-73.82,142.35
-73.88,142.43
-73.94,142.5
-74,142.58
-74.06,142.65
-74.12,142.72
-74.18,142.79
-74.24,142.85
-74.3,142.91
-74.36,142.97
-74.41,143.02
-74.46,143.08
-74.51,143.12
-74.56,143.17
-74.62,143.22
-74.67,143.27
-74.72,143.31
-74.77,143.35
-74.82,143.41
-74.86,143.46
-74.91,143.51
-74.96,143.57
-75.01,143.61
-75.05,143.66
-75.1,143.7
-75.15,143.75
-75.19,143.8
-75.23,143.85
-75.27,143.89
-75.32,143.95
-75.36,144
-75.4,144.06
-75.45,144.12
-75.5,144.19
-75.54,144.25
-75.59,144.32
-75.64,144.39
-75.69,144.46
-75.74,144.54
-75.79,144.62
-75.83,144.7
-75.88,144.77
-75.93,144.83
-75.98,144.9
-76.02,144.96
-76.07,145.03
-76.11,145.09
-76.15,145.15
-76.2,145.2
-76.24,145.25
-76.29,145.3
-76.33,145.36
-76.37,145.42
-76.42,145.47
-76.46,145.52
-76.5,145.57
-76.54,145.63
-76.57,145.68
-76.61,145.73
-76.65,145.78
-76.68,145.83
-76.72,145.87
-76.75,145.91
-76.79,145.96
-76.83,145.98
-76.87,146.01
-76.9,146.05
-76.94,146.09
-76.98,146.13
-77.01,146.18
-77.04,146.23
-77.08,146.26
-77.11,146.32
-77.14,146.37
-77.18,146.41
-77.21,146.46
-77.25,146.5
-77.28,146.56
-77.32,146.61
-77.35,146.67
-77.38,146.74
-77.4,146.81
-77.43,146.88
-77.45,146.94
-77.47,147
-77.49,147.05
-77.52,147.1
-77.55,147.15
-77.57,147.2
-77.6,147.25
-77.63,147.28
-77.66,147.33
-77.69,147.38
-77.71,147.42
-77.73,147.46
-77.73,147.5
-77.72,147.53
-77.71,147.56
-77.7,147.59
-77.7,147.61
-77.7,147.63
-77.71,147.66
-77.71,147.68
-77.71,147.71
-77.71,147.73
-77.72,147.73
-77.74,147.75
-77.77,147.77
-77.8,147.79
-77.84,147.81
-77.87,147.83
-77.91,147.85
-77.95,147.87
-77.98,147.9
-78.02,147.92
-78.06,147.95
-78.09,147.97
-78.13,147.99
-78.17,148.01
-78.2,148.03
-78.24,148.06
-78.28,148.09
-78.31,148.13
-78.34,148.17
-78.37,148.2
-78.4,148.24
-78.43,148.27
-78.46,148.3
-78.49,148.34
-78.52,148.37
-78.55,148.41
-78.59,148.44
-78.62,148.46
-78.66,148.49
-78.7,148.5
-78.74,148.54
-78.79,148.56
-78.83,148.57
-78.87,148.59
-78.92,148.61
-78.96,148.62
-79,148.63
-79.04,148.65
-79.09,148.67
-79.12,148.7
-79.16,148.73
-79.19,148.76
-79.22,148.78
-79.25,148.8
-79.27,148.83
-79.3,148.86
-79.32,148.9
-79.34,148.92
-79.37,148.95
-79.39,148.97
-79.42,148.99
-79.44,149.02
-79.48,149.05
-79.52,149.11
-79.56,149.15
-79.61,149.18
-79.65,149.22
-79.69,149.26
-79.73,149.3
-79.76,149.34
-79.8,149.37
-79.85,149.08
-79.88,149.16
-79.9,149.23
-79.93,149.27
-79.96,149.31
-79.98,149.34
-80.01,149.39
-80.03,149.43
-80.05,149.47
-80.07,149.5
-80.09,149.54
-80.1,149.58
-80.12,149.6
-80.13,149.63
-80.15,149.66
-80.16,149.69
-80.17,149.73
-80.18,149.76
-80.19,149.79
-80.19,149.82
-80.19,149.85
-80.19,149.87
-80.19,149.89
-80.18,149.9
-80.18,149.93
-80.18,149.95
-80.19,149.97
-80.19,149.99
-80.19,150.02
-80.19,150.06
-80.18,150.08
-80.16,150.11
-80.15,150.13
-80.14,150.15
-80.13,150.18
-80.12,150.18
-80.13,150.2
-80.14,150.23
-80.16,150.25
-80.17,150.28
-80.19,150.32
-80.21,150.33
-80.23,150.35
-80.24,150.38
-80.27,150.4
-80.29,150.41
-80.32,150.42
-80.35,150.43
-80.38,150.43
-80.41,150.43
-80.46,150.38
-80.44,149.12
-80.53,149.31
-80.67,149.38
-80.86,149.55
-81.06,149.69
-81.28,149.8
-81.5,149.97
-81.74,150.12
-81.99,150.24
-82.24,150.34
-82.49,150.47
-82.74,150.57
-82.99,150.66
-83.24,150.72
-83.5,150.77
-83.78,150.83
-84.08,150.87
-84.41,150.9
-84.76,150.93
-85.14,150.96
-85.56,151.01
-86.04,151.05
-86.54,151.08
-87.06,151.13
-87.59,151.16
-88.1,151.22
-88.57,151.28
-89,151.36
-89.39,151.45
-89.75,151.54
-90.09,151.64
-90.41,151.75
-90.72,151.86
-91.01,151.97
-91.26,152.08
-91.47,152.19
-91.62,152.28
-91.73,152.38
-91.84,152.47
-91.94,152.54
-92.05,152.61
-92.17,152.67
-92.29,152.72
-92.42,152.77
-92.57,152.82
-92.74,152.87
-92.94,152.92
-93.15,152.99
-93.38,153.07
-93.6,153.16
-93.82,153.25
-94.02,153.34
-94.2,153.44
-94.37,153.54
-94.51,153.64
-94.64,153.74
-94.72,153.82
-94.81,153.92
-94.9,154.02
-94.97,154.12
-94.99,154.21
-95.01,154.29
-95.06,154.35
-95.2,154.41
-95.41,154.47
-95.67,154.52
-95.98,154.58
-96.28,154.64
-96.59,154.72
-96.83,154.83
-97.03,154.92
-97.2,155.02
-97.33,155.13
-97.41,155.23
-97.44,155.36
-97.42,155.48
-97.36,155.58
-97.29,155.69
-97.2,155.8
-97.1,155.92
-97.02,154.18
-96.94,154.23
-96.89,154.19
-96.85,154.1
-96.8,154.05
-96.73,154.01
-96.68,153.99
-96.82,153.98
-97.03,153.97
-97.24,153.97
-97.43,153.97
-97.61,153.96
-97.75,153.96
-97.84,153.95
-97.87,152.01
-97.85,150.12
-97.85,150.19
-97.85,148.4
-97.78,148.52
-97.62,148.65
-97.51,146.92
-97.46,145.23
-97.49,143.55
-97.59,141.88
-97.76,140.22
-97.97,140.46
-98.2,140.68
-98.51,139.01
-98.76,139.11
-98.92,139.22
-99,139.38
-99.02,139.55
-98.98,139.73
-98.89,139.93
-98.77,140.12
-98.62,140.32
-98.47,140.52
-98.31,140.71
-98.17,140.93
-98.03,141.15
-97.9,141.37
-97.77,141.59
-97.62,141.81
-97.37,140.14
-97.18,140.31
-97.07,140.46
-96.98,140.62
-96.89,140.8
-96.75,140.99
-96.56,141.19
-96.35,141.38
-96.14,141.56
-95.94,141.73
-95.73,141.91
-95.54,142.09
-95.35,142.28
-95.18,142.47
-95.02,142.66
-94.87,142.86
-94.71,143.07
-94.54,143.27
-94.34,143.46
-94.13,143.65
-93.9,143.83
-93.67,144.01
-93.45,144.19
-93.24,144.37
-93.03,144.55
-92.84,144.73
-92.69,144.93
-92.57,145.12
-92.48,145.32
-92.39,145.51
-92.3,145.7
-92.2,143.99
-92.1,142.31
-91.99,142.53
-91.89,142.75
-91.77,142.99
-91.64,143.23
-91.52,143.47
-91.39,143.7
-91.26,143.92
-91.1,144.15
-90.91,144.37
-90.69,144.58
-90.44,144.79
-90.17,145.02
-89.9,145.25
-89.63,145.49
-89.35,145.72
-89.09,145.95
-88.84,146.17
-88.61,146.39
-88.38,146.6
-88.18,146.8
-87.98,147
-87.79,147.2
-87.6,147.4
-87.43,147.6
-87.27,147.8
-87.11,148
-86.94,148.21
-86.77,148.41
-86.59,148.6
-86.41,148.78
-86.25,148.94
-86.09,149.08
-85.94,149.23
-85.8,149.37
-85.69,149.49
-85.56,149.61
-85.45,149.73
-85.35,149.84
-85.27,149.96
-85.18,150.08
-85.1,150.2
-85.02,150.32
-84.95,150.44
-84.88,150.57
-84.82,148.79
-84.77,148.94
-84.73,149.09
-84.68,149.23
-84.62,149.37
-84.56,149.5
-84.5,149.64
-84.46,149.77
-84.45,149.89
-84.43,150.01
-84.42,150.15
-84.43,150.28
-84.46,150.42
-84.5,148.66
-84.56,148.82
-84.64,149
-84.7,149.17
-84.77,149.34
-84.85,149.51
-84.94,149.68
-85.06,149.84
-85.15,149.99
-85.15,150.15
-85.12,150.3
-85.06,150.46
-84.98,150.61
-84.88,150.75
-84.76,150.9
-84.63,151.04
-84.48,151.19
-84.31,151.33
-84.13,151.47
-83.94,151.6
-83.73,151.74
-83.55,151.87
-83.37,151.99
-83.2,152.11
-83.03,152.23
-82.87,152.35
-82.72,152.46
-82.57,152.58
-82.44,152.7
-82.3,152.82
-82.17,152.95
-82.03,153.08
-81.9,153.21
-81.75,153.34
-81.59,153.48
-81.43,153.61
-81.25,153.74
-81.06,153.88
-80.86,152.12
-80.57,152.24
-80.41,152.38
-80.35,152.52
-80.32,152.66
-80.27,152.8
-80.24,152.95
-80.22,153.09
-80.21,153.24
-80.21,153.38
-80.21,153.52
-80.19,153.66
-80.16,153.79
-80.11,153.92
-80.04,154.05
-79.99,154.18
-79.92,154.31
-79.85,154.44
-79.74,154.56
-79.57,154.68
-79.37,154.81
-79.15,154.94
-78.93,155.06
-78.71,155.19
-78.49,155.31
-78.28,155.44
-78.07,155.56
-77.86,155.68
-77.65,155.8
-77.44,155.92
-77.22,156.04
-76.99,156.17
-76.77,156.31
-76.56,156.46
-76.35,156.61
-76.15,156.77
-75.94,156.92
-75.72,157.08
-75.51,157.24
-75.29,157.39
-75.07,157.54
-74.83,157.7
-74.57,157.84
-74.28,157.95
-73.98,158.03
-73.69,156.2
-73.37,156.22
-73.03,156.24
-72.67,156.32
-72.3,156.42
-71.93,156.53
-71.56,156.64
-71.2,156.75
-70.83,156.87
-70.46,156.99
-70.1,157.1
-69.74,157.22
-69.38,157.33
-69.02,157.45
-68.67,157.56
-68.31,157.67
-67.96,157.78
-67.61,157.89
-67.27,158.01
-66.92,158.11
-66.58,158.22
-66.24,158.33
-65.89,158.44
-65.56,158.54
-65.22,158.65
-64.88,158.75
-64.55,158.85
-64.22,158.96
-63.89,159.06
-63.56,159.16
-63.24,159.26
-62.91,159.37
-62.59,159.47
-62.27,159.57
-61.95,159.67
-61.63,159.77
-61.32,159.87
-61,159.97
-60.69,160.07
-60.38,160.18
-60.07,160.28
-59.76,160.37
-59.45,160.47
-59.15,160.57
-58.85,160.67
-58.55,160.76
-58.25,160.86
-57.95,160.95
-57.65,161.05
-57.36,161.14
-57.06,161.23
-56.77,161.32
-56.48,161.42
-56.19,161.51
-55.9,161.59
-55.62,161.68
-55.34,161.77
-55.05,161.86
-54.77,161.95
-54.49,162.03
-54.22,162.12
-53.94,162.2
-53.67,162.29
-53.39,162.38
-53.12,162.46
-52.85,162.55
-52.58,162.63
-52.31,162.71
-52.05,162.8
-51.78,162.88
-51.52,162.96
-51.26,163.05
-51,163.13
-50.74,163.21
-50.48,163.29
-50.23,163.37
-49.97,163.45
-49.72,163.53
-49.46,163.61
-49.21,163.69
-48.96,163.77
-48.71,163.85
-48.46,163.93
-48.22,164.01
-47.97,164.09
-47.73,164.17
-47.49,164.25
-47.25,164.32
-47.01,164.4
-46.77,164.48
-46.54,164.55
-46.3,164.63
-46.07,164.7
-45.83,164.77
-45.6,164.85
-45.37,164.92
-45.14,164.99
-44.92,165.06
-44.69,165.13
-44.46,165.2
-44.24,165.27
-44.02,165.34
-43.79,165.41
-43.57,165.47
-43.35,165.54
-43.14,165.61
-42.92,165.68
-42.7,165.74
-42.49,165.81
-42.27,165.88
-42.06,165.95
-41.85,166.01
-41.64,166.08
-41.43,166.15
-41.22,166.21
-41.01,166.28
-40.81,166.34
-40.6,166.41
-40.4,166.47
-40.19,166.54
-39.99,166.6
-39.79,166.67
-39.59,166.73
-39.39,166.8
-39.19,166.86
-39,166.92
-38.8,166.98
-38.61,167.05
-38.41,167.11
-38.22,167.17
-38.03,167.23
-37.84,167.29
-37.65,167.35
-37.46,167.41
-37.28,167.47
-37.09,167.53
-36.9,167.59
-36.72,167.64
-36.54,167.7
-36.36,167.76
-36.17,167.81
-35.99,167.87
-35.81,167.92
-35.63,167.98
-35.46,168.03
-35.28,168.09
-35.1,168.14
-34.93,168.2
-34.76,168.26
-34.58,168.31
-34.41,168.37
-34.24,168.42
-34.07,168.48
-33.9,168.53
-33.74,168.58
-33.57,168.64
-33.4,168.69
-33.24,168.74
-33.07,168.79
-32.91,168.84
-32.75,168.89
-32.59,168.94
-32.42,168.99
-32.26,169.04
-32.1,169.09
-31.94,169.14
-31.79,169.19
-31.63,169.23
-31.47,169.27
-31.31,169.32
-31.15,169.36
-31,169.4
-30.84,169.45
-30.69,169.49
-30.53,169.53
-30.38,169.58
-30.23,169.62
-30.08,169.67
-29.93,169.71
-29.78,169.76
-29.64,169.8
-29.49,169.84
-29.35,169.89
-29.2,169.93
-29.06,169.97
-28.91,170.01
-28.77,170.06
-28.63,170.1
-28.49,170.14
-28.34,170.18
-28.2,170.22
-28.06,170.26
-27.92,170.3
-27.79,170.34
-27.65,170.38
-27.5,170.41
-27.36,170.45
-27.22,170.47
-27.08,170.5
-26.94,170.53
-26.8,170.54
-26.66,168.65
-26.52,168.67
-26.39,168.7
-26.26,168.75
-26.12,168.79
-25.99,168.83
-25.86,168.87
-25.73,168.91
-25.59,168.95
-25.46,168.98
-25.33,169.01
-25.2,169.03
-25.06,169.05
-24.93,169.08
-24.81,169.11
-24.68,169.15
-24.56,169.19
-24.44,169.23
-24.32,169.28
-24.2,169.32
-24.08,169.37
-23.96,169.41
-23.85,169.45
-23.73,169.49
-23.62,169.53
-23.5,169.57
-23.39,169.62
-23.28,169.66
-23.17,169.71
-23.06,169.75
-22.95,169.79
-22.84,169.83
-22.73,169.87
-22.62,169.92
-22.51,169.96
-22.41,170
-22.3,170.04
-22.2,170.09
-22.09,170.13
-21.99,170.17
-21.89,170.22
-21.78,170.26
-21.68,170.3
-21.58,170.34
-21.48,170.38
-21.38,170.42
-21.27,170.46
-21.17,170.5
-21.07,170.54
-20.97,170.58
-20.87,170.62
-20.78,170.65
-20.68,170.69
-20.58,170.73
-20.49,170.77
-20.39,170.81
-20.29,170.85
-20.2,170.88
-20.11,170.92
-20.01,170.95
-19.92,170.99
-19.83,171.02
-19.73,171.06
-19.64,171.09
-19.55,171.13
-19.46,171.16
-19.37,171.2
-19.28,171.23
-19.19,171.27
-19.1,171.3
-19.01,171.34
-18.92,171.37
-18.83,171.41
-18.74,171.44
-18.66,171.47
-18.57,171.51
-18.48,171.54
-18.4,171.58
-18.31,171.61
-18.23,171.64
-18.14,171.67
-18.06,171.71
-17.98,171.74
-17.89,171.77
-17.81,171.8
-17.73,171.84
-17.65,171.87
-17.57,171.9
-17.49,171.93
-17.41,171.97
-17.33,172
-17.25,172.03
-17.18,172.07
-17.1,172.1
-17.02,172.13
-16.94,172.16
-16.86,172.19
-16.78,172.22
-16.72,172.26
-16.64,172.28
-16.56,172.31
-16.48,172.33
-16.41,172.36
-16.33,172.39
-16.26,172.42
-16.19,172.45
-16.12,172.48
-16.04,172.51
-15.97,172.53
-15.9,172.56
-15.83,172.59
-15.76,172.62
-15.69,172.65
-15.62,172.67
-15.55,172.7
-15.48,172.73
-15.41,172.76
-15.34,172.78
-15.27,172.81
-15.2,172.84
-15.14,172.86
-15.07,172.89
-15,172.92
-14.94,172.95
-14.87,172.97
-14.8,173
-14.74,173.03
-14.67,173.05
-14.61,173.08
-14.54,173.1
-14.48,173.13
-14.42,173.15
-14.35,173.18
-14.29,173.2
-14.23,173.23
-14.17,173.25
-14.11,173.28
-14.04,173.3
-13.98,173.33
-13.92,173.35
-13.86,173.38
-13.8,173.41
-13.74,173.43
-13.68,173.46
-13.62,173.48
-13.56,173.51
-13.5,173.53
-13.44,173.55
-13.38,173.58
-13.32,173.6
-13.27,173.62
-13.21,173.64
-13.15,173.67
-13.09,173.69
-13.04,173.71
-12.98,173.73
-12.93,173.75
-12.87,173.77
-12.81,173.79
-12.76,173.81
-12.7,173.83
-12.65,173.85
-12.59,173.87
-12.54,173.89
-12.49,173.91
-12.43,173.94
-12.38,173.96
-12.33,173.98
-12.28,174
-12.22,174.02
-12.17,174.04
-12.12,174.06
-12.07,174.08
-12.02,174.1
-11.97,174.12
-11.92,174.15
-11.87,174.17
-11.82,174.19
-11.77,174.21
-11.72,174.23
-11.67,174.25
-11.62,174.26
-11.57,174.28
-11.52,174.3
-11.47,174.32
-11.43,174.34
-11.38,174.36
-11.33,174.37
-11.28,174.39
-11.24,174.41
-11.19,174.43
-11.15,174.45
-11.1,174.47
-11.05,174.48
-11.01,174.5
-10.96,174.52
-10.92,174.54
-10.87,174.56
-10.83,174.58
-10.79,174.6
-10.74,174.61
-10.7,174.63
-10.66,174.65
-10.61,174.67
-10.57,174.68
-10.53,174.7
-10.49,174.71
-10.44,174.73
-10.4,174.75
-10.36,174.76
-10.32,174.78
-10.28,174.8
-10.23,174.81
-10.19,174.83
-10.15,174.84
-10.11,174.86
-10.07,174.88
-10.03,174.89
-9.99,174.91
-9.95,174.92
-9.91,174.94
-9.87,174.95
-9.83,174.97
-9.8,174.98
-9.76,175
-9.72,175.01
-9.68,175.03
-9.65,175.04
-9.61,175.06
-9.57,175.07
-9.53,175.09
-9.49,175.1
-9.46,175.12
-9.42,175.13
-9.38,175.15
-9.35,175.16
-9.31,175.18
-9.27,175.19
-9.23,175.21
-9.2,175.22
-9.16,175.24
-9.13,175.25
-9.09,175.27
-9.06,175.28
-9.02,175.3
-8.99,175.31
-8.95,175.32
-8.92,175.34
-8.89,175.35
-8.85,175.37
-8.82,175.38
-8.79,175.39
-8.75,175.41
-8.72,175.42
-8.69,175.43
-8.65,175.45
-8.62,175.46
-8.59,175.47
-8.56,175.48
-8.53,175.49
-8.49,175.51
-8.46,175.52
-8.43,175.53
-8.4,175.54
-8.37,175.56
-8.34,175.57
-8.31,175.58
-8.28,175.59
-8.25,175.6
-8.22,175.62
-8.19,175.63
-8.16,175.64
-8.13,175.65
-8.1,175.67
-8.07,175.68
-8.04,175.69
-8.01,175.7
-7.98,175.72
-7.95,175.73
-7.92,175.74
-7.89,175.75
-7.86,175.76
-7.83,175.78
-7.81,175.79
-7.78,175.8
-7.75,175.81
-7.72,175.83
-7.7,175.84
-7.67,175.85
-7.64,175.86
-7.62,175.87
-7.59,175.88
-7.56,175.89
-7.53,175.9
-7.51,175.91
-7.48,175.92
-7.45,175.93
-7.43,175.93
-7.4,175.94
-7.38,175.95
-7.35,175.96
-7.32,175.97
-7.3,175.98
-7.27,175.99
-7.25,176.01
-7.22,176.02
-7.2,176.02
-7.17,176.03
-7.15,176.04
-7.12,176.05
-7.1,176.06
-7.07,176.07
-7.05,176.08
-7.02,176.09
-7,176.1
-6.97,176.11
-6.95,176.12
-6.92,176.13
-6.9,176.14
-6.88,176.15
-6.85,176.16
-6.83,176.17
-6.81,176.18
-6.78,176.19
-6.76,176.2
-6.74,176.2
-6.71,176.22
-6.69,176.22
-6.67,176.23
-6.65,176.24
-6.63,176.25
-6.61,176.26
-6.58,176.26
-6.56,176.27
-6.54,176.28
-6.52,176.29
-6.5,176.3
-6.48,176.3
-6.46,176.31
-6.43,176.32
-6.41,176.33
-6.39,176.33
-6.37,176.34
-6.35,176.35
-6.33,176.36
-6.31,176.37
-6.29,176.38
-6.27,176.38
-6.25,176.39
-6.23,176.4
-6.21,176.41
-6.19,176.42
-6.18,176.43
-6.16,176.44
-6.14,176.44
-6.12,176.45
-6.1,176.46
-6.08,176.47
-6.06,176.48
-6.04,176.48
-6.02,176.49
-6,176.5
-5.99,176.51
-5.97,176.51
-5.95,176.52
-5.93,176.53
-5.91,176.54
-5.89,176.54
-5.88,176.55
-5.86,176.56
-5.84,176.56
-5.82,176.57
-5.81,176.58
-5.79,176.58
-5.77,176.59
-5.76,176.6
-5.74,176.61
-5.72,176.61
-5.7,176.62
-5.69,176.63
-5.67,176.63
-5.66,176.64
-5.64,176.65
-5.62,176.65
-5.6,176.66
-5.59,176.67
-5.57,176.67
-5.55,176.68
-5.54,176.69
-5.52,176.69
-5.5,176.7
-5.49,176.7
-5.47,176.71
-5.46,176.72
-5.44,176.72
-5.42,176.73
-5.41,176.74
-5.39,176.74
-5.38,176.75
-5.36,176.76
-5.35,176.76
-5.33,176.77
-5.32,176.78
-5.3,176.78
-5.29,176.79
-5.27,176.79
-5.26,176.8
-5.24,176.8
-5.23,176.81
-5.22,176.81
-5.2,176.82
-5.19,176.82
-5.17,176.83
-5.16,176.83
-5.15,176.84
-5.13,176.84
-5.12,176.85
-5.1,176.85
-5.09,176.86
-5.08,176.86
-5.06,176.87
-5.05,176.87
-5.04,176.88
-5.02,176.88
-5.01,176.89
-5,176.9
-4.98,176.9
-4.97,176.91
-4.96,176.91
-4.94,176.92
-4.93,176.92
-4.92,176.93
-4.91,176.94
-4.89,176.94
-4.88,176.95
-4.87,176.95
-4.86,176.96
-4.84,176.97
-4.83,176.97
-4.82,176.98
-4.81,176.98
-4.79,176.99
-4.78,176.99
-4.77,177
-4.76,177
-4.75,177.01
-4.73,177.01
-4.72,177.02
-4.71,177.02
-4.7,177.03
-4.69,177.03
-4.67,177.03
-4.66,177.04
-4.65,177.04
-4.64,177.04
-4.63,177.05
-4.62,177.05
-4.61,177.05
-4.59,177.06
-4.58,177.06
-4.57,177.07
-4.56,177.07
-4.55,177.08
-4.54,177.08
-4.53,177.08
-4.52,177.09
-4.51,177.09
-4.49,177.1
-4.48,177.1
-4.47,177.11
-4.46,177.11
-4.45,177.12
-4.44,177.12
-4.43,177.13
-4.42,177.13
-4.41,177.14
-4.4,177.14
-4.39,177.15
-4.38,177.15
-4.37,177.16
-4.36,177.16
-4.35,177.16
-4.34,177.17
-4.33,177.17
-4.33,177.17
-4.32,177.18
-4.31,177.18
-4.3,177.19
-4.29,177.19
-4.28,177.19
-4.27,177.2
-4.26,177.2
-4.25,177.2
-4.24,177.21
-4.23,177.21
-4.22,177.21
-4.21,177.22
-4.2,177.22
-4.19,177.22
-4.19,177.23
-4.18,177.23
-4.17,177.23
-4.16,177.24
-4.15,177.24
-4.14,177.25
-4.13,177.25
-4.12,177.25
-4.12,177.26
-4.11,177.26
-4.1,177.26
-4.09,177.27
-4.08,177.27
-4.07,177.28
-4.07,177.28
-4.06,177.28
-4.05,177.29
-4.04,177.29
-4.04,177.29
-4.03,177.3
-4.02,177.3
-4.01,177.3
-4,177.31
-4,177.31
-3.99,177.31
-3.98,177.31
-3.97,177.31
-3.96,177.31
-3.96,177.31
-3.95,177.32
-3.94,177.32
-3.93,177.32
-3.93,177.32
-3.92,177.33
-3.91,177.33
-3.9,177.34
-3.9,177.34
-3.89,177.35
-3.88,177.35
-3.88,177.35
-3.87,177.36
-3.86,177.36
-3.85,177.37
-3.85,177.37
-3.84,177.37
-3.83,177.38
-3.83,177.38
-3.82,177.39
-3.81,177.39
-3.81,177.39
-3.8,177.4
-3.79,177.4
-3.79,177.4
-3.78,177.41
-3.77,177.41
-3.77,177.41
-3.76,177.41
-3.75,177.41
-3.75,177.41
-3.74,177.42
-3.73,177.42
-3.73,177.42
-3.72,177.42
-3.71,177.42
-3.71,177.42
-3.7,177.42
-3.7,177.43
-3.69,177.43
-3.68,177.43
-3.68,177.43
-3.67,177.43
-3.66,177.43
-3.66,177.44
-3.65,177.44
-3.65,177.44
-3.64,177.44
-3.63,177.45
-3.63,177.45
-3.62,177.45
-3.61,177.46
-3.61,177.46
-3.6,177.46
-3.6,177.47
-3.59,177.47
-3.59,177.48
-3.58,177.48
-3.58,177.48
-3.57,177.48
-3.56,177.49
-3.56,177.49
-3.55,177.49
-3.55,177.49
-3.54,177.5
-3.54,177.5
-3.53,177.5
-3.53,177.5
-3.52,177.5
-3.52,177.51
-3.51,177.51
-3.5,177.51
-3.5,177.51
-3.49,177.51
-3.49,177.51
-3.48,177.51
-3.48,177.51
-3.47,177.52
-3.47,177.52
-3.47,177.52
-3.46,177.52
-3.45,177.52
-3.45,177.52
-3.45,177.52
-3.44,177.53
-3.44,177.53
-3.43,177.53
-3.43,177.53
-3.42,177.54
-3.42,177.54
-3.41,177.54
-3.41,177.54
-3.4,177.55
-3.4,177.55
-3.39,177.55
-3.39,177.55
-3.38,177.55
-3.38,177.56
-3.37,177.56
-3.37,177.56
-3.36,177.56
-3.36,177.56
-3.35,177.57
-3.35,177.57
-3.34,177.57
-3.34,177.57
-3.33,177.57
-3.33,177.57
-3.32,177.57
-3.32,177.58
-3.31,177.58
-3.31,177.58
-3.31,177.58
-3.3,177.58
-3.3,177.58
-3.29,177.58
-3.29,177.59
-3.29,177.59
-3.28,177.59
-3.28,177.59
-3.27,177.59
-3.27,177.59
-3.27,177.59
-3.26,177.59
-3.26,177.6
-3.25,177.6
-3.25,177.6
-3.25,177.6
-3.24,177.6
-3.24,177.6
-3.23,177.6
-3.23,177.61
-3.23,177.61
-3.22,177.61
-3.22,177.61
-3.22,177.62
-3.21,177.62
-3.21,177.62
-3.2,177.62
-3.2,177.62
-3.19,177.63
-3.19,177.63
-3.19,177.63
-3.18,177.63
-3.18,177.63
-3.17,177.64
-3.17,177.64
-3.17,177.64
-3.16,177.64
-3.16,177.64
-3.15,177.64
-3.15,177.64
-3.15,177.65
-3.15,177.65
-3.14,177.65
-3.14,177.65
-3.14,177.65
-3.13,177.65
-3.13,177.65
-3.13,177.65
-3.12,177.65
-3.12,177.65
-3.12,177.66
-3.11,177.66
-3.11,177.66
-3.11,177.66
-3.1,177.66
-3.1,177.66
-3.1,177.66
-3.09,177.66
-3.09,177.66
-3.09,177.66
-3.08,177.66
-3.08,177.66
-3.08,177.66
-3.07,177.66
-3.07,177.67
-3.07,177.67
-3.06,177.67
-3.06,177.67
-3.06,177.67
-3.05,177.67
-3.05,177.67
-3.05,177.68
-3.05,177.68
-3.04,177.68
-3.04,177.68
-3.04,177.69
-3.03,177.69
-3.03,177.69
-3.03,177.69
-3.03,177.69
-3.02,177.69
-3.02,177.69
-3.02,177.7
-3.02,177.7
-3.02,177.7
-3.01,177.7
-3.01,177.7
-3.01,177.7
-3.01,177.7
-3,177.7
-3,177.7
-3,177.7
-2.99,177.7
-2.99,177.7
-2.99,177.7
-2.99,177.7
-2.98,177.7
-2.98,177.7
-2.98,177.7
-2.98,177.7
-2.97,177.7
-2.97,177.7
-2.97,177.7
-2.97,177.7
-2.97,177.71
-2.96,177.71
-2.96,177.71
-2.96,177.71
-2.96,177.71
-2.96,177.71
-2.95,177.71
-2.95,177.71
-2.95,177.71
-2.95,177.72
-2.94,177.72
-2.94,177.72
-2.94,177.72
-2.94,177.72
-2.93,177.72
-2.93,177.72
-2.93,177.72
-2.93,177.72
-2.93,177.73
-2.92,177.73
-2.92,177.73
-2.92,177.73
-2.92,177.73
-2.91,177.73
-2.91,177.73
-2.91,177.73
-2.91,177.73
-2.91,177.73
-2.9,177.73
-2.9,177.73
-2.9,177.73
-2.9,177.73
-2.89,177.73
-2.89,177.73
-2.89,177.73
-2.89,177.73
-2.88,177.73
-2.88,177.73
-2.88,177.74
-2.88,177.74
-2.87,177.74
-2.87,177.74
-2.87,177.74
-2.87,177.74
-2.86,177.75
-2.86,177.75
-2.86,177.75
-2.86,177.75
-2.86,177.75
-2.85,177.75
-2.85,177.76
-2.85,177.76
-2.85,177.76
-2.85,177.76
-2.85,177.76
-2.84,177.76
-2.84,177.76
-2.84,177.76
-2.84,177.76
-2.84,177.76
-2.84,177.76
-2.83,177.76
-2.83,177.76
-2.83,177.76
-2.83,177.76
-2.83,177.76
-2.83,177.76
-2.82,177.76
-2.82,177.76
-2.82,177.76
-2.82,177.76
-2.82,177.76
-2.81,177.76
-2.81,177.76
-2.81,177.76
-2.81,177.76
-2.81,177.76
-2.81,177.77
-2.8,177.77
-2.8,177.77
-2.8,177.77
-2.8,177.77
-2.8,177.78
-2.8,177.78
-2.8,177.78
-2.79,177.78
-2.79,177.78
-2.79,177.78
-2.79,177.78
-2.79,177.78
-2.79,177.78
-2.79,177.78
-2.78,177.78
-2.78,177.78
-2.78,177.78
-2.78,177.78
-2.78,177.78
-2.78,177.78
-2.78,177.78
-2.78,177.78
-2.77,177.78
-2.77,177.78
-2.77,177.78
-2.77,177.78
-2.77,177.78
-2.77,177.78
-2.76,177.78
-2.76,177.78
-2.76,177.78
-2.76,177.78
-2.76,177.78
-2.76,177.78
-2.76,177.78
-2.76,177.78
-2.75,177.78
-2.75,177.78
-2.75,177.79
-2.75,177.79
-2.75,177.79
-2.75,177.79
-2.75,177.79
-2.74,177.79
-2.74,177.79
-2.74,177.8
-2.74,177.8
-2.74,177.8
-2.74,177.8
-2.74,177.8
-2.74,177.8
-2.73,177.8
-2.73,177.8
-2.73,177.8
-2.73,177.8
-2.73,177.8
-2.73,177.8
-2.73,177.8
-2.72,177.8
-2.72,177.8
-2.72,177.8
-2.72,177.8
-2.72,177.81
-2.72,177.81
-2.72,177.81
-2.72,177.8
-2.72,177.81
-2.71,177.81
-2.71,177.81
-2.71,177.81
-2.71,177.81
-2.71,177.81
-2.71,177.81
-2.71,177.81
-2.71,177.81
-2.7,177.81
-2.7,177.81
-2.7,177.81
-2.7,177.81
-2.7,177.81
-2.7,177.81
-2.7,177.81
-2.7,177.81
-2.69,177.82
-2.69,177.82
-2.69,177.82
-2.69,177.82
-2.69,177.82
-2.69,177.82
-2.69,177.82
-2.69,177.82
-2.69,177.82
-2.69,177.82
-2.68,177.82
-2.68,177.82
-2.68,177.82
-2.68,177.82
-2.68,177.82
-2.68,177.82
-2.68,177.82
-2.68,177.82
-2.68,177.82
-2.68,177.82
-2.68,177.82
-2.68,177.82
-2.68,177.82
-2.67,177.82
-2.67,177.82
-2.67,177.82
-2.67,177.82
-2.67,177.83
-2.67,177.83
-2.67,177.83
-2.67,177.83
-2.67,177.83
-2.67,177.83
-2.67,177.83
