0.65,-93.04,129.72,,,,
0.64,-93.04,129.72,,,,
0.64,-93.04,129.73,,,,
0.63,-93.04,129.73,,,,
0.63,-93.04,129.72,,-6.4,,-95.54
0.62,-93.04,129.71,,5.76,,-90.08
0.62,-93.04,129.71,,,,
0.61,-93.05,129.71,,,,
0.61,-93.05,129.73,,,,
0.61,-93.05,129.72,,,,
0.6,-93.05,129.72,,,,
0.59,-93.05,129.71,,,,
0.59,-93.05,129.71,,,,
0.58,-93.05,129.7,,,,
0.58,-93.06,129.71,,,,
0.57,-93.06,129.71,,,,
0.56,-93.06,129.72,,,,
0.56,-93.06,129.72,,,,
0.55,-93.06,129.71,,,,
0.55,-93.06,129.71,,,,
0.55,-93.06,129.71,,,,
0.54,-93.06,129.71,,,,
0.54,-93.06,129.71,,,,
0.54,-93.06,129.72,,,,
0.53,-93.06,129.72,,,,
0.53,-93.06,129.71,,,,
0.53,-93.06,129.72,,,,
0.52,-93.06,129.73,,,,
0.52,-93.06,129.73,,,,
0.52,-93.06,129.73,,,,
0.51,-93.06,129.72,,,,
0.51,-93.07,129.71,,,,
0.51,-93.06,129.7,,,,
0.6,-93.18,129.69,,,,
0.61,-93.24,129.7,,,,
0.62,-93.27,129.71,,,,
0.62,-93.25,129.72,,,,
0.61,-93.23,129.73,,,,
0.59,-93.21,129.73,,,,
0.58,-93.2,129.74,,,,
0.58,-93.2,129.74,,,,
0.6,-93.21,129.74,,,,
0.61,-93.24,129.75,,,,
0.64,-93.24,129.75,,,,
0.68,-93.26,129.74,,,,
0.73,-93.27,129.74,,,,
0.77,-93.29,129.73,,,,
0.82,-93.31,129.72,,,,
0.86,-93.32,129.71,,,,
0.9,-93.34,129.71,,,,
0.93,-93.35,129.71,,,,
0.96,-93.35,129.71,,,,
0.98,-93.34,129.71,,,,
1,-93.34,129.7,,,,
1.03,-93.34,129.71,,,,
1.05,-93.35,129.72,,,,
1.07,-93.34,129.72,,,,
1.08,-93.34,129.73,,,,
1.07,-93.36,129.73,,,,
1.07,-93.35,129.73,,,,
1.07,-93.36,129.74,,,,
1.07,-93.38,129.74,,,,
1.09,-93.4,129.74,,,,
1.13,-93.43,129.74,,,,
1.2,-93.45,129.75,,,,
1.26,-93.47,129.75,,,,
1.33,-93.49,129.75,,,,
1.4,-93.5,129.76,,,,
1.46,-93.5,129.77,,,,
1.51,-93.51,129.77,,,,
1.56,-93.51,129.79,,,,
1.58,-93.5,129.79,,,,
1.57,-93.5,129.79,,,,
1.55,-93.48,129.8,,,,
1.51,-93.46,129.8,,,,
1.47,-93.45,129.81,,,,
1.41,-93.43,129.82,,,,
1.35,-93.42,129.83,,,,
1.28,-93.41,129.84,,,,
1.21,-93.39,129.85,,,,
1.14,-93.37,129.86,,,,
1.07,-93.36,129.87,,,,
0.98,-93.35,129.88,,,,
0.9,-93.34,129.9,,,,
0.82,-93.33,129.92,,,,
0.73,-93.31,129.94,,,,
0.64,-93.28,129.95,,,,
0.54,-93.26,129.97,,,,
0.46,-93.25,129.98,,,,
0.36,-93.25,130,,,,
0.27,-93.26,130.01,,,,
0.18,-93.25,130.02,,,,
0.1,-93.24,130.03,,,,
0.02,-93.23,130.04,,,,
-0.05,-93.22,130.06,,,,
-0.14,-93.22,130.08,,,,
-0.23,-93.2,130.09,,,,
-0.31,-93.18,130.11,,,,
-0.38,-93.16,130.12,,,,
-0.45,-93.13,130.13,,,,
-0.51,-93.1,130.14,,,,
-0.58,-93.07,130.16,,,,
-0.66,-93.03,130.18,,,,
-0.71,-93.01,130.2,,,,
-0.76,-92.99,130.2,,,,
-0.8,-92.95,130.21,,,,
-0.83,-92.93,130.22,,,,
-0.87,-92.9,130.23,,,,
-0.89,-92.86,130.24,,,,
-0.91,-92.83,130.25,,,,
-0.91,-92.8,130.25,,,,
-0.92,-92.77,130.25,,,,
-0.9,-92.75,130.25,,,,
-0.87,-92.73,130.26,,,,
-0.83,-92.7,130.26,,,,
-0.79,-92.66,130.27,,,,
-0.74,-92.61,130.28,,,,
-0.68,-92.59,130.28,,,,
-0.62,-92.54,130.28,,,,
-0.54,-92.5,130.28,,,,
-0.47,-92.45,130.28,,,,
-0.39,-92.4,130.28,,,,
-0.3,-92.35,130.27,,,,
-0.22,-92.32,130.27,,,,
-0.13,-92.3,130.27,,,,
-0.03,-92.29,130.28,,,,
0.06,-92.26,130.27,,,,
0.15,-92.25,130.27,,,,
0.24,-92.25,130.26,,,,
0.32,-92.25,130.25,,,,
0.41,-92.25,130.24,,,,
0.47,-92.24,130.23,,,,
0.54,-92.22,130.21,,,,
0.61,-92.16,130.21,,,,
0.69,-92.11,130.21,,,,
0.77,-92.05,130.21,,,,
0.88,-91.97,130.21,,,,
1,-91.89,130.2,,,,
1.12,-91.84,130.19,,,,
1.26,-91.79,130.18,,,,
1.39,-91.75,130.17,,,,
1.53,-91.7,130.16,,,,
1.7,-91.66,130.15,,,,
1.87,-91.62,130.15,,,,
2.03,-91.6,130.14,,,,
2.2,-91.57,130.14,,,,
2.37,-91.53,130.14,,,,
2.53,-91.48,130.13,,,,
2.71,-91.47,130.13,,,,
2.91,-91.48,130.13,,,,
3.12,-91.51,130.13,,,,
3.33,-91.55,130.12,,,,
3.54,-91.6,130.11,,,,
3.73,-91.65,130.11,,,,
3.93,-91.7,130.1,,,,
4.11,-91.78,130.08,,,,
4.26,-91.86,130.07,,,,
4.42,-91.97,130.07,,,,
4.57,-92.06,130.07,,,,
4.69,-92.17,130.06,,,,
4.77,-92.29,130.05,,,,
4.83,-92.41,130.05,,,,
4.88,-92.5,130.04,,,,
4.91,-92.59,130.04,,,,
4.93,-92.68,130.04,,,,
4.93,-92.77,130.04,,,,
4.93,-92.86,130.04,,,,
4.93,-92.94,130.04,,,,
4.93,-93.03,130.05,,,,
4.9,-93.12,130.06,,,,
4.89,-93.22,130.07,,,,
4.88,-93.31,130.07,,,,
4.88,-93.4,130.07,,,,
4.87,-93.48,130.07,,,,
4.88,-93.57,130.08,,,,
4.87,-93.65,130.09,,,,
4.84,-93.73,130.09,,,,
4.8,-93.81,130.09,,,,
4.75,-93.9,130.1,,,,
4.67,-93.97,130.11,,,,
4.57,-94.05,130.12,,,,
4.45,-94.11,130.13,,,,
4.32,-94.16,130.14,,,,
4.16,-94.19,130.14,,,,
4,-94.2,130.14,,,,
3.84,-94.23,130.14,,,,
3.69,-94.24,130.14,,,,
3.53,-94.25,130.14,,,,
3.38,-94.27,130.14,,,,
3.24,-94.3,130.16,,,,
3.08,-94.33,130.17,,,,
2.94,-94.37,130.19,,,,
2.8,-94.41,130.2,,,,
2.65,-94.46,130.22,,,,
2.5,-94.51,130.23,,,,
2.36,-94.55,130.25,,,,
2.21,-94.58,130.27,,,,
2.07,-94.61,130.28,,,,
1.94,-94.63,130.29,,,,
1.78,-94.63,130.31,,,,
1.62,-94.66,130.33,,,,
1.45,-94.66,130.35,,,,
1.29,-94.68,130.37,,,,
1.11,-94.59,130.41,,,,
0.97,-94.5,130.44,,,,
0.87,-94.42,130.45,,,,
0.77,-94.36,130.48,,,,
0.67,-94.32,130.51,,,,
0.57,-94.27,130.54,,,,
0.49,-94.2,130.56,,,,
0.4,-94.14,130.58,,,,
0.31,-94.05,130.61,,,,
0.23,-93.96,130.64,,,,
0.17,-93.86,130.67,,,,
0.12,-93.77,130.69,,,,
0.07,-93.71,130.72,,,,
0.04,-93.64,130.75,,,,
0.02,-93.58,130.79,,,,
0.04,-93.51,130.82,,,,
0.06,-93.44,130.85,,,,
0.1,-93.39,130.86,,,,
0.15,-93.35,130.88,,,,
0.2,-93.29,130.9,,,,
0.25,-93.24,130.92,,,,
0.31,-93.19,130.94,,,,
0.35,-93.14,130.97,,,,
0.38,-93.11,131,,,,
0.43,-93.07,131.03,,,,
0.49,-93.04,131.06,,,,
0.57,-93.01,131.08,,,,
0.67,-92.98,131.09,,,,
0.76,-92.94,131.11,,,,
0.84,-92.91,131.12,,,,
0.91,-92.88,131.14,,,,
0.96,-92.85,131.15,,,,
1.02,-92.81,131.16,,,,
1.05,-92.77,131.18,,,,
1.07,-92.72,131.21,,,,
1.08,-92.67,131.24,,,,
1.08,-92.63,131.26,,,,
1.08,-92.58,131.26,,,,
1.08,-92.54,131.26,,,,
1.08,-92.49,131.26,,,,
1.08,-92.45,131.27,,,,
1.07,-92.4,131.28,,,,
1.07,-92.36,131.28,,,,
1.07,-92.32,131.29,,,,
1.09,-92.28,131.3,,,,
1.09,-92.24,131.31,,,,
1.1,-92.21,131.31,,,,
1.1,-92.18,131.32,,,,
1.13,-92.16,131.32,,,,
1.17,-92.15,131.32,,,,
1.24,-92.14,131.32,,,,
1.33,-92.14,131.32,,,,
1.41,-92.14,131.32,,,,
1.5,-92.12,131.32,,,,
1.59,-92.12,131.32,,,,
1.68,-92.11,131.32,,,,
1.77,-92.09,131.32,,,,
1.86,-92.07,131.32,,,,
1.96,-92.05,131.31,,,,
2.06,-92.01,131.3,,,,
2.15,-91.96,131.29,,,,
2.26,-91.94,131.29,,,,
2.37,-91.93,131.3,,,,
2.47,-91.93,131.29,,,,
2.56,-91.93,131.29,,,,
2.65,-91.95,131.29,,,,
2.74,-91.97,131.29,,,,
2.83,-92,131.28,,,,
2.92,-92.01,131.27,,,,
3.01,-92.01,131.27,,,,
3.11,-92,131.26,,,,
3.22,-92,131.26,,,,
3.35,-92,131.25,,,,
3.49,-92.02,131.24,,,,
3.64,-92.07,131.22,,,,
3.79,-92.15,131.22,,,,
3.93,-92.21,131.21,,,,
4.05,-92.28,131.21,,,,
4.15,-92.33,131.2,,,,
4.25,-92.37,131.2,,,,
4.34,-92.42,131.2,,,,
4.41,-92.45,131.21,,,,
4.47,-92.49,131.2,,,,
4.52,-92.52,131.2,,,,
4.55,-92.55,131.19,,,,
4.59,-92.58,131.19,,,,
4.64,-92.61,131.19,,,,
4.7,-92.64,131.18,,,,
4.76,-92.67,131.18,,,,
4.82,-92.71,131.18,,,,
4.88,-92.73,131.17,,,,
4.95,-92.76,131.17,,,,
5.02,-92.79,131.17,,,,
5.08,-92.83,131.18,,,,
5.14,-92.87,131.19,,,,
5.19,-92.92,131.18,,,,
5.24,-92.97,131.18,,,,
5.28,-93.01,131.18,,,,
5.31,-93.05,131.17,,,,
5.33,-93.09,131.17,,,,
5.36,-93.14,131.17,,,,
5.37,-93.19,131.16,,,,
5.4,-93.23,131.15,,,,
5.42,-93.28,131.15,,,,
5.41,-93.32,131.16,,,,
5.39,-93.37,131.16,,,,
5.35,-93.42,131.16,,,,
5.29,-93.48,131.16,,,,
5.22,-93.52,131.17,,,,
5.15,-93.56,131.18,,,,
5.05,-93.59,131.19,,,,
4.96,-93.62,131.19,,,,
4.86,-93.65,131.18,,,,
4.75,-93.68,131.19,,,,
4.63,-93.7,131.2,,,,
4.5,-93.72,131.2,,,,
4.38,-93.74,131.2,,,,
4.26,-93.77,131.21,,,,
4.14,-93.79,131.23,,,,
4.03,-93.81,131.23,,,,
3.92,-93.83,131.24,,,,
3.8,-93.85,131.25,,,,
3.69,-93.86,131.27,,,,
3.58,-93.88,131.29,,,,
3.47,-93.88,131.33,,,,
3.36,-93.88,131.36,,,,
3.25,-93.88,131.39,,,,
3.14,-93.89,131.4,,,,
3.03,-93.89,131.42,,,,
2.93,-93.91,131.43,,,,
2.82,-93.92,131.45,,,,
2.71,-93.93,131.48,,,,
2.61,-93.92,131.51,,,,
2.51,-93.93,131.53,,,,
2.41,-93.94,131.57,,,,
2.32,-93.96,131.59,,,,
2.22,-93.99,131.61,,,,
2.11,-94.03,131.64,,,,
1.99,-94.07,131.67,,,,
1.86,-94.1,131.7,,,,
1.73,-94.11,131.73,,,,
1.58,-94.12,131.76,,,,
1.44,-94.11,131.78,,,,
1.3,-94.11,131.81,,,,
1.16,-94.09,131.85,,,,
1.02,-94.09,131.9,,,,
0.89,-94.06,131.94,,,,
0.77,-94.06,131.96,,,,
0.63,-94.05,131.99,,,,
0.5,-93.99,132.02,,,,
0.41,-93.94,132.04,,,,
0.33,-93.86,132.08,,,,
0.28,-93.8,132.11,,,,
0.24,-93.76,132.13,,,,
0.2,-93.73,132.15,,,,
0.17,-93.71,132.17,,,,
0.14,-93.68,132.2,,,,
0.11,-93.66,132.22,,,,
0.07,-93.64,132.24,,,,
0.03,-93.62,132.26,,,,
-0.01,-93.57,132.27,,,,
-0.03,-93.55,132.3,,,,
-0.05,-93.52,132.32,,,,
-0.07,-93.49,132.33,,,,
-0.09,-93.46,132.34,,,,
-0.11,-93.44,132.36,,,,
-0.14,-93.42,132.37,,,,
-0.16,-93.39,132.39,,,,
-0.17,-93.37,132.41,,,,
-0.19,-93.33,132.44,,,,
-0.2,-93.3,132.45,,,,
-0.22,-93.26,132.47,,,,
-0.23,-93.23,132.49,,,,
-0.25,-93.2,132.51,,,,
-0.27,-93.16,132.52,,,,
-0.27,-93.11,132.54,,,,
-0.28,-93.06,132.55,,,,
-0.28,-93.02,132.55,,,,
-0.29,-92.98,132.56,,,,
-0.29,-92.95,132.57,,,,
-0.29,-92.92,132.58,,,,
-0.29,-92.9,132.59,,,,
-0.31,-92.87,132.59,,,,
-0.31,-92.84,132.6,,,,
-0.31,-92.83,132.6,,,,
-0.32,-92.81,132.6,,,,
-0.32,-92.79,132.59,,,,
-0.32,-92.76,132.59,,,,
-0.31,-92.74,132.58,,,,
-0.31,-92.7,132.58,,,,
-0.3,-92.67,132.58,,,,
-0.28,-92.62,132.57,,,,
-0.27,-92.59,132.57,,,,
-0.25,-92.55,132.56,,,,
-0.23,-92.53,132.55,,,,
-0.22,-92.51,132.53,,,,
-0.21,-92.49,132.53,,,,
-0.19,-92.47,132.52,,,,
-0.17,-92.45,132.52,,,,
-0.14,-92.44,132.52,,,,
-0.1,-92.42,132.52,,,,
-0.06,-92.39,132.5,,,,
-0.01,-92.36,132.48,,,,
0.05,-92.33,132.48,,,,
0.12,-92.31,132.48,,,,
0.2,-92.29,132.47,,,,
0.27,-92.26,132.46,,,,
0.34,-92.24,132.45,,,,
0.4,-92.23,132.43,,,,
0.45,-92.21,132.44,,,,
0.5,-92.21,132.44,,,,
0.54,-92.2,132.43,,,,
0.59,-92.18,132.42,,,,
0.64,-92.13,132.42,,,,
0.7,-92.11,132.41,,,,
0.77,-92.09,132.38,,,,
0.84,-92.07,132.36,,,,
0.93,-92.03,132.36,,,,
1.03,-92.01,132.35,,,,
1.15,-92.01,132.33,,,,
1.27,-92.01,132.31,,,,
1.4,-92.03,132.29,,,,
1.52,-92.05,132.27,,,,
1.64,-92.09,132.25,,,,
1.74,-92.12,132.24,,,,
1.84,-92.14,132.24,,,,
1.92,-92.16,132.25,,,,
2,-92.18,132.25,,,,
2.08,-92.19,132.24,,,,
2.16,-92.19,132.23,,,,
2.23,-92.21,132.22,,,,
2.29,-92.23,132.21,,,,
2.36,-92.24,132.2,,,,
2.42,-92.27,132.19,,,,
2.47,-92.27,132.18,,,,
2.53,-92.25,132.17,,,,
2.58,-92.25,132.16,,,,
2.63,-92.27,132.15,,,,
2.69,-92.28,132.14,,,,
2.75,-92.32,132.13,,,,
2.83,-92.34,132.12,,,,
2.92,-92.34,132.11,,,,
3.01,-92.37,132.1,,,,
3.11,-92.41,132.09,,,,
3.18,-92.43,132.08,,,,
3.28,-92.46,132.07,,,,
3.37,-92.5,132.07,,,,
3.46,-92.53,132.05,,,,
3.54,-92.56,132.04,,,,
3.6,-92.6,132.03,,,,
3.66,-92.62,132.02,,,,
3.72,-92.65,132.01,,,,
3.77,-92.68,132,,,,
3.81,-92.71,131.99,,,,
3.85,-92.76,131.98,,,,
3.87,-92.79,131.99,,,,
3.89,-92.83,131.99,,,,
3.9,-92.86,131.98,,,,
3.9,-92.89,131.97,,,,
3.9,-92.92,131.97,,,,
3.9,-92.95,131.96,,,,
3.9,-92.99,131.95,,,,
3.9,-93.04,131.94,,,,
3.9,-93.09,131.93,,,,
3.9,-93.13,131.93,,,,
3.9,-93.17,131.93,,,,
3.9,-93.22,131.93,,,,
3.89,-93.27,131.93,,,,
3.86,-93.32,131.93,,,,
3.85,-93.38,131.93,,,,
3.83,-93.43,131.92,,,,
3.8,-93.48,131.91,,,,
3.77,-93.53,131.91,,,,
3.71,-93.58,131.92,,,,
3.64,-93.63,131.93,,,,
3.56,-93.66,131.93,,,,
3.46,-93.7,131.94,,,,
3.36,-93.72,131.94,,,,
3.25,-93.74,131.95,,,,
3.14,-93.76,131.96,,,,
3.04,-93.78,131.98,,,,
2.93,-93.79,131.99,,,,
2.83,-93.8,132.01,,,,
2.73,-93.81,132.01,,,,
2.64,-93.82,132.02,,,,
2.56,-93.84,132.02,,,,
2.49,-93.87,132.03,,,,
2.42,-93.89,132.05,,,,
2.35,-93.89,132.07,,,,
2.29,-93.91,132.1,,,,
2.23,-93.92,132.13,,,,
2.18,-93.92,132.15,,,,
2.12,-93.92,132.18,,,,
2.06,-93.94,132.2,,,,
2,-93.95,132.21,,,,
1.93,-93.97,132.24,,,,
1.88,-93.98,132.27,,,,
1.81,-93.99,132.31,,,,
1.73,-94.01,132.35,,,,
1.64,-94.04,132.37,,,,
1.56,-94.05,132.4,,,,
1.46,-94.07,132.43,,,,
1.36,-94.09,132.45,,,,
1.25,-94.1,132.49,,,,
1.14,-94.1,132.54,,,,
1.03,-94.1,132.58,,,,
0.91,-94.09,132.63,,,,
0.79,-94.06,132.67,,,,
0.68,-94.04,132.72,,,,
0.57,-94,132.76,,,,
0.46,-93.99,132.8,,,,
0.36,-93.98,132.85,,,,
0.26,-93.97,132.89,,,,
0.17,-93.95,132.93,,,,
0.08,-93.94,132.97,,,,
0,-93.91,133.02,,,,
-0.07,-93.89,133.08,,,,
-0.15,-93.87,133.12,,,,
-0.22,-93.84,133.17,,,,
-0.29,-93.84,133.24,,,,
-0.37,-93.83,133.31,,,,
-0.43,-93.81,133.36,,,,
-0.5,-93.8,133.4,,,,
-0.57,-93.79,133.44,,,,
-0.64,-93.79,133.49,,,,
-0.73,-93.79,133.53,,,,
-0.81,-93.78,133.57,,,,
-0.9,-93.77,133.59,,,,
-1,-93.76,133.62,,,,
-1.09,-93.74,133.65,,,,
-1.18,-93.73,133.68,,,,
-1.26,-93.7,133.72,,,,
-1.35,-93.69,133.75,,,,
-1.43,-93.67,133.77,,,,
-1.51,-93.61,133.8,,,,
-1.58,-93.57,133.82,,,,
-1.63,-93.53,133.85,,,,
-1.67,-93.51,133.88,,,,
-1.71,-93.49,133.92,,,,
-1.76,-93.46,133.93,,,,
-1.82,-93.44,133.94,,,,
-1.88,-93.41,133.96,,,,
-1.93,-93.38,133.97,,,,
-1.97,-93.35,133.98,,,,
-2.02,-93.31,134,,,,
-2.07,-93.27,134.01,,,,
-2.09,-93.24,134.03,,,,
-2.11,-93.21,134.05,,,,
-2.13,-93.18,134.05,,,,
-2.13,-93.16,134.04,,,,
-2.14,-93.14,134.05,,,,
-2.13,-93.13,134.05,,,,
-2.15,-93.12,134.05,,,,
-2.16,-93.11,134.04,,,,
-2.16,-93.09,134.04,,,,
-2.16,-93.07,134.04,,,,
-2.18,-93.06,134.04,,,,
-2.2,-93.04,134.03,,,,
-2.2,-93.03,134.03,,,,
-2.21,-93.01,134.03,,,,
-2.22,-92.99,134.03,,,,
-2.23,-92.96,134.02,,,,
-2.21,-92.95,134.01,,,,
-2.21,-92.92,134,,,,
-2.2,-92.89,133.99,,,,
-2.18,-92.86,133.99,,,,
-2.14,-92.83,133.97,,,,
-2.1,-92.8,133.95,,,,
-2.06,-92.77,133.95,,,,
-2,-92.74,133.94,,,,
-1.95,-92.71,133.93,,,,
-1.88,-92.68,133.92,,,,
-1.82,-92.67,133.91,,,,
-1.76,-92.65,133.9,,,,
-1.7,-92.63,133.88,,,,
-1.63,-92.61,133.87,,,,
-1.56,-92.6,133.86,,,,
-1.5,-92.59,133.85,,,,
-1.43,-92.59,133.83,,,,
-1.37,-92.58,133.8,,,,
-1.3,-92.57,133.81,,,,
-1.25,-92.56,133.81,,,,
-1.17,-92.55,133.79,,,,
-1.1,-92.53,133.77,,,,
-1.03,-92.53,133.75,,,,
-0.96,-92.52,133.73,,,,
-0.9,-92.51,133.72,,,,
-0.84,-92.49,133.71,,,,
-0.77,-92.49,133.69,,,,
-0.71,-92.47,133.67,,,,
-0.64,-92.46,133.66,,,,
-0.59,-92.46,133.65,,,,
-0.54,-92.48,133.62,,,,
-0.49,-92.48,133.6,,,,
-0.43,-92.47,133.58,,,,
-0.39,-92.46,133.57,,,,
-0.33,-92.45,133.55,,,,
-0.28,-92.43,133.54,,,,
-0.22,-92.41,133.52,,,,
-0.14,-92.38,133.5,,,,
-0.07,-92.34,133.48,,,,
0.01,-92.31,133.45,,,,
0.09,-92.26,133.42,,,,
0.18,-92.21,133.4,,,,
0.28,-92.16,133.39,,,,
0.39,-92.11,133.38,,,,
0.5,-92.06,133.36,,,,
0.62,-92.03,133.34,,,,
0.74,-91.99,133.33,,,,
0.87,-91.98,133.31,,,,
0.99,-91.99,133.29,,,,
1.12,-92,133.28,,,,
1.25,-92.02,133.26,,,,
1.38,-92.02,133.25,,,,
1.52,-92.04,133.24,,,,
1.65,-92.07,133.24,,,,
1.77,-92.1,133.23,,,,
1.87,-92.14,133.22,,,,
1.96,-92.18,133.2,,,,
2.05,-92.22,133.19,,,,
2.14,-92.26,133.16,,,,
2.22,-92.31,133.14,,,,
2.28,-92.37,133.13,,,,
2.34,-92.43,133.11,,,,
2.37,-92.49,133.09,,,,
2.4,-92.55,133.07,,,,
2.41,-92.62,133.06,,,,
2.42,-92.67,133.04,,,,
2.42,-92.73,133.03,,,,
2.4,-92.79,133.01,,,,
2.38,-92.85,133,,,,
2.36,-92.91,132.98,,,,
2.33,-92.96,132.98,,,,
2.3,-93.02,132.97,,,,
2.27,-93.08,132.96,,,,
2.25,-93.13,132.94,,,,
2.22,-93.18,132.93,,,,
2.17,-93.23,132.92,,,,
2.13,-93.28,132.91,,,,
2.08,-93.34,132.9,,,,
2.02,-93.38,132.89,,,,
1.97,-93.43,132.88,,,,
1.92,-93.47,132.87,,,,
1.86,-93.52,132.86,,,,
1.8,-93.56,132.85,,,,
1.74,-93.6,132.84,,,,
1.67,-93.63,132.83,,,,
1.61,-93.67,132.83,,,,
1.55,-93.7,132.83,,,,
1.47,-93.74,132.84,,,,
1.39,-93.77,132.83,,,,
1.31,-93.8,132.82,,,,
1.24,-93.83,132.84,,,,
1.16,-93.86,132.85,,,,
1.09,-93.89,132.86,,,,
1.01,-93.93,132.86,,,,
0.93,-93.97,132.88,,,,
0.85,-94.01,132.88,,,,
0.75,-94.04,132.88,,,,
0.66,-94.07,132.88,,,,
0.56,-94.08,132.9,,,,
0.47,-94.1,132.92,,,,
0.38,-94.12,132.95,,,,
0.28,-94.14,132.98,,,,
0.18,-94.16,133.01,,,,
0.08,-94.19,133.03,,,,
-0.02,-94.21,133.08,,,,
-0.11,-94.23,133.12,,,,
-0.2,-94.23,133.18,,,,
-0.3,-94.25,133.24,,,,
-0.38,-94.26,133.27,,,,
-0.47,-94.27,133.31,,,,
-0.56,-94.29,133.36,,,,
-0.65,-94.32,133.42,,,,
-0.75,-94.33,133.47,,,,
-0.84,-94.36,133.52,,,,
-0.95,-94.41,133.57,,,,
-1.08,-94.44,133.62,,,,
-1.22,-94.47,133.69,,,,
-1.37,-94.5,133.75,,,,
-1.52,-94.52,133.81,,,,
-1.68,-94.52,133.87,,,,
-1.84,-94.53,133.94,,,,
-2,-94.55,134.01,,,,
-2.16,-94.56,134.08,,,,
-2.3,-94.56,134.14,,,,
-2.45,-94.54,134.22,,,,
-2.58,-94.51,134.29,,,,
-2.72,-94.51,134.36,,,,
-2.84,-94.47,134.43,,,,
-2.96,-94.47,134.5,,,,
-3.07,-94.48,134.57,,,,
-3.17,-94.47,134.64,,,,
-3.27,-94.46,134.7,,,,
-3.37,-94.47,134.77,,,,
-3.46,-94.45,134.83,,,,
-3.55,-94.42,134.88,,,,
-3.63,-94.38,134.93,,,,
-3.68,-94.32,134.99,,,,
-3.72,-94.3,135.03,,,,
-3.75,-94.29,135.07,,,,
-3.81,-94.29,135.11,,,,
-3.87,-94.28,135.16,,,,
-3.93,-94.27,135.21,,,,
-3.99,-94.28,135.25,,,,
-4.08,-94.24,135.3,,,,
-4.16,-94.21,135.33,,,,
-4.25,-94.18,135.36,,,,
-4.32,-94.14,135.38,,,,
-4.4,-94.1,135.4,,,,
-4.46,-94.05,135.43,,,,
-4.52,-94,135.46,,,,
-4.58,-93.96,135.49,,,,
-4.65,-93.9,135.52,,,,
-4.7,-93.84,135.54,,,,
-4.74,-93.78,135.55,,,,
-4.78,-93.72,135.57,,,,
-4.82,-93.66,135.6,,,,
-4.86,-93.6,135.62,,,,
-4.88,-93.54,135.63,,,,
-4.9,-93.48,135.64,,,,
-4.9,-93.43,135.64,,,,
-4.9,-93.39,135.64,,,,
-4.89,-93.35,135.64,,,,
-4.87,-93.33,135.63,,,,
-4.85,-93.31,135.63,,,,
-4.82,-93.28,135.64,,,,
-4.8,-93.25,135.64,,,,
-4.79,-93.23,135.63,,,,
-4.78,-93.22,135.63,,,,
-4.78,-93.2,135.63,,,,
-4.78,-93.19,135.63,,,,
-4.81,-93.16,135.63,,,,
-4.83,-93.12,135.62,,,,
-4.86,-93.07,135.6,,,,
-4.89,-93.01,135.59,,,,
-4.9,-92.94,135.58,,,,
-4.92,-92.87,135.57,,,,
-4.92,-92.79,135.55,,,,
-4.91,-92.72,135.54,,,,
-4.88,-92.65,135.52,,,,
-4.84,-92.58,135.51,,,,
-4.78,-92.51,135.5,,,,
-4.7,-92.45,135.48,,,,
-4.61,-92.41,135.47,,,,
-4.51,-92.36,135.46,,,,
-4.39,-92.32,135.44,,,,
-4.27,-92.28,135.42,,,,
-4.15,-92.24,135.39,,,,
-4.02,-92.19,135.37,,,,
-3.9,-92.15,135.34,,,,
-3.79,-92.11,135.32,,,,
-3.68,-92.07,135.3,,,,
-3.59,-92.04,135.28,,,,
-3.5,-92.01,135.25,,,,
-3.43,-91.96,135.23,,,,
-3.35,-91.87,135.21,,,,
-3.27,-91.79,135.19,,,,
-3.17,-91.69,135.16,,,,
-3.06,-91.61,135.14,,,,
-2.95,-91.53,135.11,,,,
-2.81,-91.45,135.09,,,,
-2.66,-91.39,135.06,,,,
-2.49,-91.31,135.03,,,,
-2.29,-91.22,135,,,,
-2.07,-91.18,134.98,,,,
-1.84,-91.16,134.95,,,,
-1.62,-91.14,134.92,,,,
-1.4,-91.11,134.89,,,,
-1.18,-91.06,134.86,,,,
-0.94,-91,134.83,,,,
-0.72,-90.96,134.8,,,,
-0.5,-90.91,134.77,,,,
-0.29,-90.89,134.74,,,,
-0.07,-90.88,134.72,,,,
0.14,-90.88,134.7,,,,
0.35,-90.9,134.68,,,,
0.55,-90.91,134.65,,,,
0.76,-90.94,134.64,,,,
0.96,-90.95,134.62,,,,
1.16,-90.97,134.6,,,,
1.37,-90.98,134.59,,,,
1.58,-91,134.58,,,,
1.79,-91.04,134.56,,,,
2,-91.08,134.53,,,,
2.21,-91.14,134.49,,,,
2.43,-91.2,134.46,,,,
2.65,-91.26,134.44,,,,
2.84,-91.35,134.41,,,,
3.03,-91.43,134.38,,,,
3.21,-91.52,134.35,,,,
3.38,-91.61,134.33,,,,
3.55,-91.7,134.3,,,,
3.71,-91.78,134.28,,,,
3.86,-91.88,134.26,,,,
4,-91.98,134.24,,,,
4.13,-92.07,134.22,,,,
4.26,-92.17,134.19,,,,
4.37,-92.27,134.16,,,,
4.46,-92.38,134.12,,,,
4.54,-92.47,134.1,,,,
4.61,-92.57,134.07,,,,
4.66,-92.67,134.05,,,,
4.69,-92.77,134.02,,,,
4.73,-92.85,133.99,,,,
4.75,-92.94,133.96,,,,
4.76,-93.02,133.94,,,,
4.77,-93.11,133.92,,,,
4.76,-93.2,133.91,,,,
4.75,-93.29,133.89,,,,
4.73,-93.37,133.87,,,,
4.7,-93.45,133.86,,,,
4.65,-93.53,133.85,,,,
4.61,-93.59,133.83,,,,
4.57,-93.65,133.81,,,,
4.53,-93.71,133.8,,,,
4.5,-93.76,133.79,,,,
4.44,-93.8,133.77,,,,
4.41,-93.85,133.76,,,,
4.37,-93.89,133.75,,,,
4.33,-93.93,133.71,,,,
4.28,-93.97,133.7,,,,
4.22,-94.01,133.68,,,,
4.17,-94.05,133.68,,,,
4.1,-94.09,133.67,,,,
4.03,-94.12,133.67,,,,
3.97,-94.16,133.65,,,,
3.9,-94.21,133.64,,,,
3.81,-94.23,133.63,,,,
3.71,-94.26,133.61,,,,
3.61,-94.29,133.61,,,,
3.5,-94.32,133.61,,,,
3.39,-94.34,133.62,,,,
3.27,-94.37,133.65,,,,
3.14,-94.39,133.67,,,,
3.01,-94.4,133.69,,,,
2.86,-94.42,133.71,,,,
2.71,-94.43,133.74,,,,
2.57,-94.44,133.77,,,,
2.43,-94.45,133.8,,,,
2.27,-94.47,133.83,,,,
2.1,-94.44,133.87,,,,
2,-94.32,133.91,,,,
2,-94.19,133.95,,,,
2.1,-94.07,133.99,,,,
2.32,-93.96,134.03,,,,
2.58,-93.85,134.09,,,,
2.82,-93.74,134.14,,,,
3.01,-93.64,134.2,,,,
3.13,-93.57,134.26,,,,
3.21,-93.51,134.31,,,,
3.22,-93.52,134.37,,,,
3.18,-93.57,134.43,,,,
3.11,-93.62,134.51,,,,
3.02,-93.68,134.59,,,,
2.89,-93.76,134.67,,,,
2.74,-93.86,134.75,,,,
2.56,-93.95,134.83,,,,
2.35,-94,134.92,,,,
2.12,-94.06,135.01,,,,
1.85,-94.1,135.11,,,,
1.55,-94.1,135.2,,,,
1.28,-94.06,135.3,,,,
1.05,-94,135.4,,,,
0.81,-93.95,135.49,,,,
0.6,-93.91,135.58,,,,
0.4,-93.89,135.66,,,,
0.2,-93.88,135.75,,,,
0.01,-93.86,135.84,,,,
-0.15,-93.83,135.94,,,,
-0.31,-93.82,136.04,,,,
-0.43,-93.8,136.15,,,,
-0.56,-93.79,136.23,,,,
-0.67,-93.8,136.3,,,,
-0.79,-93.79,136.38,,,,
-0.9,-93.81,136.46,,,,
-1.02,-93.84,136.53,,,,
-1.14,-93.85,136.6,,,,
-1.27,-93.85,136.68,,,,
-1.39,-93.85,136.73,,,,
-1.5,-93.85,136.78,,,,
-1.59,-93.83,136.82,,,,
-1.68,-93.82,136.87,,,,
-1.79,-93.81,136.91,,,,
-1.88,-93.8,136.94,,,,
-1.99,-93.77,136.97,,,,
-2.09,-93.72,137.01,,,,
-2.19,-93.66,137.04,,,,
-2.25,-93.62,137.07,,,,
-2.32,-93.58,137.08,,,,
-2.38,-93.54,137.1,,,,
-2.42,-93.5,137.11,,,,
-2.43,-93.46,137.13,,,,
-2.45,-93.41,137.15,,,,
-2.45,-93.35,137.17,,,,
-2.45,-93.32,137.17,,,,
-2.45,-93.28,137.18,,,,
-2.46,-93.25,137.19,,,,
-2.45,-93.22,137.18,,,,
-2.45,-93.18,137.18,,,,
-2.44,-93.13,137.18,,,,
-2.42,-93.07,137.19,,,,
-2.41,-93.01,137.18,,,,
-2.4,-92.94,137.17,,,,
-2.38,-92.86,137.17,,,,
-2.36,-92.77,137.16,,,,
-2.32,-92.67,137.16,,,,
-2.27,-92.58,137.15,,,,
-2.2,-92.5,137.14,,,,
-2.1,-92.42,137.12,,,,
-1.98,-92.35,137.11,,,,
-1.84,-92.3,137.08,,,,
-1.69,-92.25,137.06,,,,
-1.53,-92.24,137.04,,,,
-1.38,-92.23,137.03,,,,
-1.23,-92.23,137.01,,,,
-1.09,-92.21,137,,,,
-0.94,-92.17,136.99,,,,
-0.8,-92.12,136.98,,,,
-0.65,-92.07,136.95,,,,
-0.5,-92,136.92,,,,
-0.35,-91.94,136.9,,,,
-0.21,-91.89,136.87,,,,
-0.07,-91.86,136.85,,,,
0.08,-91.83,136.83,,,,
0.22,-91.81,136.81,,,,
0.34,-91.78,136.8,,,,
0.47,-91.75,136.78,,,,
0.62,-91.69,136.75,,,,
0.78,-91.64,136.73,,,,
0.95,-91.6,136.71,,,,
1.13,-91.57,136.68,,,,
1.32,-91.54,136.66,,,,
1.53,-91.51,136.63,,,,
1.72,-91.47,136.6,,,,
1.92,-91.46,136.58,,,,
2.12,-91.45,136.55,,,,
2.31,-91.45,136.51,,,,
2.5,-91.44,136.47,,,,
2.67,-91.43,136.44,,,,
2.85,-91.42,136.42,,,,
3.03,-91.4,136.39,,,,
3.2,-91.4,136.36,,,,
3.35,-91.4,136.33,,,,
3.52,-91.41,136.32,,,,
3.69,-91.41,136.3,,,,
3.84,-91.41,136.27,,,,
4.01,-91.42,136.23,,,,
4.18,-91.42,136.2,,,,
4.36,-91.44,136.17,,,,
4.52,-91.49,136.14,,,,
4.69,-91.54,136.12,,,,
4.85,-91.57,136.09,,,,
4.99,-91.61,136.07,,,,
5.13,-91.66,136.04,,,,
5.26,-91.71,136,,,,
5.39,-91.76,135.98,,,,
5.5,-91.84,135.96,,,,
5.59,-91.94,135.95,,,,
5.68,-92.06,135.93,,,,
5.73,-92.18,135.9,,,,
5.75,-92.28,135.88,,,,
5.76,-92.38,135.85,,,,
5.73,-92.47,135.83,,,,
5.68,-92.56,135.82,,,,
5.62,-92.64,135.8,,,,
5.55,-92.71,135.77,,,,
5.46,-92.78,135.73,,,,
5.39,-92.85,135.71,,,,
5.32,-92.91,135.68,,,,
5.25,-92.97,135.66,,,,
5.21,-93.02,135.64,,,,
5.15,-93.07,135.61,,,,
5.08,-93.13,135.59,,,,
5.03,-93.18,135.56,,,,
4.97,-93.25,135.54,,,,
4.91,-93.31,135.52,,,,
4.85,-93.38,135.5,,,,
4.8,-93.46,135.48,,,,
4.76,-93.53,135.45,,,,
4.72,-93.61,135.43,,,,
4.67,-93.68,135.4,,,,
4.61,-93.75,135.39,,,,
4.54,-93.82,135.37,,,,
4.47,-93.89,135.36,,,,
4.39,-93.95,135.35,,,,
4.3,-94.02,135.33,,,,
4.2,-94.09,135.31,,,,
4.09,-94.16,135.29,,,,
3.97,-94.2,135.27,,,,
3.84,-94.25,135.25,,,,
3.7,-94.29,135.24,,,,
3.56,-94.33,135.23,,,,
3.41,-94.36,135.21,,,,
3.27,-94.39,135.2,,,,
3.11,-94.42,135.19,,,,
2.95,-94.45,135.19,,,,
2.79,-94.48,135.19,,,,
2.63,-94.51,135.19,,,,
2.48,-94.53,135.19,,,,
2.33,-94.57,135.19,,,,
2.18,-94.62,135.2,,,,
2.03,-94.65,135.2,,,,
1.88,-94.69,135.21,,,,
1.73,-94.73,135.23,,,,
1.58,-94.77,135.25,,,,
1.42,-94.8,135.27,,,,
1.26,-94.83,135.28,,,,
1.1,-94.85,135.31,,,,
0.94,-94.86,135.34,,,,
0.77,-94.84,135.37,,,,
0.61,-94.83,135.41,,,,
0.46,-94.8,135.46,,,,
0.33,-94.78,135.51,,,,
0.2,-94.76,135.57,,,,
0.07,-94.73,135.62,,,,
-0.05,-94.73,135.67,,,,
-0.16,-94.71,135.73,,,,
-0.26,-94.72,135.79,,,,
-0.38,-94.7,135.85,,,,
-0.49,-94.7,135.91,,,,
-0.6,-94.68,135.99,,,,
-0.7,-94.69,136.07,,,,
-0.81,-94.69,136.15,,,,
-0.9,-94.7,136.22,,,,
-1,-94.71,136.29,,,,
-1.09,-94.69,136.37,,,,
-1.2,-94.69,136.45,,,,
-1.3,-94.69,136.53,,,,
-1.41,-94.68,136.61,,,,
-1.51,-94.65,136.69,,,,
-1.61,-94.65,136.77,,,,
-1.71,-94.62,136.85,,,,
-1.81,-94.59,136.93,,,,
-1.89,-94.57,137.01,,,,
-1.99,-94.53,137.1,,,,
-2.08,-94.49,137.17,,,,
-2.15,-94.47,137.25,,,,
-2.24,-94.44,137.32,,,,
-2.32,-94.43,137.39,,,,
-2.42,-94.43,137.46,,,,
-2.52,-94.39,137.54,,,,
-2.62,-94.37,137.59,,,,
-2.72,-94.34,137.63,,,,
-2.82,-94.29,137.68,,,,
-2.91,-94.26,137.72,,,,
-3.01,-94.22,137.76,,,,
-3.1,-94.2,137.8,,,,
-3.2,-94.16,137.84,,,,
-3.29,-94.12,137.88,,,,
-3.39,-94.08,137.92,,,,
-3.49,-94.05,137.96,,,,
-3.59,-94,137.98,,,,
-3.7,-93.94,138.01,,,,
-3.79,-93.89,138.04,,,,
-3.86,-93.82,138.07,,,,
-3.94,-93.75,138.09,,,,
-4.01,-93.67,138.11,,,,
-4.04,-93.6,138.12,,,,
-4.07,-93.53,138.13,,,,
-4.08,-93.48,138.12,,,,
-4.07,-93.43,138.12,,,,
-4.06,-93.39,138.13,,,,
-4.08,-93.36,138.15,,,,
-4.11,-93.34,138.15,,,,
-4.13,-93.31,138.15,,,,
-4.17,-93.28,138.15,,,,
-4.21,-93.24,138.14,,,,
-4.24,-93.21,138.14,,,,
-4.27,-93.17,138.14,,,,
-4.29,-93.13,138.13,,,,
-4.31,-93.09,138.12,,,,
-4.32,-93.06,138.12,,,,
-4.33,-93.01,138.11,,,,
-4.33,-92.97,138.11,,,,
-4.33,-92.94,138.12,,,,
-4.32,-92.88,138.11,,,,
-4.29,-92.83,138.09,,,,
-4.25,-92.76,138.08,,,,
-4.22,-92.72,138.07,,,,
-4.17,-92.66,138.07,,,,
-4.14,-92.64,138.06,,,,
-4.12,-92.63,138.06,,,,
-4.1,-92.6,138.05,,,,
-4.09,-92.57,138.05,,,,
-4.08,-92.52,138.05,,,,
-4.05,-92.46,138.03,,,,
-3.99,-92.41,138.02,,,,
-3.92,-92.34,138.01,,,,
-3.84,-92.28,138,,,,
-3.75,-92.23,137.98,,,,
-3.66,-92.19,137.96,,,,
-3.56,-92.15,137.94,,,,
-3.45,-92.11,137.91,,,,
-3.35,-92.08,137.88,,,,
-3.23,-92.04,137.86,,,,
-3.11,-92,137.83,,,,
-3,-91.96,137.81,,,,
-2.88,-91.92,137.78,,,,
-2.77,-91.9,137.75,,,,
-2.64,-91.87,137.73,,,,
-2.52,-91.84,137.7,,,,
-2.4,-91.82,137.69,,,,
-2.28,-91.82,137.67,,,,
-2.16,-91.78,137.63,,,,
-2.02,-91.78,137.59,,,,
-1.89,-91.75,137.57,,,,
-1.76,-91.72,137.55,,,,
-1.64,-91.69,137.53,,,,
-1.51,-91.64,137.5,,,,
-1.38,-91.6,137.47,,,,
-1.24,-91.55,137.45,,,,
-1.1,-91.52,137.42,,,,
-0.96,-91.49,137.39,,,,
-0.81,-91.44,137.36,,,,
-0.65,-91.41,137.33,,,,
-0.5,-91.36,137.3,,,,
-0.33,-91.3,137.27,,,,
-0.15,-91.27,137.24,,,,
0.04,-91.22,137.21,,,,
0.23,-91.21,137.18,,,,
0.43,-91.19,137.14,,,,
0.65,-91.19,137.1,,,,
0.87,-91.2,137.07,,,,
1.08,-91.25,137.03,,,,
1.26,-91.32,136.99,,,,
1.43,-91.38,136.95,,,,
1.59,-91.42,136.91,,,,
1.74,-91.48,136.88,,,,
1.88,-91.55,136.85,,,,
1.99,-91.62,136.8,,,,
2.11,-91.69,136.76,,,,
2.21,-91.76,136.73,,,,
2.3,-91.85,136.71,,,,
2.36,-91.95,136.68,,,,
2.4,-92.04,136.65,,,,
2.43,-92.13,136.62,,,,
2.44,-92.19,136.58,,,,
2.46,-92.23,136.55,,,,
2.49,-92.25,136.52,,,,
2.52,-92.27,136.5,,,,
2.57,-92.29,136.47,,,,
2.63,-92.33,136.44,,,,
2.69,-92.38,136.41,,,,
2.74,-92.44,136.38,,,,
2.79,-92.51,136.34,,,,
2.83,-92.59,136.32,,,,
2.87,-92.67,136.29,,,,
2.88,-92.75,136.26,,,,
2.89,-92.84,136.24,,,,
2.9,-92.92,136.21,,,,
2.91,-93,136.19,,,,
2.9,-93.07,136.16,,,,
2.88,-93.14,136.13,,,,
2.86,-93.21,136.12,,,,
2.83,-93.26,136.1,,,,
2.8,-93.32,136.08,,,,
2.75,-93.39,136.06,,,,
2.69,-93.44,136.04,,,,
2.62,-93.49,136.01,,,,
2.54,-93.54,136,,,,
2.46,-93.59,136,,,,
2.37,-93.63,135.98,,,,
2.29,-93.68,135.97,,,,
2.2,-93.71,135.95,,,,
2.13,-93.76,135.93,,,,
2.05,-93.8,135.92,,,,
1.98,-93.84,135.91,,,,
1.91,-93.88,135.91,,,,
1.84,-93.92,135.9,,,,
1.77,-93.95,135.9,,,,
1.69,-93.99,135.9,,,,
1.61,-94.03,135.91,,,,
1.51,-94.09,135.91,,,,
1.42,-94.14,135.92,,,,
1.32,-94.19,135.92,,,,
1.2,-94.24,135.94,,,,
1.09,-94.28,135.96,,,,
0.98,-94.32,135.99,,,,
0.85,-94.33,136.01,,,,
0.73,-94.34,136.04,,,,
0.61,-94.36,136.06,,,,
0.49,-94.37,136.11,,,,
0.36,-94.38,136.15,,,,
0.24,-94.4,136.2,,,,
0.11,-94.41,136.26,,,,
-0.01,-94.41,136.31,,,,
-0.13,-94.42,136.36,,,,
-0.25,-94.42,136.41,,,,
-0.37,-94.42,136.46,,,,
-0.47,-94.42,136.52,,,,
-0.56,-94.42,136.59,,,,
-0.65,-94.42,136.67,,,,
-0.72,-94.4,136.75,,,,
-0.79,-94.38,136.83,,,,
-0.85,-94.38,136.9,,,,
-0.92,-94.38,136.98,,,,
-0.99,-94.38,137.07,,,,
-1.05,-94.34,137.16,,,,
-1.1,-94.31,137.25,,,,
-1.14,-94.29,137.34,,,,
-1.18,-94.29,137.42,,,,
-1.22,-94.29,137.52,,,,
-1.26,-94.26,137.61,,,,
-1.29,-94.25,137.7,,,,
-1.35,-94.27,137.79,,,,
-1.41,-94.27,137.89,,,,
-1.47,-94.27,137.99,,,,
-1.53,-94.31,138.06,,,,
-1.6,-94.31,138.14,,,,
-1.66,-94.31,138.22,,,,
-1.73,-94.3,138.29,,,,
-1.81,-94.3,138.36,,,,
-1.89,-94.3,138.42,,,,
-2,-94.3,138.49,,,,
-2.1,-94.27,138.56,,,,
-2.22,-94.26,138.63,,,,
-2.35,-94.22,138.69,,,,
-2.46,-94.18,138.75,,,,
-2.57,-94.13,138.8,,,,
-2.68,-94.09,138.85,,,,
-2.79,-94.06,138.89,,,,
-2.92,-94.01,138.93,,,,
-3.02,-93.96,138.98,,,,
-3.14,-93.91,139.02,,,,
-3.24,-93.85,139.06,,,,
-3.32,-93.79,139.09,,,,
-3.39,-93.74,139.13,,,,
-3.45,-93.68,139.15,,,,
-3.48,-93.64,139.18,,,,
-3.52,-93.6,139.19,,,,
-3.55,-93.56,139.2,,,,
-3.59,-93.53,139.21,,,,
-3.63,-93.49,139.21,,,,
-3.66,-93.45,139.23,,,,
-3.7,-93.43,139.24,,,,
-3.73,-93.4,139.24,,,,
-3.77,-93.38,139.24,,,,
-3.79,-93.35,139.24,,,,
-3.82,-93.32,139.24,,,,
-3.85,-93.31,139.24,,,,
-3.88,-93.29,139.25,,,,
-3.92,-93.28,139.25,,,,
-3.95,-93.26,139.24,,,,
-3.98,-93.25,139.23,,,,
-4.03,-93.25,139.22,,,,
-4.08,-93.24,139.22,,,,
-4.12,-93.23,139.22,,,,
-4.16,-93.22,139.21,,,,
-4.2,-93.21,139.2,,,,
-4.25,-93.18,139.19,,,,
-4.29,-93.15,139.17,,,,
-4.33,-93.12,139.17,,,,
-4.35,-93.1,139.16,,,,
-4.38,-93.06,139.14,,,,
-4.4,-93.02,139.12,,,,
-4.42,-92.96,139.1,,,,
-4.44,-92.92,139.07,,,,
-4.44,-92.87,139.07,,,,
-4.42,-92.84,139.07,,,,
-4.4,-92.81,139.06,,,,
-4.38,-92.78,139.04,,,,
-4.36,-92.75,139.02,,,,
-4.33,-92.71,139,,,,
-4.3,-92.66,138.99,,,,
-4.27,-92.6,138.98,,,,
-4.22,-92.57,138.96,,,,
-4.16,-92.54,138.93,,,,
-4.11,-92.52,138.9,,,,
-4.06,-92.5,138.88,,,,
-4.01,-92.49,138.86,,,,
-3.95,-92.48,138.84,,,,
-3.92,-92.46,138.82,,,,
-3.88,-92.44,138.8,,,,
-3.85,-92.39,138.77,,,,
-3.81,-92.35,138.74,,,,
-3.78,-92.3,138.72,,,,
-3.73,-92.26,138.7,,,,
-3.69,-92.24,138.67,,,,
-3.64,-92.2,138.65,,,,
-3.6,-92.16,138.62,,,,
-3.54,-92.13,138.59,,,,
-3.5,-92.1,138.56,,,,
-3.45,-92.04,138.53,,,,
-3.4,-92.01,138.51,,,,
-3.34,-91.98,138.48,,,,
-3.28,-91.94,138.46,,,,
-3.19,-91.92,138.43,,,,
-3.11,-91.89,138.39,,,,
-3.01,-91.85,138.36,,,,
-2.91,-91.8,138.33,,,,
-2.79,-91.76,138.3,,,,
-2.68,-91.73,138.27,,,,
-2.55,-91.69,138.24,,,,
-2.43,-91.65,138.21,,,,
-2.3,-91.59,138.18,,,,
-2.15,-91.52,138.14,,,,
-2,-91.46,138.11,,,,
-1.82,-91.41,138.07,,,,
-1.63,-91.37,138.04,,,,
-1.44,-91.35,138,,,,
-1.24,-91.32,137.95,,,,
-1.05,-91.27,137.91,,,,
-0.85,-91.24,137.86,,,,
-0.65,-91.21,137.82,,,,
-0.44,-91.21,137.78,,,,
-0.24,-91.23,137.73,,,,
-0.05,-91.27,137.69,,,,
0.14,-91.31,137.64,,,,
0.31,-91.33,137.59,,,,
0.48,-91.37,137.55,,,,
0.62,-91.43,137.51,,,,
0.73,-91.49,137.48,,,,
0.85,-91.52,137.45,,,,
0.98,-91.52,137.42,,,,
1.12,-91.5,137.39,,,,
1.27,-91.51,137.35,,,,
1.44,-91.54,137.31,,,,
1.59,-91.58,137.28,,,,
1.74,-91.63,137.24,,,,
1.89,-91.66,137.2,,,,
2.04,-91.71,137.16,,,,
2.18,-91.8,137.12,,,,
2.27,-91.89,137.09,,,,
2.36,-91.98,137.07,,,,
2.44,-92.03,137.04,,,,
2.51,-92.09,137.01,,,,
2.58,-92.11,136.98,,,,
2.64,-92.14,136.94,,,,
2.7,-92.17,136.9,,,,
2.75,-92.21,136.86,,,,
2.79,-92.26,136.83,,,,
2.83,-92.32,136.79,,,,
2.86,-92.38,136.75,,,,
2.88,-92.44,136.71,,,,
2.9,-92.49,136.67,,,,
2.92,-92.53,136.63,,,,
2.92,-92.56,136.6,,,,
2.93,-92.59,136.59,,,,
2.94,-92.61,136.55,,,,
2.94,-92.63,136.52,,,,
2.94,-92.66,136.49,,,,
2.96,-92.69,136.47,,,,
2.99,-92.72,136.44,,,,
3.03,-92.77,136.43,,,,
3.08,-92.82,136.41,,,,
3.12,-92.87,136.39,,,,
3.16,-92.91,136.37,,,,
3.19,-92.97,136.35,,,,
3.22,-93.03,136.34,,,,
3.22,-93.1,136.33,,,,
3.21,-93.18,136.32,,,,
3.18,-93.26,136.3,,,,
3.13,-93.33,136.29,,,,
3.07,-93.4,136.28,,,,
2.99,-93.47,136.27,,,,
2.9,-93.54,136.27,,,,
2.82,-93.6,136.26,,,,
2.74,-93.66,136.26,,,,
2.65,-93.71,136.26,,,,
2.56,-93.75,136.27,,,,
2.46,-93.79,136.26,,,,
2.38,-93.82,136.26,,,,
2.3,-93.86,136.26,,,,
2.22,-93.9,136.27,,,,
2.15,-93.94,136.28,,,,
2.08,-93.99,136.28,,,,
2.02,-94.03,136.3,,,,
1.95,-94.08,136.32,,,,
1.89,-94.14,136.35,,,,
1.82,-94.21,136.37,,,,
1.75,-94.27,136.38,,,,
1.68,-94.34,136.4,,,,
1.61,-94.44,136.42,,,,
1.51,-94.54,136.45,,,,
1.42,-94.63,136.48,,,,
1.3,-94.72,136.51,,,,
1.17,-94.8,136.55,,,,
1,-94.87,136.59,,,,
0.82,-94.95,136.63,,,,
0.63,-95.02,136.67,,,,
0.42,-95.05,136.72,,,,
0.22,-95.09,136.77,,,,
0.03,-95.12,136.83,,,,
-0.13,-95.15,136.89,,,,
-0.3,-95.19,136.95,,,,
-0.46,-95.24,137.01,,,,
-0.63,-95.28,137.08,,,,
-0.82,-95.34,137.14,,,,
-1.03,-95.36,137.19,,,,
-1.24,-95.39,137.25,,,,
-1.46,-95.43,137.31,,,,
-1.67,-95.44,137.37,,,,
-1.88,-95.41,137.44,,,,
-2.05,-95.38,137.51,,,,
-2.21,-95.34,137.57,,,,
-2.35,-95.32,137.64,,,,
-2.49,-95.31,137.68,,,,
-2.61,-95.28,137.73,,,,
-2.72,-95.26,137.78,,,,
-2.84,-95.24,137.82,,,,
-2.95,-95.24,137.86,,,,
-3.08,-95.2,137.9,,,,
-3.22,-95.19,137.94,,,,
-3.36,-95.13,137.98,,,,
-3.5,-95.08,138.02,,,,
-3.63,-95.02,138.07,,,,
-3.75,-94.96,138.12,,,,
-3.86,-94.87,138.17,,,,
-3.97,-94.78,138.2,,,,
-4.06,-94.69,138.22,,,,
-4.14,-94.58,138.24,,,,
-4.21,-94.47,138.26,,,,
-4.27,-94.37,138.27,,,,
-4.31,-94.27,138.29,,,,
-4.34,-94.14,138.32,,,,
-4.34,-93.99,138.33,,,,
-4.33,-93.83,138.35,,,,
-4.29,-93.69,138.36,,,,
-4.24,-93.56,138.38,,,,
-4.18,-93.42,138.39,,,,
-4.13,-93.32,138.41,,,,
-4.11,-93.22,138.43,,,,
-4.09,-93.12,138.44,,,,
-4.07,-93.01,138.45,,,,
-4.05,-92.91,138.47,,,,
-4.03,-92.8,138.47,,,,
-4,-92.72,138.48,,,,
-3.96,-92.64,138.48,,,,
-3.92,-92.56,138.5,,,,
-3.9,-92.49,138.51,,,,
-3.88,-92.42,138.52,,,,
-3.86,-92.33,138.53,,,,
-3.84,-92.24,138.54,,,,
-3.81,-92.16,138.55,,,,
-3.77,-92.06,138.55,,,,
-3.74,-91.95,138.55,,,,
-3.72,-91.83,138.55,,,,
-3.69,-91.71,138.56,,,,
-3.67,-91.59,138.57,,,,
-3.64,-91.45,138.57,,,,
-3.59,-91.3,138.58,,,,
-3.51,-91.17,138.57,,,,
-3.41,-91.04,138.57,,,,
-3.26,-90.89,138.56,,,,
-3.08,-90.8,138.55,,,,
-2.87,-90.72,138.55,,,,
-2.67,-90.66,138.55,,,,
-2.46,-90.6,138.54,,,,
-2.24,-90.59,138.53,,,,
-2.04,-90.6,138.53,,,,
-1.85,-90.62,138.51,,,,
-1.68,-90.64,138.51,,,,
-1.51,-90.62,138.51,,,,
-1.37,-90.6,138.5,,,,
-1.24,-90.57,138.5,,,,
-1.12,-90.5,138.48,,,,
-0.99,-90.46,138.47,,,,
-0.88,-90.42,138.45,,,,
-0.78,-90.4,138.43,,,,
-0.69,-90.34,138.41,,,,
-0.58,-90.29,138.41,,,,
-0.47,-90.23,138.39,,,,
-0.35,-90.18,138.38,,,,
-0.2,-90.11,138.37,,,,
-0.02,-90.08,138.36,,,,
0.16,-90.12,138.36,,,,
0.33,-90.17,138.35,,,,
0.5,-90.23,138.33,,,,
0.67,-90.32,138.32,,,,
0.82,-90.42,138.3,,,,
0.98,-90.51,138.29,,,,
1.13,-90.6,138.27,,,,
1.27,-90.67,138.25,,,,
1.41,-90.77,138.22,,,,
1.54,-90.87,138.2,,,,
1.65,-90.95,138.19,,,,
1.77,-91.05,138.19,,,,
1.88,-91.17,138.17,,,,
1.98,-91.3,138.15,,,,
2.09,-91.43,138.13,,,,
2.19,-91.57,138.12,,,,
2.29,-91.72,138.09,,,,
2.38,-91.87,138.07,,,,
2.45,-92.01,138.05,,,,
2.52,-92.17,138.03,,,,
2.57,-92.33,138.03,,,,
2.61,-92.47,138.03,,,,
2.64,-92.61,138.02,,,,
2.66,-92.74,138,,,,
2.66,-92.87,137.99,,,,
2.64,-92.98,137.98,,,,
2.62,-93.09,137.96,,,,
2.6,-93.2,137.95,,,,
2.57,-93.3,137.93,,,,
2.53,-93.4,137.93,,,,
2.5,-93.5,137.93,,,,
2.46,-93.59,137.92,,,,
2.43,-93.66,137.92,,,,
2.38,-93.73,137.92,,,,
2.32,-93.79,137.92,,,,
2.26,-93.86,137.94,,,,
2.19,-93.94,137.95,,,,
2.11,-93.99,137.96,,,,
2.02,-94.04,137.98,,,,
1.92,-94.1,138,,,,
1.81,-94.18,138.02,,,,
1.71,-94.24,138.06,,,,
1.61,-94.32,138.11,,,,
1.51,-94.39,138.15,,,,
1.39,-94.45,138.19,,,,
1.25,-94.52,138.23,,,,
1.12,-94.56,138.29,,,,
0.99,-94.59,138.34,,,,
0.83,-94.63,138.42,,,,
0.67,-94.65,138.5,,,,
0.51,-94.67,138.57,,,,
0.34,-94.69,138.63,,,,
0.18,-94.7,138.71,,,,
0.01,-94.73,138.79,,,,
-0.15,-94.75,138.86,,,,
-0.32,-94.75,138.96,,,,
-0.49,-94.74,139.07,,,,
-0.65,-94.74,139.19,,,,
-0.81,-94.74,139.31,,,,
-0.96,-94.74,139.43,,,,
-1.09,-94.72,139.55,,,,
-1.23,-94.7,139.68,,,,
-1.34,-94.67,139.8,,,,
-1.44,-94.65,139.93,,,,
-1.52,-94.65,140.06,,,,
-1.61,-94.64,140.2,,,,
-1.67,-94.63,140.34,,,,
-1.76,-94.62,140.48,,,,
-1.84,-94.61,140.6,,,,
-1.92,-94.6,140.73,,,,
-2.01,-94.6,140.85,,,,
-2.09,-94.6,140.97,,,,
-2.19,-94.61,141.09,,,,
-2.27,-94.59,141.22,,,,
-2.34,-94.58,141.33,,,,
-2.39,-94.57,141.46,,,,
-2.43,-94.54,141.58,,,,
-2.46,-94.51,141.69,,,,
-2.48,-94.5,141.8,,,,
-2.53,-94.49,141.91,,,,
-2.58,-94.47,142.01,,,,
-2.66,-94.45,142.11,,,,
-2.74,-94.41,142.21,,,,
-2.84,-94.38,142.31,,,,
-2.94,-94.33,142.4,,,,
-3.04,-94.27,142.49,,,,
-3.12,-94.22,142.58,,,,
-3.22,-94.14,142.68,,,,
-3.3,-94.07,142.75,,,,
-3.38,-93.98,142.82,,,,
-3.46,-93.88,142.9,,,,
-3.53,-93.77,142.97,,,,
-3.6,-93.63,143.05,,,,
-3.65,-93.47,143.13,,,,
-3.71,-93.31,143.18,,,,
-3.75,-93.12,143.24,,,,
-3.77,-92.91,143.3,,,,
-3.75,-92.79,143.37,,,,
-3.74,-92.76,143.44,,,,
-3.74,-92.75,143.52,,,,
-3.75,-92.69,143.58,,,,
-3.82,-92.61,143.65,,,,
-3.92,-92.5,143.71,,,,
-4.04,-92.36,143.78,,,,
-4.17,-92.21,143.83,,,,
-4.28,-92.07,143.89,,,,
-4.36,-91.92,143.94,,,,
-4.39,-91.78,144,,,,
-4.38,-91.65,144.07,,,,
-4.33,-91.56,144.13,,,,
-4.25,-91.46,144.19,,,,
-4.14,-91.37,144.26,,,,
-4.01,-91.3,144.33,,,,
-3.88,-91.24,144.4,,,,
-3.76,-91.19,144.46,,,,
-3.62,-91.16,144.53,,,,
-3.5,-91.13,144.6,,,,
-3.37,-91.11,144.67,,,,
-3.23,-91.08,144.76,,,,
-3.08,-91.06,144.84,,,,
-2.92,-91.02,144.92,,,,
-2.74,-90.98,144.99,,,,
-2.56,-90.97,145.06,,,,
-2.37,-90.99,145.13,,,,
-2.17,-91.03,145.22,,,,
-1.97,-91.11,145.3,,,,
-1.78,-91.22,145.39,,,,
-1.6,-91.32,145.48,,,,
-1.43,-91.44,145.57,,,,
-1.28,-91.57,145.65,,,,
-1.15,-91.73,145.75,,,,
-1.05,-91.87,145.86,,,,
-0.96,-92,145.96,,,,
-0.9,-92.17,146.06,,,,
-0.85,-92.32,146.14,,,,
-0.84,-92.47,146.23,,,,
-0.83,-92.61,146.32,,,,
-0.81,-92.7,146.41,,,,
-0.79,-92.78,146.5,,,,
-0.76,-92.86,146.6,,,,
-0.72,-92.94,146.72,,,,
-0.66,-93.03,146.84,,,,
-0.6,-93.14,146.96,,,,
-0.54,-93.27,147.07,,,,
-0.49,-93.4,147.18,,,,
-0.46,-93.52,147.3,,,,
-0.45,-93.65,147.41,,,,
-0.45,-93.77,147.52,,,,
-0.48,-93.9,147.65,,,,
-0.54,-93.99,147.77,,,,
-0.61,-94.08,147.89,,,,
-0.71,-94.17,148.02,,,,
-0.81,-94.24,148.14,,,,
-0.91,-94.31,148.26,,,,
-1.01,-94.36,148.37,,,,
-1.12,-94.42,148.48,,,,
-1.24,-94.44,148.61,,,,
-1.36,-94.5,148.74,,,,
-1.49,-94.54,148.86,,,,
-1.6,-94.58,148.97,,,,
-1.72,-94.61,149.06,,,,
-1.85,-94.64,149.16,,,,
-1.99,-94.67,149.25,,,,
-2.13,-94.68,149.34,,,,
-2.28,-94.71,149.41,,,,
-2.43,-94.73,149.49,,,,
-2.58,-94.75,149.55,,,,
-2.74,-94.76,149.61,,,,
-2.89,-94.75,149.67,,,,
-3.04,-94.69,149.72,,,,
-3.17,-94.6,149.77,,,,
-3.27,-94.47,149.82,,,,
-3.34,-94.34,149.86,,,,
-3.38,-94.22,149.9,,,,
-3.38,-94.09,149.93,,,,
-3.35,-93.97,149.95,,,,
-3.31,-93.89,149.97,,,,
-3.27,-93.81,149.99,,,,
-3.22,-93.71,150.01,,,,
-3.16,-93.63,150.01,,,,
-3.09,-93.53,150.03,,,,
-3.04,-93.47,150.05,,,,
-2.98,-93.4,150.06,,,,
-2.91,-93.33,150.08,,,,
-2.82,-93.26,150.08,,,,
-2.73,-93.19,150.09,,,,
-2.66,-93.13,150.08,,,,
-2.61,-93.07,150.09,,,,
-2.55,-93.02,150.07,,,,
-2.51,-92.97,150.06,,,,
-2.48,-92.91,150.05,,,,
-2.45,-92.85,150.04,,,,
-2.43,-92.79,150.04,,,,
-2.42,-92.73,150.04,,,,
-2.41,-92.67,150.02,,,,
-2.41,-92.61,150.01,,,,
-2.41,-92.54,150.01,,,,
-2.42,-92.47,150,,,,
-2.46,-92.41,149.99,,,,
-2.5,-92.35,149.98,,,,
-2.52,-92.29,149.96,,,,
-2.54,-92.23,149.94,,,,
-2.53,-92.19,149.92,,,,
-2.52,-92.15,149.9,,,,
-2.51,-92.1,149.87,,,,
-2.5,-92.04,149.86,,,,
-2.48,-91.98,149.83,,,,
-2.46,-91.91,149.81,,,,
-2.44,-91.85,149.79,,,,
-2.43,-91.78,149.77,,,,
-2.41,-91.74,149.73,,,,
-2.36,-91.7,149.7,,,,
-2.3,-91.66,149.67,,,,
-2.24,-91.62,149.63,,,,
-2.17,-91.6,149.6,,,,
-2.09,-91.56,149.57,,,,
-2.01,-91.54,149.53,,,,
-1.91,-91.53,149.49,,,,
-1.83,-91.52,149.44,,,,
-1.72,-91.53,149.4,,,,
-1.59,-91.54,149.35,,,,
-1.5,-91.57,149.3,,,,
-1.39,-91.61,149.25,,,,
-1.3,-91.68,149.19,,,,
-1.21,-91.73,149.15,,,,
-1.11,-91.79,149.11,,,,
-1.02,-91.85,149.06,,,,
-0.94,-91.9,149.02,,,,
-0.86,-91.97,148.96,,,,
-0.78,-92.04,148.9,,,,
-0.7,-92.1,148.85,,,,
-0.61,-92.17,148.79,,,,
-0.55,-92.24,148.73,,,,
-0.47,-92.34,148.68,,,,
-0.39,-92.43,148.61,,,,
-0.29,-92.5,148.54,,,,
-0.21,-92.59,148.49,,,,
-0.11,-92.68,148.43,,,,
-0.02,-92.76,148.38,,,,
0.07,-92.84,148.33,,,,
0.18,-92.92,148.28,,,,
0.28,-93.01,148.22,,,,
0.38,-93.08,148.17,,,,
0.5,-93.15,148.12,,,,
0.62,-93.24,148.07,,,,
0.74,-93.33,148.02,,,,
0.86,-93.41,147.96,,,,
0.98,-93.49,147.9,,,,
1.1,-93.58,147.84,,,,
1.23,-93.67,147.79,,,,
1.32,-93.77,147.74,,,,
1.39,-93.89,147.69,,,,
1.44,-94,147.64,,,,
1.45,-94.13,147.6,,,,
1.43,-94.26,147.57,,,,
1.38,-94.38,147.53,,,,
1.31,-94.46,147.49,,,,
1.2,-94.54,147.46,,,,
1.06,-94.6,147.43,,,,
0.92,-94.64,147.39,,,,
0.77,-94.66,147.36,,,,
0.63,-94.67,147.32,,,,
0.47,-94.67,147.29,,,,
0.32,-94.64,147.26,,,,
0.19,-94.56,147.24,,,,
0.09,-94.5,147.23,,,,
0,-94.45,147.2,,,,
-0.07,-94.43,147.17,,,,
-0.13,-94.36,147.14,,,,
-0.15,-94.31,147.1,,,,
-0.18,-94.29,147.09,,,,
-0.22,-94.26,147.07,,,,
-0.24,-94.23,147.05,,,,
-0.3,-94.2,147.03,,,,
-0.35,-94.16,147,,,,
-0.42,-94.11,146.97,,,,
-0.49,-94.05,146.96,,,,
-0.59,-94.01,146.94,,,,
-0.69,-93.91,146.92,,,,
-0.8,-93.79,146.91,,,,
-0.91,-93.65,146.91,,,,
-1.01,-93.5,146.89,,,,
-1.1,-93.34,146.87,,,,
-1.21,-93.17,146.85,,,,
-1.29,-92.99,146.84,,,,
-1.34,-92.84,146.84,,,,
-1.39,-92.78,146.83,,,,
-1.43,-92.74,146.82,,,,
-1.46,-92.7,146.81,,,,
-1.5,-92.67,146.79,,,,
-1.54,-92.61,146.77,,,,
-1.6,-92.55,146.77,,,,
-1.64,-92.49,146.76,,,,
-1.68,-92.42,146.75,,,,
-1.69,-92.36,146.74,,,,
-1.7,-92.3,146.73,,,,
-1.68,-92.25,146.71,,,,
-1.67,-92.2,146.7,,,,
-1.65,-92.16,146.69,,,,
-1.61,-92.14,146.68,,,,
-1.58,-92.14,146.67,,,,
-1.53,-92.12,146.66,,,,
-1.51,-92.11,146.64,,,,
-1.52,-92.09,146.63,,,,
-1.52,-92.06,146.62,,,,
-1.53,-92.01,146.62,,,,
-1.54,-91.98,146.62,,,,
-1.53,-91.95,146.61,,,,
-1.53,-91.92,146.6,,,,
-1.5,-91.89,146.58,,,,
-1.48,-91.88,146.57,,,,
-1.45,-91.88,146.55,,,,
-1.42,-91.87,146.54,,,,
-1.38,-91.86,146.53,,,,
-1.33,-91.88,146.51,,,,
-1.32,-91.88,146.5,,,,
-1.28,-91.88,146.48,,,,
-1.25,-91.88,146.47,,,,
-1.2,-91.88,146.45,,,,
-1.17,-91.9,146.44,,,,
-1.16,-91.93,146.42,,,,
-1.15,-91.95,146.41,,,,
-1.13,-91.96,146.4,,,,
-1.12,-91.98,146.4,,,,
-1.12,-91.99,146.39,,,,
-1.12,-91.99,146.38,,,,
-1.13,-91.99,146.35,,,,
-1.13,-92,146.33,,,,
-1.13,-92,146.3,,,,
-1.13,-92,146.28,,,,
-1.14,-92.01,146.26,,,,
-1.03,-92,146.23,,,,
-0.83,-91.71,146.21,,,,
-0.58,-91.88,146.17,,,,
-0.54,-92.07,146.14,,,,
-0.59,-92.13,146.11,,,,
-0.61,-92.16,146.08,,,,
-0.64,-92.2,146.03,,,,
-0.67,-92.21,146,,,,
-0.69,-92.16,145.96,,,,
-0.67,-92.19,145.92,,,,
-0.65,-92.2,145.88,,,,
-0.63,-92.21,145.84,,,,
-0.6,-92.25,145.8,,,,
-0.57,-92.29,145.76,,,,
-0.53,-92.34,145.72,,,,
-0.47,-92.41,145.68,,,,
-0.4,-92.5,145.63,,,,
-0.33,-92.6,145.59,,,,
-0.25,-92.71,145.55,,,,
-0.16,-92.81,145.51,,,,
-0.08,-92.91,145.46,,,,
0,-93,145.42,,,,
0.08,-93.08,145.38,,,,
0.16,-93.13,145.34,,,,
0.24,-93.17,145.3,,,,
0.31,-93.19,145.25,,,,
0.38,-93.2,145.21,,,,
0.44,-93.25,145.16,,,,
0.49,-93.34,145.11,,,,
0.51,-93.4,145.06,,,,
0.5,-93.47,145.03,,,,
0.49,-93.52,144.99,,,,
0.48,-93.55,144.95,,,,
0.46,-93.56,144.9,,,,
0.44,-93.58,144.86,,,,
0.4,-93.6,144.82,,,,
0.34,-93.63,144.78,,,,
0.29,-93.67,144.74,,,,
0.23,-93.68,144.71,,,,
0.17,-93.67,144.67,,,,
0.11,-93.64,144.64,,,,
0.06,-93.58,144.61,,,,
0,-93.52,144.58,,,,
-0.04,-93.47,144.55,,,,
-0.08,-93.39,144.51,,,,
-0.12,-93.31,144.48,,,,
-0.18,-93.22,144.44,,,,
-0.22,-93.16,144.41,,,,
-0.26,-93.12,144.37,,,,
-0.29,-93.1,144.34,,,,
-0.33,-93.09,144.3,,,,
-0.38,-93.1,144.26,,,,
-0.39,-93.11,144.23,,,,
-0.4,-93.11,144.19,,,,
-0.4,-93.11,144.17,,,,
-0.4,-93.11,144.14,,,,
-0.51,-92.91,144.11,,,,
-0.48,-92.79,144.07,,,,
-0.49,-92.7,144.04,,,,
-0.5,-92.59,144.02,,,,
-0.5,-92.5,143.99,,,,
-0.49,-92.38,143.96,,,,
-0.47,-92.26,143.93,,,,
-0.43,-92.15,143.89,,,,
-0.35,-92.02,143.85,,,,
-0.27,-91.91,143.81,,,,
-0.17,-91.8,143.77,,,,
-0.04,-91.7,143.73,,,,
0.09,-91.6,143.69,,,,
0.24,-91.55,143.65,,,,
0.4,-91.5,143.6,,,,
0.55,-91.48,143.56,,,,
0.69,-91.46,143.51,,,,
0.84,-91.46,143.47,,,,
0.96,-91.48,143.42,,,,
1.07,-91.48,143.37,,,,
1.17,-91.49,143.32,,,,
1.27,-91.48,143.27,,,,
1.37,-91.48,143.23,,,,
1.47,-91.48,143.18,,,,
1.56,-91.48,143.13,,,,
1.65,-91.48,143.08,,,,
1.76,-91.48,143.04,,,,
1.85,-91.46,142.99,,,,
1.95,-91.44,142.93,,,,
2.05,-91.41,142.88,,,,
2.18,-91.41,142.83,,,,
2.3,-91.44,142.79,,,,
2.46,-91.46,142.74,,,,
2.61,-91.5,142.68,,,,
2.76,-91.57,142.62,,,,
2.92,-91.64,142.57,,,,
3.08,-91.72,142.51,,,,
3.24,-91.82,142.46,,,,
3.4,-91.92,142.41,,,,
3.54,-92.04,142.36,,,,
3.65,-92.17,142.3,,,,
3.75,-92.32,142.24,,,,
3.82,-92.48,142.2,,,,
3.86,-92.65,142.15,,,,
3.86,-92.83,142.11,,,,
3.82,-93.01,142.06,,,,
3.8,-93.06,142,,,,
3.78,-93.07,141.94,,,,
3.82,-93.09,141.9,,,,
3.8,-93.13,141.86,,,,
3.79,-93.19,141.82,,,,
3.8,-93.28,141.78,,,,
3.82,-93.38,141.73,,,,
3.84,-93.5,141.69,,,,
3.83,-93.64,141.65,,,,
3.8,-93.74,141.62,,,,
3.75,-93.83,141.57,,,,
3.68,-93.95,141.52,,,,
3.6,-94.03,141.49,,,,
3.51,-94.11,141.45,,,,
3.42,-94.18,141.42,,,,
3.34,-94.24,141.38,,,,
3.26,-94.31,141.35,,,,
3.19,-94.34,141.31,,,,
3.1,-94.36,141.27,,,,
2.99,-94.36,141.22,,,,
2.87,-94.36,141.19,,,,
2.72,-94.32,141.16,,,,
2.55,-94.23,141.13,,,,
2.38,-94.12,141.09,,,,
2.24,-93.98,141.05,,,,
2.11,-93.83,141,,,,
2,-93.68,140.97,,,,
1.92,-93.55,140.93,,,,
1.86,-93.41,140.9,,,,
1.81,-93.3,140.87,,,,
1.76,-93.2,140.82,,,,
1.73,-93.1,140.78,,,,
1.69,-93,140.75,,,,
1.67,-92.91,140.72,,,,
1.66,-92.8,140.69,,,,
1.65,-92.68,140.66,,,,
1.67,-92.56,140.63,,,,
1.69,-92.4,140.6,,,,
1.71,-92.26,140.56,,,,
1.74,-92.1,140.53,,,,
1.77,-91.93,140.49,,,,
1.83,-91.71,140.46,,,,
1.95,-91.54,140.44,,,,
2.11,-91.37,140.41,,,,
2.3,-91.23,140.37,,,,
2.51,-91.14,140.33,,,,
2.73,-91.03,140.29,,,,
2.98,-90.93,140.25,,,,
3.24,-90.86,140.21,,,,
3.49,-90.8,140.18,,,,
3.74,-90.74,140.14,,,,
3.99,-90.71,140.11,,,,
4.22,-90.73,140.09,,,,
4.44,-90.75,140.06,,,,
4.65,-90.81,140.03,,,,
4.82,-90.89,139.99,,,,
4.96,-90.97,139.94,,,,
5.11,-91.05,139.9,,,,
5.23,-91.14,139.85,,,,
5.3,-91.23,139.83,,,,
5.36,-91.31,139.8,,,,
5.4,-91.39,139.78,,,,
5.43,-91.47,139.75,,,,
5.45,-91.55,139.72,,,,
5.47,-91.62,139.69,,,,
5.5,-91.69,139.66,,,,
5.55,-91.74,139.62,,,,
5.6,-91.8,139.58,,,,
5.66,-91.89,139.55,,,,
5.7,-92.01,139.51,,,,
5.66,-92.17,139.47,,,,
5.58,-92.31,139.43,,,,
5.5,-92.37,139.4,,,,
5.44,-92.38,139.36,,,,
5.43,-92.34,139.32,,,,
5.46,-92.33,139.29,,,,
5.49,-92.33,139.25,,,,
5.54,-92.37,139.22,,,,
5.57,-92.45,139.18,,,,
5.59,-92.52,139.15,,,,
5.59,-92.59,139.12,,,,
5.55,-92.64,139.08,,,,
5.52,-92.7,139.04,,,,
5.48,-92.73,139.01,,,,
5.45,-92.76,138.97,,,,
5.42,-92.8,138.93,,,,
5.38,-92.82,138.89,,,,
5.33,-92.86,138.86,,,,
5.29,-92.91,138.83,,,,
5.24,-92.96,138.81,,,,
5.2,-93.01,138.78,,,,
5.16,-93.06,138.74,,,,
5.12,-93.11,138.71,,,,
5.07,-93.15,138.68,,,,
5.02,-93.19,138.64,,,,
4.97,-93.23,138.62,,,,
4.92,-93.25,138.59,,,,
4.88,-93.29,138.57,,,,
4.83,-93.33,138.54,,,,
4.8,-93.37,138.5,,,,
4.76,-93.41,138.47,,,,
4.71,-93.46,138.43,,,,
4.66,-93.5,138.39,,,,
4.61,-93.55,138.35,,,,
4.56,-93.59,138.31,,,,
4.51,-93.64,138.29,,,,
4.45,-93.7,138.27,,,,
4.4,-93.76,138.24,,,,
4.34,-93.8,138.22,,,,
4.29,-93.86,138.2,,,,
4.23,-93.9,138.16,,,,
4.14,-93.94,138.16,,,,
4.05,-93.97,138.15,,,,
3.96,-94,138.14,,,,
3.84,-94.02,138.1,,,,
3.73,-94.04,138.06,,,,
3.6,-94.06,138.03,,,,
3.47,-94.06,138,,,,
3.33,-94.06,137.97,,,,
3.18,-94.05,137.94,,,,
3.04,-94.04,137.93,,,,
2.88,-94.03,137.91,,,,
2.73,-94.01,137.89,,,,
2.58,-93.99,137.88,,,,
2.41,-93.95,137.85,,,,
2.25,-93.9,137.82,,,,
2.09,-93.84,137.81,,,,
1.93,-93.79,137.79,,,,
1.78,-93.72,137.77,,,,
1.63,-93.64,137.76,,,,
1.47,-93.55,137.75,,,,
1.31,-93.46,137.73,,,,
1.16,-93.38,137.71,,,,
1.02,-93.3,137.7,,,,
0.87,-93.24,137.69,,,,
0.74,-93.18,137.69,,,,
0.63,-93.14,137.67,,,,
0.53,-93.09,137.67,,,,
0.45,-93.04,137.68,,,,
0.38,-93,137.69,,,,
0.33,-92.96,137.68,,,,
0.3,-92.92,137.67,,,,
0.28,-92.9,137.67,,,,
0.27,-92.9,137.67,,,,
0.27,-92.92,137.64,,,,
0.27,-92.96,137.62,,,,
0.28,-93.02,137.6,,,,
0.28,-93.08,137.59,,,,
0.28,-93.15,137.58,,,,
0.25,-93.26,137.56,,,,
0.21,-93.31,137.55,,,,
0.17,-93.32,137.53,,,,
0.12,-93.33,137.51,,,,
0.14,-93.33,137.5,,,,
0.13,-93.34,137.49,,,,
0.14,-93.36,137.48,,,,
0.18,-93.39,137.46,,,,
0.24,-93.42,137.45,,,,
0.3,-93.47,137.43,,,,
0.35,-93.52,137.42,,,,
0.4,-93.59,137.42,,,,
0.44,-93.67,137.41,,,,
0.48,-93.75,137.41,,,,
0.5,-93.82,137.39,,,,
0.5,-93.9,137.37,,,,
0.49,-93.98,137.35,,,,
0.46,-94.06,137.34,,,,
0.42,-94.13,137.34,,,,
0.38,-94.19,137.34,,,,
0.33,-94.26,137.35,,,,
0.28,-94.32,137.34,,,,
0.22,-94.37,137.34,,,,
0.15,-94.43,137.35,,,,
0.08,-94.48,137.36,,,,
0,-94.54,137.38,,,,
-0.1,-94.58,137.39,,,,
-0.2,-94.63,137.41,,,,
-0.3,-94.67,137.42,,,,
-0.41,-94.72,137.43,,,,
-0.5,-94.77,137.44,,,,
-0.6,-94.81,137.48,,,,
-0.69,-94.85,137.51,,,,
-0.79,-94.89,137.54,,,,
-0.89,-94.95,137.6,,,,
-0.99,-94.99,137.66,,,,
-1.1,-95.04,137.73,,,,
-1.22,-95.07,137.79,,,,
-1.34,-95.11,137.86,,,,
-1.48,-95.13,137.93,,,,
-1.62,-95.15,138,,,,
-1.77,-95.14,138.07,,,,
-1.91,-95.13,138.15,,,,
-2.03,-95.09,138.24,,,,
-2.13,-95.07,138.34,,,,
-2.22,-95.04,138.44,,,,
-2.3,-95.03,138.54,,,,
-2.37,-95.03,138.65,,,,
-2.46,-95.04,138.8,,,,
-2.54,-95.04,138.94,,,,
-2.62,-95.03,139.09,,,,
-2.7,-95.02,139.23,,,,
-2.76,-95.01,139.37,,,,
-2.83,-95.01,139.53,,,,
-2.9,-95.04,139.66,,,,
-2.98,-95.06,139.8,,,,
-3.07,-95.07,139.93,,,,
-3.15,-95.09,140.08,,,,
-3.22,-95.11,140.23,,,,
-3.29,-95.12,140.39,,,,
-3.38,-95.13,140.53,,,,
-3.48,-95.14,140.68,,,,
-3.6,-95.16,140.82,,,,
-3.73,-95.17,140.98,,,,
-3.87,-95.18,141.12,,,,
-4.02,-95.18,141.25,,,,
-4.18,-95.17,141.38,,,,
-4.35,-95.16,141.51,,,,
-4.51,-95.13,141.64,,,,
-4.68,-95.12,141.77,,,,
-4.83,-95.07,141.88,,,,
-4.98,-95.05,141.99,,,,
-5.13,-94.98,142.09,,,,
-5.26,-94.93,142.19,,,,
-5.38,-94.85,142.27,,,,
-5.49,-94.78,142.35,,,,
-5.58,-94.69,142.43,,,,
-5.65,-94.61,142.51,,,,
-5.7,-94.54,142.59,,,,
-5.73,-94.47,142.65,,,,
-5.76,-94.39,142.7,,,,
-5.78,-94.33,142.75,,,,
-5.78,-94.25,142.8,,,,
-5.79,-94.2,142.86,,,,
-5.77,-94.13,142.89,,,,
-5.76,-94.08,142.93,,,,
-5.75,-94.05,142.96,,,,
-5.76,-94.01,143,,,,
-5.77,-93.97,143.03,,,,
-5.79,-93.95,143.06,,,,
-5.82,-93.9,143.08,,,,
-5.88,-93.88,143.1,,,,
-5.95,-93.83,143.12,,,,
-6.02,-93.75,143.14,,,,
-6.1,-93.66,143.16,,,,
-6.17,-93.55,143.18,,,,
-6.24,-93.44,143.2,,,,
-6.29,-93.33,143.22,,,,
-6.34,-93.22,143.21,,,,
-6.38,-93.1,143.22,,,,
-6.4,-92.98,143.23,,,,
-6.39,-92.87,143.23,,,,
-6.37,-92.79,143.23,,,,
-6.36,-92.7,143.22,,,,
-6.32,-92.63,143.22,,,,
-6.28,-92.56,143.21,,,,
-6.22,-92.49,143.21,,,,
-6.14,-92.41,143.2,,,,
-6.05,-92.33,143.2,,,,
-5.93,-92.27,143.2,,,,
-5.8,-92.21,143.2,,,,
-5.7,-92.18,143.19,,,,
-5.62,-92.15,143.18,,,,
-5.54,-92.11,143.17,,,,
-5.48,-92.05,143.17,,,,
-5.43,-91.97,143.16,,,,
-5.38,-91.86,143.15,,,,
-5.33,-91.73,143.13,,,,
-5.26,-91.61,143.13,,,,
-5.17,-91.49,143.11,,,,
-5.07,-91.38,143.1,,,,
-4.96,-91.27,143.08,,,,
-4.82,-91.17,143.07,,,,
-4.66,-91.09,143.05,,,,
-4.45,-91.02,143.02,,,,
-4.21,-91,142.98,,,,
-3.95,-90.97,142.95,,,,
-3.69,-90.94,142.92,,,,
-3.42,-90.93,142.88,,,,
-3.15,-90.93,142.85,,,,
-2.88,-90.93,142.81,,,,
-2.62,-90.93,142.78,,,,
-2.4,-90.94,142.74,,,,
-2.2,-90.92,142.71,,,,
-2,-90.89,142.67,,,,
-1.82,-90.87,142.63,,,,
-1.64,-90.83,142.58,,,,
-1.45,-90.75,142.55,,,,
-1.26,-90.67,142.51,,,,
-1.05,-90.6,142.47,,,,
-0.83,-90.53,142.43,,,,
-0.58,-90.45,142.4,,,,
-0.33,-90.4,142.35,,,,
-0.06,-90.37,142.31,,,,
0.24,-90.32,142.27,,,,
0.57,-90.32,142.23,,,,
0.9,-90.38,142.19,,,,
1.22,-90.45,142.13,,,,
1.52,-90.53,142.07,,,,
1.79,-90.64,142.01,,,,
2.02,-90.74,141.97,,,,
2.21,-90.82,141.92,,,,
2.4,-90.89,141.87,,,,
2.6,-90.98,141.81,,,,
2.8,-91.07,141.76,,,,
3,-91.2,141.71,,,,
3.18,-91.38,141.66,,,,
3.31,-91.59,141.62,,,,
3.35,-91.8,141.59,,,,
3.35,-92,141.55,,,,
3.31,-92.17,141.51,,,,
3.28,-92.3,141.47,,,,
3.26,-92.42,141.42,,,,
3.24,-92.54,141.38,,,,
3.23,-92.67,141.34,,,,
3.21,-92.8,141.3,,,,
3.18,-92.94,141.27,,,,
3.15,-93.07,141.24,,,,
3.1,-93.2,141.2,,,,
3.05,-93.32,141.17,,,,
2.99,-93.43,141.14,,,,
2.93,-93.54,141.11,,,,
2.86,-93.65,141.09,,,,
2.79,-93.75,141.05,,,,
2.72,-93.85,141.02,,,,
2.65,-93.96,141,,,,
2.57,-94.06,140.97,,,,
2.49,-94.16,140.95,,,,
2.38,-94.26,140.92,,,,
2.26,-94.36,140.9,,,,
2.12,-94.46,140.88,,,,
1.97,-94.57,140.87,,,,
1.82,-94.68,140.86,,,,
1.65,-94.76,140.84,,,,
1.47,-94.84,140.83,,,,
1.3,-94.91,140.81,,,,
1.11,-95,140.81,,,,
0.91,-95.08,140.81,,,,
0.71,-95.16,140.82,,,,
0.49,-95.23,140.81,,,,
0.26,-95.32,140.81,,,,
0,-95.37,140.81,,,,
-0.23,-95.41,140.82,,,,
-0.47,-95.41,140.83,,,,
-0.71,-95.42,140.84,,,,
-0.94,-95.43,140.84,,,,
-1.16,-95.47,140.85,,,,
-1.4,-95.5,140.86,,,,
-1.64,-95.51,140.87,,,,
-1.9,-95.52,140.88,,,,
-2.15,-95.52,140.88,,,,
-2.39,-95.54,140.89,,,,
-2.62,-95.51,140.91,,,,
-2.84,-95.44,140.93,,,,
-3.02,-95.34,140.96,,,,
-3.16,-95.24,140.99,,,,
-3.28,-95.18,141.01,,,,
-3.4,-95.12,141.03,,,,
-3.52,-95.08,141.04,,,,
-3.65,-95.08,141.05,,,,
-3.8,-95.07,141.07,,,,
-3.95,-95,141.09,,,,
-4.11,-94.92,141.1,,,,
-4.25,-94.8,141.12,,,,
-4.39,-94.66,141.13,,,,
-4.5,-94.52,141.13,,,,
-4.6,-94.41,141.13,,,,
-4.7,-94.31,141.13,,,,
-4.78,-94.2,141.13,,,,
-4.84,-94.07,141.13,,,,
-4.89,-93.94,141.14,,,,
-4.91,-93.8,141.14,,,,
-4.89,-93.65,141.14,,,,
-4.84,-93.52,141.15,,,,
-4.77,-93.4,141.15,,,,
-4.7,-93.3,141.15,,,,
-4.64,-93.21,141.14,,,,
-4.59,-93.14,141.15,,,,
-4.55,-93.09,141.15,,,,
-4.5,-93.04,141.15,,,,
-4.47,-92.98,141.16,,,,
-4.44,-92.93,141.16,,,,
-4.43,-92.88,141.16,,,,
-4.42,-92.82,141.16,,,,
-4.43,-92.78,141.16,,,,
-4.45,-92.74,141.17,,,,
-4.47,-92.69,141.17,,,,
-4.49,-92.65,141.16,,,,
-4.51,-92.62,141.16,,,,
-4.54,-92.57,141.16,,,,
-4.57,-92.52,141.15,,,,
-4.6,-92.47,141.16,,,,
-4.6,-92.42,141.16,,,,
-4.59,-92.37,141.16,,,,
-4.57,-92.31,141.15,,,,
-4.54,-92.26,141.16,,,,
-4.51,-92.24,141.16,,,,
-4.46,-92.2,141.16,,,,
-4.4,-92.19,141.14,,,,
-4.35,-92.19,141.13,,,,
-4.32,-92.18,141.13,,,,
-4.28,-92.17,141.11,,,,
-4.23,-92.15,141.1,,,,
-4.21,-92.14,141.08,,,,
-4.18,-92.13,141.07,,,,
-4.16,-92.12,141.06,,,,
-4.12,-92.1,141.05,,,,
-4.09,-92.08,141.03,,,,
-4.05,-92.06,141.01,,,,
-4.01,-92.04,141,,,,
-3.98,-92.02,140.98,,,,
-3.95,-92,140.96,,,,
-3.92,-91.97,140.94,,,,
-3.88,-91.95,140.91,,,,
-3.8,-91.95,140.9,,,,
-3.72,-91.96,140.88,,,,
-3.63,-91.95,140.87,,,,
-3.55,-91.95,140.86,,,,
-3.46,-91.95,140.85,,,,
-3.36,-91.95,140.83,,,,
-3.26,-91.94,140.81,,,,
-3.16,-91.95,140.79,,,,
-3.06,-91.97,140.76,,,,
-2.96,-91.98,140.73,,,,
-2.87,-91.98,140.69,,,,
-2.77,-91.98,140.66,,,,
-2.68,-91.98,140.64,,,,
-2.59,-91.97,140.6,,,,
-2.51,-91.97,140.56,,,,
-2.42,-91.95,140.53,,,,
-2.33,-91.94,140.5,,,,
-2.24,-91.94,140.47,,,,
-2.16,-91.96,140.44,,,,
-2.08,-91.98,140.4,,,,
-2.02,-92,140.37,,,,
-1.95,-92.04,140.33,,,,
-1.89,-92.06,140.29,,,,
-1.81,-92.06,140.26,,,,
-1.73,-92.08,140.22,,,,
-1.65,-92.09,140.19,,,,
-1.56,-92.09,140.15,,,,
-1.47,-92.06,140.1,,,,
-1.37,-92.03,140.06,,,,
-1.26,-92,140.01,,,,
-1.15,-91.97,139.96,,,,
-1.03,-91.94,139.92,,,,
-0.9,-91.94,139.88,,,,
-0.78,-91.92,139.84,,,,
-0.68,-91.91,139.79,,,,
-0.57,-91.9,139.75,,,,
-0.47,-91.86,139.71,,,,
-0.36,-91.84,139.66,,,,
-0.23,-91.81,139.61,,,,
-0.09,-91.8,139.58,,,,
0.05,-91.8,139.54,,,,
0.21,-91.83,139.49,,,,
0.36,-91.86,139.45,,,,
0.51,-91.9,139.41,,,,
0.65,-91.91,139.38,,,,
0.78,-91.95,139.33,,,,
0.91,-91.96,139.29,,,,
1.04,-92,139.25,,,,
1.15,-92.05,139.22,,,,
1.25,-92.12,139.2,,,,
1.34,-92.18,139.17,,,,
1.43,-92.26,139.14,,,,
1.5,-92.34,139.11,,,,
1.55,-92.41,139.08,,,,
1.58,-92.49,139.06,,,,
1.59,-92.56,139.03,,,,
1.6,-92.63,139,,,,
1.6,-92.69,138.97,,,,
1.58,-92.75,138.94,,,,
1.57,-92.79,138.91,,,,
1.56,-92.83,138.89,,,,
1.56,-92.88,138.86,,,,
1.56,-92.94,138.83,,,,
1.55,-93.01,138.82,,,,
1.54,-93.07,138.8,,,,
1.53,-93.14,138.79,,,,
1.49,-93.21,138.78,,,,
1.45,-93.28,138.76,,,,
1.4,-93.35,138.73,,,,
1.35,-93.42,138.72,,,,
1.28,-93.49,138.7,,,,
1.21,-93.56,138.7,,,,
1.12,-93.64,138.7,,,,
1.02,-93.71,138.7,,,,
0.92,-93.79,138.7,,,,
0.8,-93.86,138.7,,,,
0.68,-93.93,138.7,,,,
0.54,-94,138.69,,,,
0.38,-94.07,138.68,,,,
0.21,-94.14,138.69,,,,
0.03,-94.2,138.7,,,,
-0.15,-94.26,138.71,,,,
-0.33,-94.3,138.73,,,,
-0.5,-94.34,138.73,,,,
-0.68,-94.36,138.73,,,,
-0.84,-94.38,138.74,,,,
-1,-94.39,138.75,,,,
-1.16,-94.4,138.77,,,,
-1.32,-94.42,138.79,,,,
-1.49,-94.44,138.8,,,,
-1.65,-94.46,138.82,,,,
-1.82,-94.46,138.85,,,,
-1.97,-94.45,138.89,,,,
-2.11,-94.46,138.91,,,,
-2.25,-94.48,138.94,,,,
-2.38,-94.49,138.96,,,,
-2.52,-94.5,138.98,,,,
-2.65,-94.52,139,,,,
-2.78,-94.54,139.03,,,,
-2.92,-94.56,139.05,,,,
-3.06,-94.58,139.06,,,,
-3.2,-94.58,139.09,,,,
-3.33,-94.55,139.11,,,,
-3.45,-94.51,139.14,,,,
-3.56,-94.47,139.17,,,,
-3.66,-94.45,139.19,,,,
-3.75,-94.45,139.21,,,,
-3.84,-94.47,139.24,,,,
-3.94,-94.49,139.27,,,,
-4.05,-94.51,139.28,,,,
-4.17,-94.5,139.28,,,,
-4.27,-94.5,139.29,,,,
-4.38,-94.48,139.29,,,,
-4.48,-94.46,139.3,,,,
-4.58,-94.43,139.31,,,,
-4.68,-94.41,139.34,,,,
-4.76,-94.37,139.36,,,,
-4.86,-94.33,139.36,,,,
-4.95,-94.27,139.36,,,,
-5.03,-94.22,139.37,,,,
-5.12,-94.17,139.37,,,,
-5.18,-94.12,139.38,,,,
-5.25,-94.05,139.39,,,,
-5.31,-94,139.4,,,,
-5.37,-93.91,139.41,,,,
-5.39,-93.81,139.4,,,,
-5.4,-93.7,139.4,,,,
-5.37,-93.6,139.41,,,,
-5.3,-93.51,139.41,,,,
-5.25,-93.44,139.41,,,,
-5.19,-93.39,139.41,,,,
-5.14,-93.34,139.41,,,,
-5.1,-93.3,139.41,,,,
-5.07,-93.25,139.4,,,,
-5.06,-93.2,139.4,,,,
-5.06,-93.15,139.4,,,,
-5.03,-93.09,139.4,,,,
-5.01,-93.04,139.4,,,,
-5,-93,139.4,,,,
-4.97,-92.96,139.41,,,,
-4.96,-92.92,139.42,,,,
-4.93,-92.88,139.41,,,,
-4.92,-92.84,139.41,,,,
-4.9,-92.79,139.42,,,,
-4.89,-92.75,139.42,,,,
-4.88,-92.7,139.42,,,,
-4.86,-92.66,139.41,,,,
-4.86,-92.61,139.42,,,,
-4.84,-92.57,139.42,,,,
-4.81,-92.53,139.41,,,,
-4.78,-92.49,139.41,,,,
-4.76,-92.46,139.4,,,,
-4.72,-92.43,139.38,,,,
-4.67,-92.41,139.36,,,,
-4.62,-92.4,139.35,,,,
-4.57,-92.38,139.34,,,,
-4.52,-92.36,139.33,,,,
-4.47,-92.32,139.31,,,,
-4.42,-92.29,139.3,,,,
-4.37,-92.26,139.29,,,,
-4.33,-92.22,139.28,,,,
-4.29,-92.16,139.27,,,,
-4.24,-92.09,139.26,,,,
-4.18,-92.03,139.25,,,,
-4.11,-91.97,139.23,,,,
-4.02,-91.91,139.21,,,,
-3.92,-91.89,139.18,,,,
-3.83,-91.87,139.16,,,,
-3.72,-91.86,139.15,,,,
-3.61,-91.84,139.12,,,,
-3.51,-91.84,139.1,,,,
-3.41,-91.81,139.07,,,,
-3.3,-91.8,139.05,,,,
-3.19,-91.79,139.02,,,,
-3.08,-91.79,138.99,,,,
-2.96,-91.8,138.97,,,,
-2.84,-91.8,138.94,,,,
-2.72,-91.8,138.92,,,,
-2.59,-91.82,138.91,,,,
-2.47,-91.84,138.88,,,,
-2.33,-91.86,138.86,,,,
-2.21,-91.9,138.83,,,,
-2.08,-91.92,138.8,,,,
-1.96,-91.94,138.78,,,,
-1.84,-91.99,138.75,,,,
-1.74,-92.01,138.72,,,,
-1.63,-92.03,138.69,,,,
-1.54,-92.05,138.68,,,,
-1.44,-92.07,138.66,,,,
-1.34,-92.09,138.64,,,,
-1.26,-92.12,138.62,,,,
-1.17,-92.14,138.6,,,,
-1.09,-92.16,138.58,,,,
-1.02,-92.18,138.53,,,,
-0.94,-92.21,138.49,,,,
-0.86,-92.21,138.46,,,,
-0.78,-92.22,138.43,,,,
-0.69,-92.24,138.4,,,,
-0.61,-92.25,138.37,,,,
-0.53,-92.27,138.34,,,,
-0.44,-92.28,138.32,,,,
-0.35,-92.3,138.3,,,,
-0.26,-92.32,138.29,,,,
-0.19,-92.37,138.27,,,,
-0.11,-92.42,138.25,,,,
-0.04,-92.45,138.22,,,,
0.03,-92.49,138.19,,,,
0.09,-92.54,138.17,,,,
0.13,-92.58,138.14,,,,
0.17,-92.63,138.12,,,,
0.2,-92.67,138.1,,,,
0.22,-92.71,138.08,,,,
0.23,-92.76,138.06,,,,
0.24,-92.79,138.05,,,,
0.25,-92.83,138.03,,,,
0.24,-92.86,138.02,,,,
0.22,-92.89,138.01,,,,
0.22,-92.91,138,,,,
0.2,-92.94,137.99,,,,
0.18,-92.96,137.98,,,,
0.17,-92.98,137.96,,,,
0.14,-92.99,137.95,,,,
0.12,-93.01,137.94,,,,
0.09,-93.03,137.92,,,,
0.06,-93.05,137.9,,,,
0.04,-93.06,137.88,,,,
0.01,-93.07,137.85,,,,
-0.02,-93.08,137.84,,,,
-0.06,-93.1,137.83,,,,
-0.09,-93.11,137.82,,,,
-0.12,-93.12,137.81,,,,
-0.14,-93.13,137.8,,,,
-0.16,-93.13,137.8,,,,
-0.18,-93.14,137.8,,,,
-0.21,-93.13,137.8,,,,
-0.24,-93.13,137.78,,,,
-0.28,-93.13,137.77,,,,
-0.32,-93.12,137.76,,,,
-0.36,-93.11,137.76,,,,
-0.4,-93.1,137.75,,,,
-0.44,-93.1,137.75,,,,
-0.45,-93.1,137.74,,,,
-0.45,-93.1,137.74,,,,
-0.46,-93.1,137.74,,,,
-0.46,-93.09,137.74,,,,
-0.46,-93.09,137.75,,,,
-0.46,-93.09,137.75,,,,
-0.46,-93.09,137.75,,,,
-0.46,-93.09,137.73,,,,
-0.45,-93.09,137.71,,,,
-0.45,-93.09,137.7,,,,
-0.45,-93.09,137.7,,,,
-0.45,-93.09,137.7,,,,
-0.45,-93.09,137.69,,,,
-0.45,-93.08,137.68,,,,
-0.45,-93.08,137.68,,,,
-0.45,-93.08,137.68,,,,
-0.44,-93.08,137.67,,,,
-0.44,-93.09,137.66,,,,
-0.44,-93.09,137.65,,,,
-0.44,-93.09,137.64,,,,
-0.43,-93.09,137.64,,,,
-0.43,-93.08,137.63,,,,
-0.43,-93.08,137.62,,,,
-0.43,-93.08,137.62,,,,
-0.43,-93.08,137.62,,,,
-0.44,-93.08,137.62,,,,
-0.44,-93.08,137.61,,,,
-0.44,-93.08,137.6,,,,
-0.44,-93.08,137.59,,,,
-0.44,-93.08,137.58,,,,
-0.45,-93.08,137.57,,,,
-0.45,-93.08,137.57,,,,
-0.45,-93.08,137.55,,,,
-0.45,-93.08,137.55,,,,
-0.45,-93.08,137.54,,,,
-0.45,-93.08,137.54,,,,
-0.45,-93.08,137.53,,,,
-0.45,-93.08,137.53,,,,
-0.45,-93.08,137.52,,,,
-0.45,-93.08,137.51,,,,
-0.45,-93.08,137.5,,,,
-0.45,-93.08,137.5,,,,
-0.45,-93.08,137.49,,,,
-0.45,-93.08,137.48,,,,
-0.44,-93.08,137.46,,,,
-0.44,-93.08,137.44,,,,
-0.44,-93.08,137.43,,,,
-0.44,-93.08,137.42,,,,
-0.44,-93.08,137.41,,,,
-0.44,-93.07,137.39,,,,
-0.44,-93.07,137.38,,,,
-0.44,-93.07,137.36,,,,
-0.44,-93.07,137.36,,,,
-0.44,-93.07,137.35,,,,
-0.44,-93.07,137.36,,,,
-0.44,-93.07,137.35,,,,
-0.44,-93.07,137.34,,,,
-0.44,-93.07,137.33,,,,
-0.44,-93.07,137.32,,,,
-0.44,-93.07,137.32,,,,
-0.44,-93.07,137.31,,,,
-0.44,-93.07,137.31,,,,
-0.44,-93.07,137.3,,,,
-0.44,-93.07,137.28,,,,
-0.43,-93.07,137.28,,,,
-0.43,-93.07,137.27,,,,
-0.43,-93.07,137.26,,,,
-0.43,-93.08,137.26,,,,
-0.43,-93.08,137.23,,,,
-0.43,-93.08,137.22,,,,
-0.43,-93.08,137.21,,,,
-0.43,-93.08,137.2,,,,
-0.43,-93.08,137.2,,,,
-0.43,-93.07,137.19,,,,
-0.43,-93.07,137.17,,,,
-0.43,-93.07,137.17,,,,
-0.43,-93.07,137.16,,,,
-0.43,-93.07,137.16,,,,
-0.43,-93.07,137.16,,,,
-0.43,-93.07,137.15,,,,
-0.44,-93.07,137.14,,,,
-0.44,-93.07,137.13,,,,
-0.44,-93.07,137.12,,,,
-0.44,-93.07,137.12,,,,
-0.44,-93.07,137.13,,,,
-0.44,-93.07,137.11,,,,
-0.44,-93.07,137.09,,,,
-0.44,-93.07,137.07,,,,
-0.44,-93.07,137.06,,,,
-0.43,-93.07,137.06,,,,
-0.43,-93.07,137.05,,,,
-0.43,-93.07,137.05,,,,
-0.43,-93.07,137.05,,,,
-0.43,-93.07,137.04,,,,
-0.43,-93.07,137.03,,,,
-0.43,-93.06,137.01,,,,
-0.43,-93.06,137,,,,
-0.43,-93.06,136.98,,,,
-0.43,-93.06,136.97,,,,
-0.43,-93.06,136.96,,,,
-0.43,-93.06,136.96,,,,
-0.43,-93.06,136.95,,,,
-0.43,-93.06,136.93,,,,
-0.43,-93.06,136.92,,,,
-0.43,-93.06,136.92,,,,
-0.43,-93.06,136.91,,,,
-0.43,-93.06,136.9,,,,
-0.43,-93.06,136.9,,,,
-0.43,-93.06,136.89,,,,
-0.43,-93.05,136.88,,,,
-0.43,-93.05,136.88,,,,
-0.43,-93.06,136.87,,,,
-0.43,-93.06,136.85,,,,
-0.43,-93.06,136.84,,,,
-0.43,-93.06,136.84,,,,
-0.43,-93.06,136.82,,,,
-0.43,-93.06,136.81,,,,
-0.43,-93.06,136.8,,,,
-0.43,-93.06,136.8,,,,
-0.43,-93.06,136.79,,,,
-0.43,-93.06,136.79,,,,
-0.43,-93.05,136.78,,,,
-0.43,-93.05,136.76,,,,
-0.43,-93.05,136.75,,,,
-0.43,-93.05,136.75,,,,
-0.42,-93.05,136.74,,,,
-0.42,-93.05,136.75,,,,
