81.32,131.23,204.18,,,,,
81.33,131.33,204.2,,,,,
81.35,131.43,204.23,,,,,
81.37,131.54,204.24,,,65.12,,11.04
81.39,131.64,204.25,,,82.45,,136.96
81.41,131.76,204.27,,,,,
81.43,131.87,204.29,,,,,
81.45,131.99,204.31,,,,,
81.47,132.12,204.34,,,,,
81.48,132.25,204.35,,,,,
81.5,132.39,204.37,,,,,
81.51,132.52,204.39,,,,,
81.52,132.65,204.41,,,,,
81.53,132.78,204.43,,,,,
81.54,132.92,204.44,,,,,
81.56,133.04,204.46,,,,,
81.57,133.15,204.48,,,,,
81.59,133.26,204.5,,,,,
81.6,133.33,204.52,,,,,
81.62,133.37,204.53,,,,,
81.63,133.4,204.55,,,,,
81.64,133.44,204.57,,,,,
81.66,133.49,204.58,,,,,
81.68,133.56,204.59,,,,,
81.69,133.64,204.59,,,,,
81.7,133.72,204.61,,,,,
81.71,133.81,204.63,,,,,
81.71,133.9,204.65,,,,,
81.72,134,204.67,,,,,
81.73,134.11,204.68,,,,,
81.73,134.24,204.7,,,,,
81.74,134.36,204.71,,,,,
81.75,134.49,204.73,,,,,
81.76,134.61,204.75,,,,,
81.77,134.72,204.77,,,,,
81.79,134.82,204.78,,,,,
81.8,134.89,204.79,,,,,
81.82,134.95,204.81,,,,,
81.83,135.01,204.82,,,,,
81.85,135.05,204.84,,,,,
81.86,135.09,204.85,,,,,
81.88,135.11,204.87,,,,,
81.9,135.14,204.88,,,,,
81.92,135.16,204.9,,,,,
81.93,135.18,204.91,,,,,
81.95,135.22,204.94,,,,,
81.97,135.27,204.95,,,,,
81.98,135.32,204.96,,,,,
81.99,135.39,204.97,,,,,
82,135.47,204.99,,,,,
82.01,135.57,205.01,,,,,
82.01,135.68,205.02,,,,,
82.02,135.8,205.03,,,,,
82.02,135.93,205.05,,,,,
82.03,136.09,205.06,,,,,
82.04,136.25,205.08,,,,,
82.05,136.37,205.1,,,,,
82.06,136.49,205.12,,,,,
82.06,136.59,205.13,,,,,
82.07,136.68,205.13,,,,,
82.07,136.76,205.15,,,,,
82.07,136.82,205.17,,,,,
82.08,136.87,205.19,,,,,
82.09,136.89,205.21,,,,,
82.09,136.9,205.22,,,,,
82.1,136.91,205.23,,,,,
82.11,136.92,205.25,,,,,
82.12,136.92,205.28,,,,,
82.12,136.93,205.29,,,,,
82.13,136.94,205.3,,,,,
82.13,136.96,205.31,,,,,
81.92,136.94,205.32,,,,,
81.81,136.55,205.33,,,,,
81.66,135.21,205.33,,,,,
81.56,134.03,205.34,,,,,
81.57,132.87,205.35,,,,,
81.57,131.32,205.35,,,,,
81.6,131.51,205.35,,,,,
81.62,131.64,205.36,,,,,
81.64,131.8,205.36,,,,,
81.66,131.89,205.37,,,,,
81.68,131.96,205.37,,,,,
81.71,132.08,205.37,,,,,
81.74,132.22,205.37,,,,,
81.76,132.32,205.38,,,,,
81.78,132.4,205.39,,,,,
81.79,132.47,205.4,,,,,
81.8,132.54,205.4,,,,,
81.81,132.59,205.41,,,,,
81.82,132.64,205.42,,,,,
81.83,132.68,205.43,,,,,
81.85,132.73,205.45,,,,,
81.86,132.76,205.45,,,,,
81.87,132.81,205.45,,,,,
81.88,132.86,205.46,,,,,
81.9,132.9,205.47,,,,,
81.91,132.96,205.48,,,,,
81.92,133.02,205.48,,,,,
81.93,133.09,205.49,,,,,
81.94,133.17,205.5,,,,,
81.94,133.27,205.51,,,,,
81.95,133.38,205.51,,,,,
81.85,132.71,205.51,,,,,
81.82,132.73,205.52,,,,,
81.77,133.26,205.52,,,,,
81.76,133.67,205.52,,,,,
81.76,132.17,205.54,,,,,
81.77,130.66,205.55,,,,,
81.79,130.86,205.55,,,,,
81.81,131.18,205.56,,,,,
81.81,131.51,205.56,,,,,
81.81,131.84,205.56,,,,,
81.83,132.04,205.57,,,,,
81.84,132.21,205.58,,,,,
81.86,132.34,205.57,,,,,
81.88,132.5,205.56,,,,,
81.9,132.67,205.56,,,,,
81.92,132.8,205.55,,,,,
81.94,132.97,205.57,,,,,
81.96,133.1,205.59,,,,,
81.97,133.28,205.61,,,,,
81.99,133.45,205.62,,,,,
82,133.62,205.63,,,,,
82.01,133.78,205.64,,,,,
82,133.92,205.65,,,,,
82,134.07,205.65,,,,,
81.97,134.31,205.66,,,,,
81.89,134.46,205.67,,,,,
81.89,134.4,205.68,,,,,
81.91,134.49,205.69,,,,,
81.93,134.47,205.69,,,,,
81.93,134.39,205.7,,,,,
81.96,134.32,205.71,,,,,
81.99,134,205.71,,,,,
82,133.64,205.72,,,,,
82.02,133.44,205.73,,,,,
82.04,133.46,205.74,,,,,
82.06,133.5,205.75,,,,,
82.08,133.54,205.76,,,,,
82.1,133.59,205.77,,,,,
82.11,133.64,205.77,,,,,
82.13,133.7,205.77,,,,,
82.14,133.76,205.78,,,,,
82.16,133.81,205.8,,,,,
82.17,133.88,205.82,,,,,
82.19,133.93,205.83,,,,,
82.19,134.01,205.85,,,,,
82.2,134.09,205.86,,,,,
82.14,134.07,205.88,,,,,
82.03,134.08,205.9,,,,,
81.98,133.8,205.9,,,,,
81.9,133.48,205.91,,,,,
81.81,133.03,205.92,,,,,
81.81,132.55,205.94,,,,,
81.78,131.11,205.95,,,,,
81.73,129.75,205.95,,,,,
81.72,128.48,205.95,,,,,
81.75,127.12,205.96,,,,,
81.77,127.06,205.97,,,,,
81.78,126.93,205.98,,,,,
81.79,126.68,205.99,,,,,
81.82,126.51,205.99,,,,,
81.85,126.48,206.01,,,,,
81.88,125.25,206.02,,,,,
81.88,124.02,206.02,,,,,
81.91,122.54,206.03,,,,,
81.93,122.72,206.02,,,,,
81.94,122.86,206.02,,,,,
81.96,122.99,206.01,,,,,
81.98,123.21,206.01,,,,,
82.02,123.39,206.05,,,,,
82.05,123.37,206.1,,,,,
82.08,123.39,206.14,,,,,
82.11,123.53,206.16,,,,,
82.12,123.76,206.16,,,,,
82.13,123.8,206.16,,,,,
82.14,123.99,206.17,,,,,
82.15,123.99,206.18,,,,,
82.16,123.9,206.18,,,,,
82.17,123.99,206.17,,,,,
82.17,124.13,206.17,,,,,
82.16,124.36,206.17,,,,,
82.16,124.57,206.19,,,,,
82.18,124.72,206.25,,,,,
82.2,123.12,206.31,,,,,
82.23,123.25,206.38,,,,,
82.26,121.83,206.45,,,,,
82.25,120.62,206.48,,,,,
82.25,119.42,206.47,,,,,
82.27,118.03,206.43,,,,,
82.27,118.23,206.37,,,,,
82.26,118.46,206.32,,,,,
82.25,118.59,206.29,,,,,
82.24,118.72,206.29,,,,,
82.26,118.85,206.3,,,,,
82.3,119,206.33,,,,,
82.34,119.25,206.37,,,,,
82.37,119.48,206.4,,,,,
82.38,119.6,206.42,,,,,
82.39,119.8,206.44,,,,,
82.39,119.91,206.44,,,,,
82.38,120.07,206.43,,,,,
82.37,120.2,206.42,,,,,
82.36,120.26,206.4,,,,,
82.36,120.39,206.39,,,,,
82.36,120.55,206.37,,,,,
82.35,120.62,206.34,,,,,
82.35,120.62,206.27,,,,,
82.34,120.74,206.22,,,,,
82.34,120.73,206.14,,,,,
82.35,120.49,206.12,,,,,
82.36,120.37,206.12,,,,,
82.37,120.26,206.12,,,,,
82.37,120.21,206.12,,,,,
82.4,120.28,206.13,,,,,
82.43,119.4,206.13,,,,,
82.44,119.22,206.14,,,,,
82.45,119.22,206.15,,,,,
82.43,119.35,206.16,,,,,
82.43,119.39,206.18,,,,,
82.43,119.38,206.19,,,,,
82.44,119.33,206.21,,,,,
82.44,119.31,206.22,,,,,
82.42,119.21,206.23,,,,,
82.42,119.17,206.23,,,,,
82.41,119.1,206.24,,,,,
82.41,119.11,206.24,,,,,
82.4,119.07,206.25,,,,,
82.38,119.09,206.25,,,,,
82.35,119.14,206.25,,,,,
82.3,119.22,206.26,,,,,
82.23,119.34,206.27,,,,,
82.15,119.46,206.27,,,,,
82.07,119.61,206.27,,,,,
81.97,119.78,206.27,,,,,
81.89,119.97,206.27,,,,,
81.8,120.19,206.28,,,,,
81.71,120.43,206.29,,,,,
81.63,120.69,206.29,,,,,
81.54,120.95,206.29,,,,,
81.45,121.25,206.3,,,,,
81.35,121.58,206.3,,,,,
81.23,121.94,206.31,,,,,
81.11,122.32,206.32,,,,,
81,122.75,206.34,,,,,
80.92,123.22,206.36,,,,,
80.86,123.75,206.38,,,,,
80.82,122.4,206.39,,,,,
80.77,121.1,206.42,,,,,
80.72,119.86,206.44,,,,,
80.66,118.64,206.45,,,,,
80.62,117.5,206.45,,,,,
80.58,116.51,206.48,,,,,
80.55,115.65,206.5,,,,,
80.51,114.85,206.53,,,,,
80.46,114.09,206.56,,,,,
80.39,113.35,206.6,,,,,
80.31,112.6,206.63,,,,,
80.23,111.87,206.67,,,,,
80.16,111.09,206.71,,,,,
80.1,110.29,206.77,,,,,
80.05,109.44,206.82,,,,,
79.99,108.59,206.88,,,,,
79.93,107.7,206.94,,,,,
79.88,106.87,207,,,,,
79.81,106.04,207.06,,,,,
79.75,105.24,207.1,,,,,
79.66,104.44,207.15,,,,,
79.58,103.66,207.18,,,,,
79.48,102.85,207.21,,,,,
79.4,102.03,207.26,,,,,
79.31,101.17,207.31,,,,,
79.22,100.34,207.37,,,,,
79.14,99.5,207.43,,,,,
79.06,98.63,207.46,,,,,
79.01,97.81,207.5,,,,,
78.97,97.07,207.54,,,,,
78.95,96.34,207.59,,,,,
78.93,95.61,207.64,,,,,
78.9,94.94,207.7,,,,,
78.88,94.32,207.74,,,,,
78.86,93.7,207.77,,,,,
78.84,93.18,207.81,,,,,
78.82,92.71,207.84,,,,,
78.79,92.32,207.87,,,,,
78.78,91.97,207.9,,,,,
78.76,91.66,207.93,,,,,
78.75,91.35,207.97,,,,,
78.73,91.08,208,,,,,
78.7,90.79,208.04,,,,,
78.68,90.48,208.05,,,,,
78.67,90.19,208.07,,,,,
78.63,89.83,208.08,,,,,
78.59,89.63,208.1,,,,,
78.43,89.55,208.1,,,,,
78.37,89.37,208.11,,,,,
78.34,89.12,208.12,,,,,
78.32,88.96,208.13,,,,,
78.25,88.9,208.13,,,,,
78.17,88.83,208.13,,,,,
78.11,88.79,208.13,,,,,
78.04,88.8,208.14,,,,,
77.95,88.85,208.13,,,,,
77.85,88.92,208.11,,,,,
77.74,89.02,208.12,,,,,
77.65,89.12,208.12,,,,,
77.55,89.24,208.12,,,,,
77.43,89.4,208.12,,,,,
77.33,89.56,208.12,,,,,
77.22,89.76,208.11,,,,,
77.11,89.97,208.12,,,,,
77.03,90.21,208.12,,,,,
76.94,90.45,208.1,,,,,
76.85,90.72,208.07,,,,,
76.76,90.99,208.05,,,,,
76.67,91.29,208.03,,,,,
76.58,91.61,208.03,,,,,
76.47,91.97,208.02,,,,,
76.38,92.35,208.01,,,,,
76.28,92.75,208,,,,,
76.16,93.17,208,,,,,
76.06,93.65,207.99,,,,,
75.96,94.14,207.98,,,,,
75.88,94.71,207.97,,,,,
75.81,95.29,207.96,,,,,
75.74,95.92,207.95,,,,,
75.69,96.59,207.93,,,,,
75.63,97.3,207.92,,,,,
75.59,98.05,207.91,,,,,
75.56,98.84,207.9,,,,,
75.52,97.75,207.89,,,,,
75.49,96.66,207.88,,,,,
75.47,95.63,207.88,,,,,
75.46,94.66,207.88,,,,,
75.46,93.73,207.88,,,,,
75.46,92.88,207.88,,,,,
75.46,92.07,207.88,,,,,
75.45,91.28,207.88,,,,,
75.44,90.52,207.89,,,,,
75.42,89.77,207.9,,,,,
75.41,89.04,207.92,,,,,
75.4,88.27,207.94,,,,,
75.39,87.54,207.95,,,,,
75.37,86.81,207.97,,,,,
75.35,86.13,208,,,,,
75.34,85.46,208.03,,,,,
75.31,84.82,208.05,,,,,
75.27,84.19,208.07,,,,,
75.22,83.55,208.11,,,,,
75.17,82.9,208.16,,,,,
75.13,82.28,208.22,,,,,
75.09,81.64,208.28,,,,,
75.05,80.94,208.36,,,,,
75.02,80.27,208.43,,,,,
74.99,79.58,208.5,,,,,
74.96,78.96,208.57,,,,,
74.92,78.32,208.64,,,,,
74.88,77.63,208.72,,,,,
74.85,76.96,208.78,,,,,
74.85,76.24,208.84,,,,,
74.85,75.46,208.91,,,,,
74.87,74.74,208.99,,,,,
74.89,73.99,209.06,,,,,
74.9,73.28,209.13,,,,,
74.92,72.58,209.19,,,,,
74.93,71.88,209.26,,,,,
74.95,71.21,209.33,,,,,
74.98,70.58,209.4,,,,,
75,69.98,209.47,,,,,
75.01,69.37,209.53,,,,,
75,68.81,209.58,,,,,
75,68.19,209.64,,,,,
75,67.59,209.7,,,,,
74.99,66.99,209.75,,,,,
74.98,66.42,209.81,,,,,
74.98,65.88,209.88,,,,,
74.99,65.31,209.92,,,,,
75,64.79,209.97,,,,,
75.02,64.27,210.03,,,,,
75.04,63.77,210.09,,,,,
75.07,63.35,210.16,,,,,
75.09,62.94,210.23,,,,,
75.11,62.6,210.28,,,,,
75.13,62.36,210.33,,,,,
75.15,62.14,210.36,,,,,
75.15,61.95,210.39,,,,,
75.16,61.77,210.42,,,,,
75.17,61.62,210.45,,,,,
75.17,61.53,210.47,,,,,
75.17,61.42,210.5,,,,,
75.17,61.31,210.51,,,,,
75.18,61.21,210.53,,,,,
75.17,61.11,210.55,,,,,
75.17,61.07,210.57,,,,,
75.16,61.01,210.59,,,,,
75.13,61.04,210.61,,,,,
75.1,61.09,210.64,,,,,
75.08,61.15,210.66,,,,,
75.05,61.28,210.67,,,,,
74.97,61.4,210.68,,,,,
74.93,61.53,210.67,,,,,
74.9,61.59,210.67,,,,,
74.9,61.72,210.66,,,,,
74.84,61.97,210.66,,,,,
74.78,62.15,210.66,,,,,
74.75,62.34,210.67,,,,,
74.71,62.51,210.66,,,,,
74.68,62.73,210.65,,,,,
74.64,62.99,210.64,,,,,
74.61,63.21,210.64,,,,,
74.58,63.45,210.62,,,,,
74.56,63.71,210.61,,,,,
74.52,63.95,210.62,,,,,
74.48,64.22,210.62,,,,,
74.44,64.53,210.6,,,,,
74.41,64.85,210.58,,,,,
74.36,65.15,210.56,,,,,
74.33,65.5,210.55,,,,,
74.29,65.86,210.54,,,,,
74.25,66.27,210.52,,,,,
74.21,66.67,210.49,,,,,
74.17,67.12,210.46,,,,,
74.14,67.51,210.43,,,,,
74.12,67.96,210.41,,,,,
74.09,68.39,210.38,,,,,
74.05,68.89,210.36,,,,,
74.02,69.35,210.34,,,,,
73.98,69.84,210.33,,,,,
73.94,70.35,210.31,,,,,
73.93,70.88,210.29,,,,,
73.93,71.42,210.27,,,,,
73.94,71.99,210.26,,,,,
73.95,72.58,210.25,,,,,
73.96,73.17,210.22,,,,,
73.96,73.77,210.2,,,,,
73.96,74.4,210.17,,,,,
73.96,75,210.15,,,,,
73.97,75.63,210.13,,,,,
73.98,76.29,210.1,,,,,
73.98,76.92,210.08,,,,,
73.98,77.58,210.07,,,,,
73.97,78.25,210.06,,,,,
73.96,78.93,210.04,,,,,
73.97,79.65,210.02,,,,,
73.97,80.39,210,,,,,
73.97,79.25,209.99,,,,,
73.97,78.13,209.96,,,,,
73.97,77.04,209.93,,,,,
73.97,75.95,209.92,,,,,
73.98,74.9,209.91,,,,,
73.99,73.88,209.89,,,,,
74.01,72.87,209.88,,,,,
74.01,71.84,209.88,,,,,
74.02,70.81,209.88,,,,,
74.03,69.85,209.87,,,,,
74.03,68.85,209.87,,,,,
74.03,67.89,209.87,,,,,
74.04,66.95,209.87,,,,,
74.04,66.09,209.88,,,,,
74.05,65.26,209.89,,,,,
74.06,64.5,209.9,,,,,
74.07,63.74,209.92,,,,,
74.08,63.03,209.93,,,,,
74.08,62.33,209.95,,,,,
74.08,61.65,209.97,,,,,
74.07,60.89,210,,,,,
74.07,60.1,210.02,,,,,
74.07,59.26,210.04,,,,,
74.07,58.39,210.07,,,,,
74.08,57.49,210.11,,,,,
74.09,56.58,210.15,,,,,
74.11,55.64,210.19,,,,,
74.13,54.71,210.22,,,,,
74.16,53.79,210.25,,,,,
74.19,52.88,210.31,,,,,
74.22,52.11,210.37,,,,,
74.24,51.5,210.44,,,,,
74.25,50.89,210.5,,,,,
74.27,50.29,210.55,,,,,
74.29,49.7,210.62,,,,,
74.31,49.1,210.7,,,,,
74.33,48.44,210.77,,,,,
74.36,47.76,210.83,,,,,
74.4,47.07,210.89,,,,,
74.42,46.35,210.96,,,,,
74.44,45.67,211.04,,,,,
74.48,45.03,211.1,,,,,
74.5,44.37,211.16,,,,,
74.54,43.77,211.23,,,,,
74.58,43.19,211.31,,,,,
74.61,42.64,211.39,,,,,
74.65,42.12,211.47,,,,,
74.69,41.65,211.53,,,,,
74.74,41.2,211.59,,,,,
74.8,40.73,211.64,,,,,
74.86,40.34,211.72,,,,,
74.93,40.04,211.8,,,,,
74.98,39.82,211.88,,,,,
75.04,39.56,211.97,,,,,
75.09,39.28,212.06,,,,,
75.14,39.08,212.15,,,,,
75.18,38.96,212.24,,,,,
75.22,38.86,212.34,,,,,
75.26,38.68,212.44,,,,,
75.3,38.73,212.52,,,,,
75.35,38.71,212.6,,,,,
75.4,38.69,212.68,,,,,
75.44,38.68,212.75,,,,,
75.49,38.66,212.82,,,,,
75.53,38.54,212.89,,,,,
75.57,38.44,212.97,,,,,
75.61,38.3,213.04,,,,,
75.64,38.24,213.11,,,,,
75.67,38.25,213.18,,,,,
75.69,38.21,213.24,,,,,
75.71,38.18,213.31,,,,,
75.73,38.09,213.37,,,,,
75.76,38.09,213.43,,,,,
75.77,38.1,213.51,,,,,
75.79,38.07,213.57,,,,,
75.81,38.07,213.63,,,,,
75.82,38.09,213.7,,,,,
75.84,38.07,213.77,,,,,
75.86,38.12,213.84,,,,,
75.88,38.18,213.9,,,,,
75.88,38.28,213.96,,,,,
75.89,38.41,214.02,,,,,
75.89,38.56,214.08,,,,,
75.89,38.7,214.15,,,,,
75.88,38.81,214.22,,,,,
75.88,38.95,214.28,,,,,
75.88,39.1,214.34,,,,,
75.88,39.2,214.4,,,,,
75.89,39.3,214.46,,,,,
75.89,39.43,214.52,,,,,
75.89,39.52,214.57,,,,,
75.9,39.59,214.62,,,,,
75.91,39.59,214.67,,,,,
75.91,39.65,214.73,,,,,
75.91,39.7,214.8,,,,,
75.92,39.77,214.84,,,,,
75.92,39.93,214.88,,,,,
75.94,40.08,214.93,,,,,
75.93,40.39,214.98,,,,,
75.92,40.67,215.04,,,,,
75.89,41.03,215.08,,,,,
75.87,41.28,215.13,,,,,
75.9,41.44,215.16,,,,,
75.93,41.64,215.2,,,,,
75.95,41.8,215.24,,,,,
75.96,42.02,215.25,,,,,
75.97,42.35,215.26,,,,,
75.97,42.64,215.27,,,,,
75.99,42.98,215.28,,,,,
76.01,43.25,215.29,,,,,
76.02,43.56,215.3,,,,,
76.04,43.83,215.31,,,,,
76.05,44.05,215.31,,,,,
76.07,44.38,215.31,,,,,
76.08,44.73,215.31,,,,,
76.08,45.11,215.3,,,,,
76.08,45.54,215.29,,,,,
76.08,45.99,215.27,,,,,
76.06,46.49,215.26,,,,,
76.06,47,215.23,,,,,
76.07,47.51,215.21,,,,,
76.09,47.97,215.18,,,,,
76.12,48.47,215.16,,,,,
76.15,48.99,215.14,,,,,
76.2,49.55,215.12,,,,,
76.23,50.04,215.09,,,,,
76.27,50.61,215.07,,,,,
76.3,51.15,215.04,,,,,
76.34,51.65,215.01,,,,,
76.37,52.12,214.99,,,,,
76.4,52.69,214.96,,,,,
76.43,53.21,214.92,,,,,
76.45,53.78,214.9,,,,,
76.48,54.36,214.87,,,,,
76.49,54.97,214.84,,,,,
76.5,55.53,214.81,,,,,
76.51,56.09,214.78,,,,,
76.53,56.69,214.75,,,,,
76.55,57.25,214.73,,,,,
76.59,57.88,214.7,,,,,
76.62,58.44,214.67,,,,,
76.65,59.08,214.64,,,,,
76.66,59.71,214.59,,,,,
76.69,60.31,214.55,,,,,
76.73,60.9,214.51,,,,,
76.75,61.46,214.49,,,,,
76.74,62,214.46,,,,,
76.74,62.5,214.43,,,,,
76.75,63.04,214.39,,,,,
76.76,63.59,214.36,,,,,
76.75,64.12,214.33,,,,,
76.72,64.62,214.31,,,,,
76.7,65.13,214.28,,,,,
76.69,65.65,214.24,,,,,
76.68,66.14,214.21,,,,,
76.68,66.62,214.17,,,,,
76.67,67.08,214.14,,,,,
76.66,67.55,214.11,,,,,
76.63,68.02,214.08,,,,,
76.6,68.46,214.04,,,,,
76.58,68.93,214.01,,,,,
76.54,69.36,213.97,,,,,
76.49,69.79,213.93,,,,,
76.44,70.24,213.9,,,,,
76.39,70.7,213.87,,,,,
76.34,71.16,213.83,,,,,
76.27,71.61,213.78,,,,,
76.22,72.06,213.74,,,,,
76.15,72.49,213.7,,,,,
76.07,72.94,213.66,,,,,
76,73.38,213.62,,,,,
75.92,73.84,213.59,,,,,
75.86,74.33,213.54,,,,,
75.8,74.81,213.49,,,,,
75.74,75.3,213.45,,,,,
75.68,75.81,213.4,,,,,
75.64,76.31,213.35,,,,,
75.59,76.83,213.31,,,,,
75.55,77.36,213.27,,,,,
75.52,77.87,213.24,,,,,
75.5,78.39,213.2,,,,,
75.47,78.92,213.16,,,,,
75.43,79.42,213.11,,,,,
75.41,79.96,213.07,,,,,
75.41,80.48,213.01,,,,,
75.42,80.98,212.96,,,,,
75.44,81.51,212.9,,,,,
75.45,82.02,212.86,,,,,
75.48,82.55,212.81,,,,,
75.5,83.04,212.76,,,,,
75.53,83.58,212.71,,,,,
75.56,84.09,212.68,,,,,
75.59,84.61,212.64,,,,,
75.62,85.14,212.6,,,,,
75.66,85.75,212.56,,,,,
75.71,86.36,212.52,,,,,
75.77,85.63,212.49,,,,,
75.82,84.87,212.47,,,,,
75.86,84.15,212.43,,,,,
75.9,83.44,212.4,,,,,
75.95,82.6,212.37,,,,,
75.99,81.8,212.34,,,,,
76.03,80.95,212.32,,,,,
76.07,80.06,212.31,,,,,
76.12,79.09,212.31,,,,,
76.16,77.99,212.31,,,,,
76.2,76.89,212.31,,,,,
76.23,75.9,212.32,,,,,
76.26,74.97,212.33,,,,,
76.28,74.07,212.33,,,,,
76.31,73.22,212.35,,,,,
76.32,72.38,212.36,,,,,
76.33,71.57,212.38,,,,,
76.33,70.8,212.4,,,,,
76.33,70,212.43,,,,,
76.34,69.16,212.47,,,,,
76.34,68.36,212.5,,,,,
76.34,67.56,212.52,,,,,
76.33,66.8,212.55,,,,,
76.34,66.02,212.59,,,,,
76.34,65.27,212.63,,,,,
76.34,64.5,212.67,,,,,
76.27,63.88,212.73,,,,,
76.17,63.32,212.79,,,,,
76.16,62.6,212.85,,,,,
76.18,61.59,212.91,,,,,
76.2,60.51,212.96,,,,,
76.19,59.41,213.03,,,,,
76.2,58.31,213.07,,,,,
76.2,57.26,213.12,,,,,
76.2,56.25,213.17,,,,,
76.22,55.31,213.23,,,,,
76.23,54.4,213.28,,,,,
76.25,53.51,213.34,,,,,
76.27,52.66,213.41,,,,,
76.29,51.76,213.48,,,,,
76.32,50.82,213.55,,,,,
76.36,50,213.62,,,,,
76.41,49.29,213.68,,,,,
76.46,48.68,213.73,,,,,
76.5,48.05,213.78,,,,,
76.53,47.42,213.82,,,,,
76.57,46.71,213.86,,,,,
76.6,45.92,213.93,,,,,
76.66,44.91,214,,,,,
76.69,43.84,214.06,,,,,
76.71,42.67,214.13,,,,,
76.73,43.34,214.21,,,,,
76.73,44.01,214.26,,,,,
76.73,44.66,214.3,,,,,
76.72,45.34,214.37,,,,,
76.71,46.05,214.45,,,,,
76.7,46.76,214.52,,,,,
76.71,47.47,214.6,,,,,
76.72,48.2,214.67,,,,,
76.74,48.92,214.73,,,,,
76.76,49.66,214.8,,,,,
76.8,50.4,214.87,,,,,
76.85,49.32,214.96,,,,,
76.91,48.39,215.05,,,,,
76.97,47.57,215.12,,,,,
77.03,46.86,215.2,,,,,
77.09,46.31,215.27,,,,,
77.15,45.52,215.34,,,,,
77.21,44.48,215.42,,,,,
77.25,45.14,215.5,,,,,
77.29,45.85,215.58,,,,,
77.32,46.49,215.66,,,,,
77.36,47.11,215.75,,,,,
77.4,47.78,215.83,,,,,
77.43,48.43,215.91,,,,,
77.47,49.01,215.99,,,,,
77.5,49.63,216.07,,,,,
77.54,50.27,216.15,,,,,
77.57,50.93,216.24,,,,,
77.6,51.55,216.34,,,,,
77.63,52.1,216.45,,,,,
77.68,52.65,216.55,,,,,
77.73,53.3,216.64,,,,,
77.77,52.03,216.75,,,,,
77.83,50.79,216.86,,,,,
77.87,51.42,216.97,,,,,
77.93,51.97,217.08,,,,,
77.98,52.51,217.19,,,,,
78.03,52.99,217.29,,,,,
78.07,53.46,217.4,,,,,
78.11,53.94,217.51,,,,,
78.16,54.43,217.61,,,,,
78.22,54.76,217.72,,,,,
78.26,55.36,217.82,,,,,
78.32,55.75,217.96,,,,,
78.39,54.91,218.09,,,,,
78.44,54.24,218.21,,,,,
78.49,53.61,218.33,,,,,
78.52,52.88,218.45,,,,,
78.57,52.24,218.57,,,,,
78.61,51.52,218.69,,,,,
78.66,50.78,218.8,,,,,
78.71,50.01,218.92,,,,,
78.76,49.06,219.04,,,,,
78.81,48.21,219.17,,,,,
78.86,47.5,219.3,,,,,
78.91,46.82,219.41,,,,,
78.96,46.04,219.53,,,,,
79.01,45.35,219.66,,,,,
79.07,44.68,219.8,,,,,
79.12,44.12,219.91,,,,,
79.16,43.56,220.03,,,,,
79.22,43.05,220.15,,,,,
79.26,42.48,220.27,,,,,
79.29,41.86,220.38,,,,,
79.31,41.3,220.5,,,,,
79.33,40.7,220.6,,,,,
79.36,40.16,220.7,,,,,
79.37,39.59,220.81,,,,,
79.4,39,220.91,,,,,
79.44,38.56,221,,,,,
79.49,38.14,221.09,,,,,
79.54,37.86,221.19,,,,,
79.59,37.67,221.28,,,,,
79.63,37.71,221.37,,,,,
79.67,37.95,221.45,,,,,
79.69,38.15,221.51,,,,,
79.73,38.33,221.58,,,,,
79.76,38.51,221.65,,,,,
79.78,38.71,221.7,,,,,
79.8,38.89,221.76,,,,,
79.82,39,221.82,,,,,
79.85,39.11,221.87,,,,,
79.88,39.1,221.91,,,,,
79.89,38.97,221.95,,,,,
79.91,38.96,221.99,,,,,
79.93,38.95,222.04,,,,,
79.95,38.92,222.08,,,,,
79.96,38.9,222.12,,,,,
79.98,38.91,222.17,,,,,
80,38.91,222.22,,,,,
80,39,222.26,,,,,
79.99,39.13,222.29,,,,,
79.99,39.27,222.33,,,,,
80,39.45,222.37,,,,,
79.99,39.61,222.41,,,,,
79.99,39.74,222.44,,,,,
79.98,39.88,222.49,,,,,
79.97,40.09,222.53,,,,,
79.96,40.27,222.58,,,,,
79.94,40.51,222.62,,,,,
79.92,40.75,222.67,,,,,
79.91,40.95,222.72,,,,,
79.88,41.23,222.76,,,,,
79.85,41.5,222.8,,,,,
79.85,41.74,222.83,,,,,
79.83,41.92,222.87,,,,,
79.8,42.2,222.91,,,,,
79.77,42.5,222.94,,,,,
79.75,42.78,222.99,,,,,
79.73,43.07,223.03,,,,,
79.7,43.36,223.06,,,,,
79.69,43.63,223.09,,,,,
79.68,43.84,223.12,,,,,
79.67,44.09,223.15,,,,,
79.66,44.25,223.19,,,,,
79.66,44.41,223.23,,,,,
79.67,44.52,223.26,,,,,
79.68,44.55,223.29,,,,,
79.68,44.71,223.32,,,,,
79.69,44.83,223.35,,,,,
79.69,45.06,223.38,,,,,
79.7,45.33,223.4,,,,,
79.7,45.6,223.42,,,,,
79.7,45.84,223.44,,,,,
79.7,46.14,223.45,,,,,
79.71,46.45,223.46,,,,,
79.7,46.76,223.47,,,,,
79.71,47.05,223.48,,,,,
79.73,47.26,223.48,,,,,
79.76,47.5,223.48,,,,,
79.76,47.84,223.49,,,,,
79.77,48.17,223.5,,,,,
79.78,48.29,223.51,,,,,
79.81,48.51,223.52,,,,,
79.84,48.61,223.51,,,,,
79.86,48.71,223.51,,,,,
79.9,48.84,223.5,,,,,
79.91,49.13,223.49,,,,,
79.94,49.3,223.48,,,,,
79.95,49.69,223.46,,,,,
79.97,50.02,223.43,,,,,
79.99,50.33,223.4,,,,,
80,50.66,223.36,,,,,
80.01,51.08,223.32,,,,,
80.02,51.53,223.28,,,,,
80.01,52,223.25,,,,,
80.02,52.46,223.2,,,,,
80.01,52.86,223.15,,,,,
80.03,53.2,223.1,,,,,
80.04,53.61,223.05,,,,,
80.07,54.01,223,,,,,
80.08,54.39,222.94,,,,,
80.09,54.75,222.88,,,,,
80.1,55.11,222.82,,,,,
80.11,55.49,222.76,,,,,
80.13,55.89,222.7,,,,,
80.14,56.3,222.63,,,,,
80.14,56.71,222.56,,,,,
80.14,57.2,222.51,,,,,
80.16,57.57,222.47,,,,,
80.17,58.02,222.4,,,,,
80.17,58.45,222.34,,,,,
80.17,58.79,222.26,,,,,
80.15,59.2,222.18,,,,,
80.12,59.6,222.12,,,,,
80.08,60.03,222.06,,,,,
80.04,60.42,221.98,,,,,
79.99,60.83,221.9,,,,,
79.93,61.24,221.83,,,,,
79.88,61.65,221.76,,,,,
79.83,62.04,221.69,,,,,
79.79,62.44,221.62,,,,,
79.76,62.83,221.56,,,,,
79.74,63.3,221.51,,,,,
79.72,63.76,221.43,,,,,
79.7,64.21,221.36,,,,,
79.66,64.67,221.28,,,,,
79.63,65.11,221.2,,,,,
79.6,65.55,221.13,,,,,
79.59,66.03,221.06,,,,,
79.58,66.51,220.99,,,,,
79.56,66.98,220.94,,,,,
79.55,67.42,220.86,,,,,
79.53,67.88,220.78,,,,,
79.5,68.31,220.71,,,,,
79.47,68.72,220.64,,,,,
79.46,69.18,220.57,,,,,
79.43,69.64,220.5,,,,,
79.39,70.09,220.42,,,,,
79.33,70.54,220.34,,,,,
79.27,70.99,220.26,,,,,
79.22,71.46,220.19,,,,,
79.18,71.94,220.11,,,,,
79.14,72.44,220.03,,,,,
79.09,72.92,219.93,,,,,
79.04,73.38,219.84,,,,,
78.99,73.88,219.76,,,,,
78.95,74.38,219.68,,,,,
78.89,74.89,219.59,,,,,
78.84,75.42,219.49,,,,,
78.8,75.96,219.4,,,,,
78.77,76.53,219.31,,,,,
78.72,77.07,219.23,,,,,
78.69,77.63,219.14,,,,,
78.67,78.19,219.07,,,,,
78.64,78.75,219,,,,,
78.62,79.3,218.93,,,,,
78.59,79.85,218.86,,,,,
78.56,80.4,218.78,,,,,
78.52,80.92,218.7,,,,,
78.48,81.46,218.62,,,,,
78.45,82.02,218.53,,,,,
78.42,82.57,218.45,,,,,
78.41,83.13,218.37,,,,,
78.38,83.69,218.28,,,,,
78.36,84.25,218.19,,,,,
78.34,84.82,218.11,,,,,
78.34,85.41,218.03,,,,,
78.33,86.02,217.96,,,,,
78.32,86.64,217.88,,,,,
78.31,87.28,217.8,,,,,
78.31,86.05,217.73,,,,,
78.32,84.89,217.65,,,,,
78.33,83.73,217.57,,,,,
78.34,82.58,217.5,,,,,
78.35,81.57,217.42,,,,,
78.36,80.47,217.34,,,,,
78.37,79.4,217.27,,,,,
78.37,78.41,217.19,,,,,
78.39,77.49,217.12,,,,,
78.4,76.57,217.05,,,,,
78.4,75.67,216.97,,,,,
78.41,74.79,216.9,,,,,
78.42,73.86,216.82,,,,,
78.42,73.03,216.76,,,,,
78.43,72.23,216.69,,,,,
78.42,71.49,216.62,,,,,
78.42,70.74,216.56,,,,,
78.41,69.99,216.49,,,,,
78.4,69.25,216.41,,,,,
78.39,68.53,216.36,,,,,
78.38,67.8,216.3,,,,,
78.38,67.03,216.26,,,,,
78.37,66.35,216.23,,,,,
78.36,65.66,216.18,,,,,
78.34,64.98,216.14,,,,,
78.33,64.34,216.12,,,,,
78.31,63.71,216.1,,,,,
78.31,63.09,216.08,,,,,
78.3,62.44,216.06,,,,,
78.28,61.76,216.05,,,,,
78.27,61.06,216.03,,,,,
78.26,60.34,216.01,,,,,
78.26,59.63,215.98,,,,,
78.25,58.88,215.97,,,,,
78.25,58.14,215.96,,,,,
78.24,57.38,215.97,,,,,
78.25,56.67,215.99,,,,,
78.24,55.92,215.99,,,,,
78.24,55.17,215.98,,,,,
78.26,54.44,216.01,,,,,
78.27,53.68,216.04,,,,,
78.28,52.98,216.05,,,,,
78.3,52.28,216.07,,,,,
78.32,51.55,216.1,,,,,
78.34,50.88,216.12,,,,,
78.37,50.15,216.15,,,,,
78.39,49.35,216.18,,,,,
78.41,48.56,216.21,,,,,
78.44,47.74,216.24,,,,,
78.47,46.92,216.29,,,,,
78.5,45.99,216.34,,,,,
78.53,45.09,216.39,,,,,
78.55,44.2,216.44,,,,,
78.56,43.32,216.5,,,,,
78.59,42.41,216.55,,,,,
78.61,41.52,216.6,,,,,
78.65,40.7,216.66,,,,,
78.68,40.02,216.73,,,,,
78.72,39.35,216.8,,,,,
78.77,38.59,216.86,,,,,
78.82,37.89,216.91,,,,,
78.87,37.01,216.97,,,,,
78.92,36,217.02,,,,,
78.97,34.89,217.1,,,,,
79.02,33.65,217.17,,,,,
79.06,34.23,217.23,,,,,
79.11,34.77,217.3,,,,,
79.15,35.33,217.38,,,,,
79.19,35.88,217.46,,,,,
79.25,36.45,217.53,,,,,
79.3,35.31,217.6,,,,,
79.36,34.1,217.66,,,,,
79.42,33.88,217.73,,,,,
79.48,33.22,217.78,,,,,
79.53,33.61,217.83,,,,,
79.59,33.88,217.89,,,,,
79.64,34.04,217.95,,,,,
79.7,33.78,217.99,,,,,
79.74,33.98,218.04,,,,,
79.8,34.06,218.08,,,,,
79.82,34.26,218.13,,,,,
79.85,34.56,218.19,,,,,
79.87,34.75,218.25,,,,,
79.89,34.95,218.29,,,,,
79.92,35.15,218.33,,,,,
79.94,35.33,218.37,,,,,
79.96,35.48,218.41,,,,,
79.99,35.65,218.45,,,,,
80.01,35.79,218.49,,,,,
80.03,35.85,218.52,,,,,
80.05,35.84,218.56,,,,,
80.07,35.88,218.6,,,,,
80.09,35.86,218.64,,,,,
80.1,35.81,218.67,,,,,
80.11,35.7,218.71,,,,,
80.12,35.48,218.75,,,,,
80.12,35.3,218.78,,,,,
80.12,35.14,218.82,,,,,
80.13,35.01,218.85,,,,,
80.13,34.88,218.89,,,,,
80.13,34.83,218.92,,,,,
80.13,34.84,218.95,,,,,
80.13,34.85,218.97,,,,,
80.12,34.84,219.02,,,,,
80.11,34.89,219.06,,,,,
80.1,34.98,219.09,,,,,
80.09,35.11,219.12,,,,,
80.07,35.26,219.15,,,,,
80.05,35.37,219.18,,,,,
80.04,35.45,219.22,,,,,
80.01,35.55,219.26,,,,,
80,35.69,219.28,,,,,
79.98,35.84,219.31,,,,,
79.97,35.93,219.34,,,,,
79.96,35.98,219.37,,,,,
79.95,36.03,219.38,,,,,
79.93,36.05,219.4,,,,,
79.92,36.06,219.43,,,,,
79.91,36.01,219.45,,,,,
79.91,36.02,219.48,,,,,
79.92,36.11,219.52,,,,,
79.91,36.18,219.52,,,,,
79.92,36.24,219.53,,,,,
79.92,36.28,219.55,,,,,
79.92,36.35,219.57,,,,,
79.91,36.41,219.57,,,,,
79.9,36.63,219.57,,,,,
79.87,36.84,219.58,,,,,
79.84,37.03,219.58,,,,,
79.82,37.28,219.61,,,,,
79.79,37.53,219.63,,,,,
79.79,37.78,219.62,,,,,
79.78,38.08,219.6,,,,,
79.72,38.5,219.58,,,,,
79.66,38.86,219.55,,,,,
79.63,39.23,219.54,,,,,
79.61,39.62,219.53,,,,,
79.59,40.05,219.52,,,,,
79.57,40.47,219.51,,,,,
79.55,40.86,219.5,,,,,
79.54,41.27,219.49,,,,,
79.54,41.68,219.46,,,,,
79.55,42.05,219.42,,,,,
79.56,42.39,219.39,,,,,
79.56,42.76,219.35,,,,,
79.58,43.03,219.31,,,,,
79.59,43.41,219.27,,,,,
79.6,43.84,219.23,,,,,
79.6,44.24,219.2,,,,,
79.6,44.62,219.14,,,,,
79.6,45.02,219.09,,,,,
79.58,45.43,219.03,,,,,
79.57,45.83,218.98,,,,,
79.56,46.2,218.93,,,,,
79.55,46.65,218.89,,,,,
79.52,47.08,218.84,,,,,
79.5,47.5,218.8,,,,,
79.47,47.99,218.75,,,,,
79.43,48.48,218.7,,,,,
79.38,48.98,218.64,,,,,
79.32,49.5,218.58,,,,,
79.28,49.99,218.52,,,,,
79.24,50.5,218.46,,,,,
79.2,51.01,218.4,,,,,
79.15,51.55,218.34,,,,,
79.11,52.06,218.28,,,,,
79.07,52.58,218.22,,,,,
79.04,53.11,218.16,,,,,
79.02,53.71,218.1,,,,,
79.02,54.25,218.04,,,,,
78.99,54.81,217.97,,,,,
78.96,55.33,217.91,,,,,
78.93,55.86,217.84,,,,,
78.9,56.36,217.77,,,,,
78.86,56.86,217.7,,,,,
78.81,57.36,217.64,,,,,
78.76,57.85,217.58,,,,,
78.69,58.35,217.51,,,,,
78.63,58.88,217.45,,,,,
78.57,59.42,217.39,,,,,
78.5,59.98,217.34,,,,,
78.42,60.53,217.25,,,,,
78.35,61.11,217.19,,,,,
78.29,61.71,217.12,,,,,
78.24,62.3,217.05,,,,,
78.19,62.94,217,,,,,
78.15,63.59,216.93,,,,,
78.12,64.22,216.86,,,,,
78.1,64.88,216.79,,,,,
78.08,65.53,216.73,,,,,
78.07,66.18,216.66,,,,,
78.04,66.81,216.59,,,,,
78.03,67.44,216.52,,,,,
78.03,68.12,216.46,,,,,
78.02,68.73,216.4,,,,,
78.02,69.34,216.32,,,,,
78.02,70,216.25,,,,,
78.01,70.61,216.17,,,,,
77.98,71.23,216.1,,,,,
77.96,71.82,216.04,,,,,
77.95,72.45,215.97,,,,,
77.94,73.13,215.91,,,,,
77.94,73.81,215.85,,,,,
77.96,72.68,215.78,,,,,
77.98,71.53,215.73,,,,,
77.99,70.44,215.67,,,,,
78.01,69.39,215.62,,,,,
78.03,68.38,215.56,,,,,
78.04,67.39,215.5,,,,,
78.05,66.48,215.44,,,,,
78.07,65.55,215.39,,,,,
78.08,64.65,215.33,,,,,
78.09,63.77,215.27,,,,,
78.1,62.93,215.21,,,,,
78.11,62.17,215.16,,,,,
78.11,61.44,215.11,,,,,
78.12,60.67,215.06,,,,,
78.12,59.94,215,,,,,
78.12,59.21,214.96,,,,,
78.12,58.48,214.91,,,,,
78.13,57.73,214.87,,,,,
78.15,56.97,214.82,,,,,
78.15,56.33,214.77,,,,,
78.14,55.72,214.72,,,,,
78.12,55.13,214.68,,,,,
78.1,54.54,214.65,,,,,
78.08,53.97,214.61,,,,,
78.04,53.39,214.59,,,,,
78.01,52.79,214.56,,,,,
77.98,52.19,214.54,,,,,
77.96,51.57,214.52,,,,,
77.94,50.91,214.51,,,,,
77.94,50.26,214.5,,,,,
77.94,49.61,214.48,,,,,
77.94,48.92,214.47,,,,,
77.93,48.19,214.45,,,,,
77.93,47.42,214.44,,,,,
77.95,46.71,214.43,,,,,
77.96,45.97,214.43,,,,,
77.96,45.15,214.42,,,,,
77.98,44.3,214.42,,,,,
78,43.53,214.43,,,,,
78.01,42.76,214.44,,,,,
78.03,42.03,214.46,,,,,
78.05,41.25,214.47,,,,,
78.07,40.42,214.48,,,,,
78.09,39.65,214.49,,,,,
78.11,38.8,214.52,,,,,
78.13,37.91,214.54,,,,,
78.15,37.01,214.57,,,,,
78.18,36.08,214.61,,,,,
78.22,35.18,214.65,,,,,
78.24,34.19,214.68,,,,,
78.27,33.13,214.71,,,,,
78.29,32.04,214.76,,,,,
78.32,30.95,214.8,,,,,
78.35,31.7,214.85,,,,,
78.38,30.59,214.88,,,,,
78.4,29.49,214.93,,,,,
78.42,28.37,214.99,,,,,
78.45,27.28,215.03,,,,,
78.48,26.22,215.07,,,,,
78.5,25.16,215.11,,,,,
78.53,24.09,215.16,,,,,
78.57,23.21,215.2,,,,,
78.61,22.29,215.28,,,,,
78.66,21.43,215.34,,,,,
78.71,20.59,215.4,,,,,
78.76,19.62,215.46,,,,,
78.81,18.7,215.51,,,,,
78.85,17.83,215.57,,,,,
78.9,17.16,215.63,,,,,
78.95,16.49,215.7,,,,,
79.01,15.85,215.77,,,,,
79.06,15.45,215.84,,,,,
79.1,15.02,215.92,,,,,
79.15,14.71,215.99,,,,,
79.19,14.38,216.05,,,,,
79.24,13.94,216.12,,,,,
79.28,13.54,216.2,,,,,
79.33,13.44,216.28,,,,,
79.37,13.33,216.36,,,,,
79.41,13.08,216.44,,,,,
79.45,12.93,216.51,,,,,
79.5,12.8,216.59,,,,,
79.54,12.87,216.65,,,,,
79.57,12.94,216.71,,,,,
79.61,12.77,216.78,,,,,
79.65,12.72,216.85,,,,,
79.69,12.68,216.91,,,,,
79.72,12.69,216.97,,,,,
79.74,12.62,217.02,,,,,
79.76,12.57,217.07,,,,,
79.79,12.5,217.11,,,,,
79.8,12.37,217.16,,,,,
79.82,12.26,217.2,,,,,
79.82,12.08,217.25,,,,,
79.82,11.87,217.3,,,,,
79.83,11.69,217.35,,,,,
79.83,11.49,217.41,,,,,
79.84,11.29,217.45,,,,,
79.84,11.16,217.5,,,,,
79.84,11.04,217.54,,,,,
79.85,11.08,217.58,,,,,
79.85,11.24,217.62,,,,,
79.84,11.39,217.67,,,,,
79.83,11.57,217.71,,,,,
79.81,11.79,217.76,,,,,
79.79,12.04,217.81,,,,,
79.77,12.24,217.85,,,,,
79.75,12.46,217.89,,,,,
79.73,12.68,217.94,,,,,
79.72,12.91,217.98,,,,,
79.7,13.1,218.01,,,,,
79.69,13.33,218.05,,,,,
79.66,13.57,218.1,,,,,
79.65,13.78,218.14,,,,,
79.63,13.99,218.17,,,,,
79.61,14.18,218.21,,,,,
79.6,14.37,218.25,,,,,
79.59,14.38,218.29,,,,,
79.59,14.47,218.32,,,,,
79.59,14.55,218.35,,,,,
79.57,14.57,218.38,,,,,
79.57,14.57,218.41,,,,,
79.55,14.58,218.43,,,,,
79.54,14.75,218.44,,,,,
79.51,15.01,218.46,,,,,
79.46,15.34,218.47,,,,,
79.42,15.59,218.49,,,,,
79.41,15.72,218.51,,,,,
79.4,15.95,218.53,,,,,
79.36,16.21,218.54,,,,,
79.33,16.5,218.54,,,,,
79.3,16.87,218.55,,,,,
79.26,17.15,218.55,,,,,
79.26,17.47,218.55,,,,,
79.25,17.77,218.55,,,,,
79.22,18.02,218.54,,,,,
79.2,18.38,218.53,,,,,
79.19,18.75,218.51,,,,,
79.17,19.03,218.49,,,,,
79.16,19.37,218.47,,,,,
79.12,19.76,218.45,,,,,
79.09,20.21,218.42,,,,,
79.05,20.66,218.38,,,,,
79.01,21.1,218.34,,,,,
78.96,21.55,218.31,,,,,
78.91,22.01,218.25,,,,,
78.84,22.51,218.2,,,,,
78.79,23.04,218.15,,,,,
78.73,23.53,218.09,,,,,
78.7,24.05,218.04,,,,,
78.65,24.56,217.99,,,,,
78.61,25.08,217.93,,,,,
78.57,25.61,217.87,,,,,
78.53,26.14,217.81,,,,,
78.5,26.65,217.76,,,,,
78.46,27.22,217.7,,,,,
78.41,27.78,217.65,,,,,
78.34,28.35,217.59,,,,,
78.29,28.92,217.54,,,,,
78.24,29.47,217.47,,,,,
78.2,30.03,217.42,,,,,
78.17,30.67,217.37,,,,,
78.12,31.29,217.31,,,,,
78.07,31.93,217.26,,,,,
78.02,32.55,217.21,,,,,
77.97,33.17,217.15,,,,,
77.92,33.85,217.09,,,,,
77.87,34.51,217.03,,,,,
77.82,35.17,216.97,,,,,
77.77,35.85,216.9,,,,,
77.72,36.54,216.84,,,,,
77.68,37.24,216.78,,,,,
77.64,37.95,216.72,,,,,
77.6,38.65,216.67,,,,,
77.57,39.37,216.6,,,,,
77.54,40.09,216.52,,,,,
77.51,40.8,216.44,,,,,
77.47,41.52,216.37,,,,,
77.45,42.28,216.3,,,,,
77.42,43.03,216.24,,,,,
77.39,43.78,216.17,,,,,
77.35,44.53,216.11,,,,,
77.32,45.3,216.05,,,,,
77.29,46.11,215.98,,,,,
77.26,46.91,215.9,,,,,
77.24,47.73,215.84,,,,,
77.22,48.56,215.78,,,,,
77.2,49.39,215.71,,,,,
77.19,48.37,215.64,,,,,
77.18,49.25,215.58,,,,,
77.18,50.11,215.51,,,,,
77.17,50.98,215.44,,,,,
77.18,50.01,215.37,,,,,
77.18,50.89,215.3,,,,,
77.17,51.76,215.25,,,,,
77.15,52.64,215.2,,,,,
77.13,51.61,215.14,,,,,
77.13,50.62,215.09,,,,,
77.11,49.63,215.03,,,,,
77.09,48.7,214.97,,,,,
77.09,47.85,214.9,,,,,
77.08,47.04,214.85,,,,,
77.08,46.28,214.8,,,,,
77.07,45.53,214.74,,,,,
77.06,44.7,214.69,,,,,
77.05,43.94,214.64,,,,,
77.04,43.22,214.59,,,,,
77.04,42.51,214.55,,,,,
77.04,41.84,214.5,,,,,
77.04,41.18,214.46,,,,,
77.04,40.55,214.42,,,,,
77.04,39.94,214.37,,,,,
77.04,39.32,214.33,,,,,
77.04,38.69,214.29,,,,,
77.04,38.1,214.28,,,,,
77.06,37.57,214.25,,,,,
77.04,37.07,214.23,,,,,
77.04,36.52,214.21,,,,,
77.04,35.95,214.19,,,,,
77.02,35.5,214.17,,,,,
77.01,35.04,214.14,,,,,
76.99,34.56,214.13,,,,,
76.99,34.06,214.13,,,,,
76.98,33.54,214.13,,,,,
76.98,33.04,214.13,,,,,
76.98,32.52,214.14,,,,,
76.97,31.92,214.15,,,,,
76.97,31.34,214.18,,,,,
76.99,30.85,214.2,,,,,
76.99,30.32,214.22,,,,,
77.02,29.77,214.26,,,,,
77.04,29.22,214.29,,,,,
77.06,28.59,214.32,,,,,
77.08,27.99,214.38,,,,,
77.1,27.48,214.43,,,,,
77.14,27,214.48,,,,,
77.18,26.45,214.53,,,,,
77.22,25.79,214.59,,,,,
77.26,25.24,214.64,,,,,
77.29,24.68,214.7,,,,,
77.32,24.2,214.76,,,,,
77.35,23.76,214.82,,,,,
77.38,23.31,214.88,,,,,
77.41,22.92,214.94,,,,,
77.43,22.55,215.01,,,,,
77.46,22.19,215.08,,,,,
77.49,21.8,215.15,,,,,
77.52,21.49,215.21,,,,,
77.54,21.19,215.28,,,,,
77.56,20.82,215.35,,,,,
77.59,20.5,215.43,,,,,
77.6,20.17,215.49,,,,,
77.63,19.88,215.56,,,,,
77.63,19.52,215.63,,,,,
77.66,19.24,215.71,,,,,
77.68,18.98,215.79,,,,,
77.71,18.75,215.86,,,,,
77.74,18.58,215.92,,,,,
77.76,18.4,215.99,,,,,
77.79,18.21,216.06,,,,,
77.81,17.92,216.12,,,,,
77.85,17.72,216.19,,,,,
77.88,17.53,216.26,,,,,
77.91,17.24,216.32,,,,,
77.94,17.03,216.38,,,,,
77.98,16.85,216.44,,,,,
78.02,16.75,216.49,,,,,
78.06,16.66,216.53,,,,,
78.1,16.52,216.57,,,,,
78.14,16.38,216.61,,,,,
78.18,16.31,216.65,,,,,
78.22,16.32,216.68,,,,,
78.26,16.27,216.71,,,,,
78.28,16.29,216.74,,,,,
78.31,16.26,216.78,,,,,
78.35,16.35,216.81,,,,,
78.38,16.43,216.84,,,,,
78.38,16.67,216.88,,,,,
78.4,16.95,216.91,,,,,
78.4,17.22,216.94,,,,,
78.4,17.51,216.98,,,,,
78.42,17.78,217.02,,,,,
78.41,18.06,217.06,,,,,
78.39,18.44,217.1,,,,,
78.37,18.83,217.14,,,,,
78.33,19.25,217.17,,,,,
78.28,19.68,217.2,,,,,
78.21,20.14,217.24,,,,,
78.15,20.61,217.28,,,,,
78.07,21.09,217.31,,,,,
78.02,21.57,217.34,,,,,
77.94,22.03,217.37,,,,,
77.87,22.52,217.39,,,,,
77.8,23,217.43,,,,,
77.71,23.5,217.46,,,,,
77.62,24,217.49,,,,,
77.51,24.5,217.52,,,,,
77.39,25.01,217.55,,,,,
77.28,25.52,217.58,,,,,
77.2,26.02,217.6,,,,,
77.16,26.53,217.63,,,,,
77.1,27.02,217.67,,,,,
77.01,27.5,217.71,,,,,
76.88,27.96,217.74,,,,,
76.74,28.44,217.77,,,,,
76.58,28.97,217.8,,,,,
76.41,29.55,217.83,,,,,
76.24,30.19,217.86,,,,,
76.1,30.89,217.89,,,,,
75.97,31.64,217.91,,,,,
75.87,32.42,217.93,,,,,
75.82,33.23,217.96,,,,,
75.77,34.06,217.99,,,,,
75.74,34.91,218.02,,,,,
75.71,35.75,218.06,,,,,
75.71,36.62,218.09,,,,,
75.75,37.5,218.12,,,,,
75.78,37.31,218.14,,,,,
75.82,37.18,218.18,,,,,
75.87,36.96,218.22,,,,,
75.9,36.7,218.26,,,,,
75.91,36.45,218.3,,,,,
75.9,36.29,218.34,,,,,
75.86,36.11,218.38,,,,,
75.83,35.9,218.41,,,,,
75.78,35.7,218.46,,,,,
75.73,35.47,218.51,,,,,
75.67,35.23,218.56,,,,,
75.61,34.98,218.62,,,,,
75.55,34.72,218.68,,,,,
75.49,34.46,218.74,,,,,
75.41,34.18,218.8,,,,,
75.35,33.89,218.86,,,,,
75.28,33.64,218.92,,,,,
75.24,33.42,218.98,,,,,
75.29,33.49,219.04,,,,,
75.34,33.84,219.09,,,,,
75.4,34.2,219.16,,,,,
75.46,34.61,219.22,,,,,
75.53,35.09,219.28,,,,,
75.54,34.64,219.35,,,,,
75.33,34.36,219.39,,,,,
75.19,34.15,219.44,,,,,
75.11,33.84,219.5,,,,,
75.09,33.48,219.56,,,,,
75.12,33.1,219.62,,,,,
75.14,32.81,219.68,,,,,
75.16,32.51,219.74,,,,,
75.17,32.16,219.8,,,,,
75.18,31.85,219.85,,,,,
75.18,31.52,219.89,,,,,
75.16,31.17,219.94,,,,,
75.16,30.83,219.98,,,,,
75.15,30.52,220.02,,,,,
75.16,30.24,220.06,,,,,
75.19,29.97,220.09,,,,,
75.19,29.65,220.13,,,,,
75.22,29.36,220.17,,,,,
75.24,29.03,220.2,,,,,
75.27,28.73,220.23,,,,,
75.3,28.67,220.26,,,,,
75.34,28.58,220.28,,,,,
75.37,28.5,220.3,,,,,
75.4,28.35,220.31,,,,,
75.4,28.55,220.32,,,,,
75.45,28.73,220.33,,,,,
75.48,28.84,220.35,,,,,
75.5,29.18,220.36,,,,,
75.54,29.45,220.36,,,,,
75.57,29.74,220.36,,,,,
75.59,30.06,220.36,,,,,
75.62,30.38,220.34,,,,,
75.65,30.69,220.33,,,,,
75.69,30.94,220.3,,,,,
75.73,31.34,220.27,,,,,
75.75,31.74,220.25,,,,,
75.78,32.16,220.22,,,,,
75.81,32.57,220.19,,,,,
75.82,33,220.15,,,,,
75.8,33.46,220.12,,,,,
75.76,33.94,220.08,,,,,
75.71,34.39,220.02,,,,,
75.63,34.89,219.97,,,,,
75.55,35.39,219.91,,,,,
75.45,35.92,219.85,,,,,
75.37,36.49,219.8,,,,,
75.27,37.04,219.74,,,,,
75.19,37.6,219.69,,,,,
75.11,38.19,219.63,,,,,
75.01,38.79,219.57,,,,,
74.92,39.39,219.51,,,,,
74.84,40.03,219.45,,,,,
74.76,40.65,219.39,,,,,
74.67,41.3,219.33,,,,,
74.59,41.93,219.27,,,,,
74.51,42.59,219.21,,,,,
74.44,43.27,219.15,,,,,
74.38,43.92,219.09,,,,,
74.33,44.59,219.03,,,,,
74.28,45.26,218.97,,,,,
74.22,45.92,218.9,,,,,
74.15,46.56,218.84,,,,,
74.08,47.22,218.78,,,,,
74,47.86,218.71,,,,,
73.9,48.5,218.65,,,,,
73.82,49.18,218.59,,,,,
73.75,49.85,218.53,,,,,
73.68,50.54,218.46,,,,,
73.62,51.23,218.39,,,,,
73.56,51.94,218.34,,,,,
73.49,52.65,218.29,,,,,
73.41,53.37,218.23,,,,,
73.3,54.08,218.17,,,,,
73.21,54.78,218.12,,,,,
73.11,55.5,218.07,,,,,
73.05,56.24,218.01,,,,,
72.98,57,217.96,,,,,
72.93,57.78,217.9,,,,,
72.87,58.56,217.84,,,,,
72.83,59.34,217.77,,,,,
72.8,60.15,217.72,,,,,
72.78,60.97,217.66,,,,,
72.77,61.81,217.61,,,,,
72.78,62.62,217.55,,,,,
72.81,63.41,217.5,,,,,
72.84,64.2,217.46,,,,,
72.89,65,217.42,,,,,
72.95,65.68,217.37,,,,,
73.04,66.31,217.31,,,,,
73.12,66.52,217.29,,,,,
73.19,66.67,217.27,,,,,
73.26,66.7,217.26,,,,,
73.35,66.72,217.24,,,,,
73.43,66.81,217.2,,,,,
73.5,66.68,217.16,,,,,
73.55,66.49,217.15,,,,,
73.58,66.27,217.13,,,,,
73.6,66.1,217.14,,,,,
73.57,65.95,217.14,,,,,
73.52,65.81,217.16,,,,,
73.44,65.7,217.17,,,,,
73.33,65.6,217.19,,,,,
73.17,65.48,217.21,,,,,
73.01,65.34,217.23,,,,,
72.83,65.17,217.25,,,,,
72.64,64.93,217.27,,,,,
72.45,64.63,217.29,,,,,
72.25,64.25,217.32,,,,,
72.28,63.7,217.36,,,,,
72.39,62.75,217.4,,,,,
72.2,62.19,217.44,,,,,
72,61.84,217.49,,,,,
71.81,61.48,217.55,,,,,
71.62,61.03,217.59,,,,,
71.45,60.48,217.64,,,,,
71.29,59.84,217.68,,,,,
71.15,59.11,217.7,,,,,
71.04,58.34,217.72,,,,,
70.94,57.53,217.75,,,,,
70.86,56.7,217.76,,,,,
70.8,55.84,217.78,,,,,
70.76,54.97,217.79,,,,,
70.73,54.1,217.8,,,,,
70.73,53.22,217.81,,,,,
70.75,52.34,217.82,,,,,
70.79,51.52,217.83,,,,,
70.85,50.86,217.84,,,,,
70.91,50.48,217.81,,,,,
70.94,50.28,217.78,,,,,
70.92,50.14,217.74,,,,,
70.88,50.05,217.71,,,,,
70.82,49.97,217.69,,,,,
70.69,49.93,217.67,,,,,
70.56,49.95,217.65,,,,,
70.37,49.99,217.64,,,,,
70.22,50.08,217.61,,,,,
70.08,50.23,217.58,,,,,
69.94,50.43,217.54,,,,,
69.8,50.67,217.5,,,,,
69.66,50.94,217.46,,,,,
69.5,51.23,217.41,,,,,
69.32,51.54,217.37,,,,,
69.14,51.87,217.33,,,,,
68.98,52.24,217.28,,,,,
68.92,52.6,217.24,,,,,
68.95,53.03,217.19,,,,,
68.81,53.48,217.15,,,,,
68.67,53.8,217.11,,,,,
68.53,54.13,217.08,,,,,
68.37,54.52,217.02,,,,,
68.21,54.99,216.97,,,,,
68.04,55.52,216.92,,,,,
67.89,56.1,216.87,,,,,
67.77,56.73,216.82,,,,,
67.67,57.4,216.76,,,,,
67.59,58.08,216.72,,,,,
67.52,58.76,216.67,,,,,
67.46,59.44,216.63,,,,,
67.41,60.13,216.59,,,,,
67.38,60.82,216.55,,,,,
67.35,61.52,216.5,,,,,
67.33,62.22,216.47,,,,,
67.34,62.91,216.44,,,,,
67.37,63.62,216.41,,,,,
67.44,64.22,216.38,,,,,
67.52,64.76,216.37,,,,,
67.61,65.03,216.36,,,,,
67.7,65.21,216.35,,,,,
67.77,65.29,216.34,,,,,
67.83,65.33,216.34,,,,,
67.88,65.3,216.33,,,,,
67.93,65.24,216.35,,,,,
67.96,65.17,216.38,,,,,
67.98,65.07,216.42,,,,,
68.01,64.96,216.46,,,,,
68.02,64.82,216.49,,,,,
68.01,64.66,216.51,,,,,
68.01,64.47,216.56,,,,,
68,64.25,216.62,,,,,
67.98,64.02,216.67,,,,,
67.96,63.77,216.73,,,,,
67.93,63.49,216.8,,,,,
67.9,63.21,216.88,,,,,
67.85,62.9,216.96,,,,,
67.79,62.58,217.03,,,,,
67.73,62.25,217.13,,,,,
67.64,61.89,217.22,,,,,
67.55,61.5,217.31,,,,,
67.45,61.07,217.39,,,,,
67.37,60.59,217.49,,,,,
67.34,60.07,217.59,,,,,
67.32,59.55,217.69,,,,,
67.31,59.01,217.79,,,,,
67.29,58.51,217.9,,,,,
67.25,58.01,217.98,,,,,
67.2,57.51,218.05,,,,,
67.15,56.99,218.13,,,,,
67.1,56.44,218.19,,,,,
67.04,55.86,218.26,,,,,
67,55.26,218.33,,,,,
66.99,54.6,218.41,,,,,
66.98,53.93,218.46,,,,,
66.99,53.24,218.52,,,,,
67.01,52.57,218.53,,,,,
67.05,51.87,218.55,,,,,
67.1,51.21,218.57,,,,,
67.16,50.57,218.59,,,,,
67.2,49.9,218.6,,,,,
67.23,49.25,218.6,,,,,
67.26,48.6,218.62,,,,,
67.29,47.93,218.64,,,,,
67.33,47.25,218.6,,,,,
67.4,46.59,218.57,,,,,
67.49,45.99,218.54,,,,,
67.6,45.64,218.52,,,,,
67.68,45.68,218.51,,,,,
67.74,45.8,218.49,,,,,
67.77,45.94,218.45,,,,,
67.79,46.14,218.42,,,,,
67.81,46.33,218.38,,,,,
67.79,46.5,218.34,,,,,
67.71,46.73,218.29,,,,,
67.58,46.96,218.25,,,,,
67.47,47.18,218.19,,,,,
67.37,47.45,218.14,,,,,
67.27,47.75,218.08,,,,,
67.2,48.09,218.03,,,,,
67.13,48.45,217.99,,,,,
67.06,48.83,217.95,,,,,
66.98,49.23,217.89,,,,,
66.88,49.63,217.82,,,,,
66.76,50.05,217.75,,,,,
66.66,50.48,217.68,,,,,
66.58,50.94,217.62,,,,,
66.51,51.4,217.56,,,,,
66.46,51.87,217.5,,,,,
66.38,52.32,217.45,,,,,
66.31,52.8,217.4,,,,,
66.21,53.29,217.35,,,,,
66.12,53.82,217.28,,,,,
66.01,54.38,217.23,,,,,
65.9,54.99,217.17,,,,,
65.79,55.65,217.11,,,,,
65.7,56.35,217.05,,,,,
65.62,57.09,216.98,,,,,
65.56,57.88,216.93,,,,,
65.51,58.69,216.87,,,,,
65.5,59.53,216.81,,,,,
65.51,60.39,216.75,,,,,
65.53,61.29,216.69,,,,,
65.57,62.23,216.65,,,,,
65.63,63.18,216.61,,,,,
65.71,64.18,216.57,,,,,
65.8,65.23,216.54,,,,,
65.9,64.82,216.5,,,,,
66,64.54,216.45,,,,,
66.08,64.32,216.4,,,,,
66.12,64.14,216.37,,,,,
66.12,63.99,216.34,,,,,
66.1,63.83,216.3,,,,,
66.06,63.64,216.27,,,,,
66,63.42,216.26,,,,,
65.95,63.19,216.25,,,,,
65.89,62.91,216.25,,,,,
65.82,62.61,216.25,,,,,
65.77,62.27,216.26,,,,,
65.69,61.93,216.29,,,,,
65.64,61.56,216.32,,,,,
65.6,61.18,216.36,,,,,
65.59,60.77,216.39,,,,,
65.59,60.33,216.42,,,,,
65.58,59.88,216.44,,,,,
65.54,59.43,216.46,,,,,
65.48,58.94,216.49,,,,,
65.4,58.42,216.52,,,,,
65.31,57.86,216.56,,,,,
65.24,57.24,216.58,,,,,
65.17,56.54,216.6,,,,,
65.12,55.79,216.62,,,,,
65.12,54.99,216.64,,,,,
65.15,54.15,216.66,,,,,
65.21,53.31,216.67,,,,,
65.31,52.42,216.68,,,,,
65.41,51.58,216.66,,,,,
65.54,50.71,216.65,,,,,
65.67,50.85,216.66,,,,,
65.78,50.89,216.64,,,,,
65.87,51,216.62,,,,,
65.93,51.16,216.61,,,,,
65.96,51.36,216.6,,,,,
65.99,51.58,216.59,,,,,
66.02,51.81,216.58,,,,,
66.05,52.06,216.58,,,,,
66.08,52.31,216.57,,,,,
66.11,52.53,216.57,,,,,
66.14,52.77,216.55,,,,,
66.18,52.97,216.55,,,,,
66.25,53.17,216.54,,,,,
66.29,53.3,216.53,,,,,
66.35,53.44,216.5,,,,,
66.36,53.54,216.47,,,,,
66.34,53.61,216.46,,,,,
66.22,53.63,216.44,,,,,
66.01,53.63,216.4,,,,,
65.85,53.7,216.37,,,,,
65.77,53.92,216.36,,,,,
65.81,54.19,216.35,,,,,
65.92,54.61,216.32,,,,,
66.01,54.7,216.29,,,,,
66.09,54.67,216.27,,,,,
66.17,54.63,216.25,,,,,
66.27,54.53,216.23,,,,,
66.37,54.61,216.21,,,,,
66.45,54.72,216.19,,,,,
66.46,54.94,216.17,,,,,
66.44,53.5,216.15,,,,,
66.44,52.16,216.12,,,,,
66.49,52.66,216.09,,,,,
66.54,53.01,216.07,,,,,
66.63,53.12,216.03,,,,,
66.69,53.18,216,,,,,
66.75,53.23,215.97,,,,,
66.8,53.27,215.95,,,,,
66.86,53.35,215.93,,,,,
66.88,53.39,215.91,,,,,
66.88,53.42,215.87,,,,,
66.96,53.65,215.84,,,,,
67.05,54.04,215.82,,,,,
67.15,54.49,215.79,,,,,
67.24,54.93,215.76,,,,,
67.33,55.44,215.73,,,,,
67.34,55.85,215.7,,,,,
67.46,56.38,215.68,,,,,
67.51,57.05,215.65,,,,,
67.57,57.63,215.62,,,,,
67.59,57.05,215.61,,,,,
67.67,55.81,215.6,,,,,
67.75,56.08,215.57,,,,,
67.84,56.45,215.55,,,,,
67.92,56.91,215.54,,,,,
68.01,57.34,215.52,,,,,
68.11,56.02,215.5,,,,,
68.2,56.49,215.46,,,,,
68.29,56.93,215.42,,,,,
68.37,57.36,215.38,,,,,
68.46,57.77,215.37,,,,,
68.54,58.17,215.36,,,,,
68.64,58.59,215.34,,,,,
68.72,59.06,215.31,,,,,
68.82,59.5,215.29,,,,,
68.9,59.92,215.26,,,,,
69,60.38,215.25,,,,,
69.1,60.88,215.23,,,,,
69.2,61.4,215.2,,,,,
69.28,61.86,215.18,,,,,
69.36,62.32,215.15,,,,,
69.44,62.78,215.11,,,,,
69.51,63.25,215.1,,,,,
69.59,63.72,215.07,,,,,
69.67,64.2,215.04,,,,,
69.75,64.68,215.01,,,,,
69.82,65.17,214.98,,,,,
69.9,65.66,214.94,,,,,
69.98,66.16,214.92,,,,,
70.06,66.65,214.89,,,,,
70.14,67.14,214.86,,,,,
70.22,67.61,214.83,,,,,
70.3,68.07,214.79,,,,,
70.38,68.52,214.75,,,,,
70.46,68.95,214.72,,,,,
70.54,69.37,214.68,,,,,
70.62,69.78,214.67,,,,,
70.7,70.18,214.66,,,,,
70.77,70.58,214.65,,,,,
70.85,70.98,214.61,,,,,
70.92,71.37,214.58,,,,,
70.99,71.76,214.55,,,,,
71.07,72.15,214.52,,,,,
71.14,72.54,214.5,,,,,
71.21,72.94,214.47,,,,,
71.28,73.34,214.44,,,,,
71.35,73.74,214.43,,,,,
71.42,74.15,214.41,,,,,
71.49,74.56,214.38,,,,,
71.56,74.98,214.36,,,,,
71.63,75.41,214.34,,,,,
71.7,75.84,214.33,,,,,
71.77,76.26,214.3,,,,,
71.84,76.69,214.29,,,,,
71.91,77.12,214.28,,,,,
71.99,77.61,214.27,,,,,
72.07,78.08,214.28,,,,,
72.16,78.52,214.29,,,,,
72.25,78.91,214.31,,,,,
72.33,79.33,214.32,,,,,
72.29,78.31,214.3,,,,,
72.31,77.07,214.21,,,,,
72.32,77.36,214.17,,,,,
72.36,77.79,214.16,,,,,
72.41,78.21,214.13,,,,,
72.46,78.6,214.12,,,,,
72.52,78.98,214.11,,,,,
72.58,79.24,214.1,,,,,
72.65,79.4,214.08,,,,,
72.71,79.61,214.07,,,,,
72.78,79.71,214.05,,,,,
72.84,79.8,214.04,,,,,
72.91,79.97,214.02,,,,,
72.98,80.09,213.99,,,,,
73.05,80.11,213.98,,,,,
73.11,80.19,213.97,,,,,
73.18,80.42,213.96,,,,,
73.25,80.62,213.95,,,,,
73.32,80.85,213.96,,,,,
73.39,81.06,213.95,,,,,
73.45,81.23,213.95,,,,,
73.52,81.39,213.97,,,,,
73.6,81.67,214,,,,,
73.65,80.75,214.01,,,,,
73.71,79.67,213.98,,,,,
73.74,80.07,213.91,,,,,
73.73,80.33,213.85,,,,,
73.75,80.56,213.83,,,,,
73.81,80.81,213.85,,,,,
73.87,81.12,213.9,,,,,
73.93,80.07,213.91,,,,,
73.97,78.83,213.87,,,,,
73.97,79.15,213.78,,,,,
73.96,79.31,213.73,,,,,
74,79.54,213.71,,,,,
74.06,79.85,213.71,,,,,
74.11,80.19,213.7,,,,,
74.17,80.56,213.69,,,,,
74.22,80.93,213.67,,,,,
74.27,81.32,213.64,,,,,
74.33,81.72,213.61,,,,,
74.39,82.18,213.58,,,,,
74.45,82.59,213.56,,,,,
74.51,82.98,213.54,,,,,
74.56,83.36,213.54,,,,,
74.62,83.73,213.52,,,,,
74.68,84.08,213.5,,,,,
74.73,84.44,213.48,,,,,
74.79,84.79,213.48,,,,,
74.84,85.13,213.48,,,,,
74.9,85.47,213.47,,,,,
74.95,85.81,213.46,,,,,
75.01,86.15,213.45,,,,,
75.06,86.48,213.45,,,,,
75.12,86.79,213.45,,,,,
75.17,87.11,213.46,,,,,
75.23,87.42,213.48,,,,,
75.29,87.74,213.48,,,,,
75.34,88.03,213.48,,,,,
75.39,88.35,213.47,,,,,
75.44,88.67,213.45,,,,,
75.49,88.99,213.44,,,,,
75.54,89.31,213.43,,,,,
75.58,89.63,213.41,,,,,
75.63,89.95,213.38,,,,,
75.67,90.27,213.34,,,,,
75.71,90.6,213.3,,,,,
75.74,90.93,213.27,,,,,
75.78,91.26,213.24,,,,,
75.83,89.84,213.2,,,,,
75.87,90.21,213.18,,,,,
75.92,90.55,213.14,,,,,
75.96,90.87,213.1,,,,,
76.01,91.18,213.06,,,,,
76.05,91.49,213.05,,,,,
76.09,91.79,213.04,,,,,
76.14,92.09,213.03,,,,,
76.18,92.38,213.02,,,,,
76.22,92.67,213.01,,,,,
76.27,92.97,213,,,,,
76.31,93.25,212.98,,,,,
76.35,93.54,212.96,,,,,
76.4,93.83,212.94,,,,,
76.44,94.13,212.92,,,,,
76.49,94.43,212.9,,,,,
76.53,94.73,212.88,,,,,
76.58,95.04,212.86,,,,,
76.63,95.36,212.84,,,,,
76.67,95.66,212.82,,,,,
76.72,95.97,212.8,,,,,
76.76,96.28,212.79,,,,,
76.8,96.59,212.78,,,,,
76.84,96.89,212.77,,,,,
76.89,97.19,212.75,,,,,
76.93,97.49,212.74,,,,,
76.97,97.78,212.72,,,,,
77.01,98.07,212.72,,,,,
77.05,98.34,212.71,,,,,
77.09,98.62,212.69,,,,,
77.12,98.89,212.68,,,,,
77.16,99.14,212.65,,,,,
77.2,99.4,212.63,,,,,
77.24,99.65,212.62,,,,,
77.28,99.9,212.6,,,,,
77.32,100.15,212.59,,,,,
77.36,100.4,212.57,,,,,
77.4,100.65,212.56,,,,,
77.44,100.9,212.54,,,,,
77.48,101.16,212.52,,,,,
77.52,101.42,212.51,,,,,
77.56,101.67,212.5,,,,,
77.59,101.94,212.49,,,,,
77.63,102.21,212.48,,,,,
77.67,102.47,212.5,,,,,
77.71,102.74,212.51,,,,,
77.75,103,212.53,,,,,
77.79,103.26,212.52,,,,,
77.82,103.53,212.52,,,,,
77.86,103.79,212.52,,,,,
77.9,104.05,212.52,,,,,
77.93,104.31,212.51,,,,,
77.97,104.56,212.5,,,,,
78,104.81,212.5,,,,,
78.04,105.06,212.48,,,,,
78.07,105.3,212.47,,,,,
78.11,105.54,212.46,,,,,
78.14,105.76,212.44,,,,,
78.18,105.98,212.42,,,,,
78.22,106.2,212.4,,,,,
78.25,106.42,212.4,,,,,
78.28,106.63,212.4,,,,,
78.32,106.85,212.41,,,,,
78.35,107.06,212.4,,,,,
78.38,107.28,212.39,,,,,
78.42,107.5,212.38,,,,,
78.45,107.73,212.38,,,,,
78.49,107.96,212.37,,,,,
78.52,108.19,212.36,,,,,
78.55,108.43,212.35,,,,,
78.59,108.68,212.33,,,,,
78.62,108.91,212.31,,,,,
78.65,109.15,212.29,,,,,
78.68,109.38,212.28,,,,,
78.72,109.62,212.26,,,,,
78.75,109.84,212.23,,,,,
78.78,110.07,212.22,,,,,
78.82,110.3,212.2,,,,,
78.85,110.52,212.18,,,,,
78.88,110.74,212.16,,,,,
78.91,110.95,212.14,,,,,
78.94,111.15,212.12,,,,,
78.97,111.35,212.1,,,,,
79,111.55,212.08,,,,,
79.03,111.75,212.06,,,,,
79.06,111.94,212.04,,,,,
79.09,112.13,212.03,,,,,
79.12,112.33,212.02,,,,,
79.15,112.53,212.02,,,,,
79.17,112.72,212.02,,,,,
79.2,112.92,212.02,,,,,
79.23,113.12,212.03,,,,,
79.26,113.31,212.03,,,,,
79.29,113.52,212.01,,,,,
79.32,113.72,212,,,,,
79.35,113.92,211.99,,,,,
79.37,114.14,212,,,,,
79.4,114.35,212.02,,,,,
79.43,114.56,212.03,,,,,
79.46,114.76,212.01,,,,,
79.49,114.96,211.99,,,,,
79.52,115.16,211.97,,,,,
79.55,115.35,211.96,,,,,
79.58,115.54,211.94,,,,,
79.6,115.72,211.93,,,,,
79.63,115.9,211.92,,,,,
79.66,116.06,211.91,,,,,
79.69,116.22,211.9,,,,,
79.71,116.39,211.89,,,,,
79.74,116.55,211.87,,,,,
79.77,116.71,211.87,,,,,
79.79,116.86,211.86,,,,,
79.82,117.02,211.85,,,,,
79.85,117.18,211.84,,,,,
79.87,117.34,211.83,,,,,
79.9,117.5,211.82,,,,,
