-80.94,58.65,100.48,,,,
-80.96,59.3,100.34,,,,
-80.98,59.93,100.21,,,,
-81,60.57,100.07,,,,
-81.01,61.21,99.94,,-82.05,,-84.95
-81.03,59.93,99.8,,-68.23,,90.74
-81.04,60.58,99.66,,,,
-81.06,61.21,99.53,,,,
-81.08,61.85,99.4,,,,
-81.09,62.47,99.27,,,,
-81.11,63.09,99.09,,,,
-81.12,63.7,98.92,,,,
-81.14,64.29,98.78,,,,
-81.15,64.88,98.64,,,,
-81.17,65.46,98.5,,,,
-81.18,66.06,98.36,,,,
-81.19,66.65,98.22,,,,
-81.21,67.22,98.09,,,,
-81.22,67.78,97.95,,,,
-81.23,68.33,97.81,,,,
-81.24,68.88,97.63,,,,
-81.26,69.42,97.46,,,,
-81.27,69.98,97.3,,,,
-81.28,70.56,97.16,,,,
-81.3,69.25,97.02,,,,
-81.31,67.95,96.88,,,,
-81.33,66.66,96.74,,,,
-81.35,65.39,96.6,,,,
-81.36,64.14,96.48,,,,
-81.38,62.89,96.36,,,,
-81.4,61.65,96.24,,,,
-81.41,60.4,96.12,,,,
-81.43,59.15,96.04,,,,
-81.44,57.9,95.91,,,,
-81.45,56.65,95.79,,,,
-81.46,57.3,95.67,,,,
-81.46,57.95,95.56,,,,
-81.46,56.69,95.45,,,,
-81.46,57.35,95.37,,,,
-81.46,57.97,95.24,,,,
-81.47,58.54,95.1,,,,
-81.48,59.09,94.97,,,,
-81.49,59.62,94.84,,,,
-81.5,60.16,94.75,,,,
-81.51,60.78,94.66,,,,
-81.52,59.57,94.57,,,,
-81.53,58.42,94.49,,,,
-81.55,57.31,94.4,,,,
-81.57,56.21,94.28,,,,
-81.59,55.11,94.18,,,,
-81.62,53.98,94.07,,,,
-81.65,52.77,93.97,,,,
-81.67,51.69,93.87,,,,
-81.68,50.71,93.78,,,,
-81.71,51.02,93.68,,,,
-81.74,51.55,93.55,,,,
-81.76,52.22,93.42,,,,
-81.77,52.9,93.29,,,,
-81.78,53.58,93.19,,,,
-81.79,54.25,93.08,,,,
-81.8,54.9,92.96,,,,
-81.8,55.53,92.84,,,,
-81.8,56.15,92.73,,,,
-81.81,56.75,92.63,,,,
-81.81,57.34,92.53,,,,
-81.82,57.92,92.43,,,,
-81.83,58.51,92.32,,,,
-81.84,59.13,92.22,,,,
-81.86,59.77,92.12,,,,
-81.87,58.52,92.03,,,,
-81.89,57.31,91.94,,,,
-81.9,56.11,91.85,,,,
-81.91,54.96,91.72,,,,
-81.93,53.77,91.6,,,,
-81.95,52.58,91.48,,,,
-81.97,51.37,91.36,,,,
-81.99,52.05,91.24,,,,
-82.01,50.84,91.12,,,,
-82.02,49.64,91.03,,,,
-82.03,48.45,90.95,,,,
-82.04,47.28,90.87,,,,
-82.04,46.1,90.8,,,,
-82.04,44.91,90.73,,,,
-82.04,45.64,90.66,,,,
-82.04,46.33,90.55,,,,
-82.04,47,90.46,,,,
-82.04,47.65,90.37,,,,
-82.04,48.29,90.29,,,,
-82.04,48.93,90.19,,,,
-82.05,49.56,90.08,,,,
-81.97,49.64,89.97,,,,
-81.86,49.58,89.89,,,,
-81.78,49.66,89.81,,,,
-81.69,49.97,89.73,,,,
-81.66,48.72,89.64,,,,
-81.67,47.63,89.55,,,,
-81.7,47.79,89.47,,,,
-81.72,47.82,89.38,,,,
-81.75,48.04,89.3,,,,
-81.78,47.14,89.2,,,,
-81.8,46.26,89.11,,,,
-81.83,45.33,89.05,,,,
-81.86,45.05,89.01,,,,
-81.89,43.61,88.96,,,,
-81.91,43.88,88.9,,,,
-81.91,43.89,88.89,,,,
-81.92,43.92,88.89,,,,
-81.92,42.27,88.89,,,,
-81.75,40.87,88.88,,,,
-81.64,39.66,88.87,,,,
-81.6,38.59,88.85,,,,
-81.57,37.49,88.84,,,,
-81.52,36.44,88.82,,,,
-81.45,35.41,88.81,,,,
-81.39,34.42,88.79,,,,
-81.34,33.55,88.76,,,,
-81.33,32.74,88.74,,,,
-81.39,32.04,88.71,,,,
-81.48,31.14,88.74,,,,
-81.59,30.21,88.76,,,,
-81.71,30.73,88.72,,,,
-81.75,31.46,88.7,,,,
-81.75,30.56,88.67,,,,
-81.74,29.78,88.65,,,,
-81.73,29.04,88.61,,,,
-81.75,28.34,88.59,,,,
-81.76,27.61,88.57,,,,
-81.75,27,88.53,,,,
-81.73,26.39,88.5,,,,
-81.73,25.82,88.46,,,,
-81.74,27.1,88.45,,,,
-81.75,28.32,88.35,,,,
-81.78,29.24,88.26,,,,
-81.78,28.52,88.16,,,,
-81.79,29.31,88.07,,,,
-81.79,30.16,88,,,,
-81.82,31.03,87.93,,,,
-81.81,31.73,87.85,,,,
-81.8,32.45,87.76,,,,
-81.81,33.12,87.67,,,,
-81.83,33.87,87.58,,,,
-81.83,34.55,87.51,,,,
-81.85,35.43,87.43,,,,
-81.85,34.49,87.36,,,,
-81.83,35.12,87.28,,,,
-81.78,35.62,87.19,,,,
-81.77,36.23,87.11,,,,
-81.74,36.97,86.99,,,,
-81.69,37.71,86.87,,,,
-81.64,38.45,86.75,,,,
-81.55,39,86.67,,,,
-81.4,39.39,86.56,,,,
-81.4,39.78,86.46,,,,
-81.49,38.83,86.36,,,,
-81.52,37.9,86.25,,,,
-81.55,38.32,86.16,,,,
-81.56,38.55,86.06,,,,
-81.57,38.63,85.97,,,,
-81.58,38.75,85.88,,,,
-81.6,39.06,85.79,,,,
-81.6,38.04,85.72,,,,
-81.57,37.07,85.66,,,,
-81.55,36.11,85.6,,,,
-81.54,35.14,85.51,,,,
-81.53,34.17,85.41,,,,
-81.53,33.22,85.31,,,,
-81.54,32.3,85.23,,,,
-81.53,31.42,85.16,,,,
-81.55,30.52,85.09,,,,
-81.56,29.47,85.02,,,,
-81.57,30.26,84.99,,,,
-81.54,30.91,84.94,,,,
-81.54,29.95,84.89,,,,
-81.54,28.98,84.8,,,,
-81.57,28.01,84.71,,,,
-81.6,28.74,84.62,,,,
-81.63,29.38,84.56,,,,
-81.65,28.32,84.5,,,,
-81.65,27.45,84.45,,,,
-81.66,26.48,84.4,,,,
-81.67,25.47,84.31,,,,
-81.68,24.52,84.22,,,,
-81.68,23.66,84.13,,,,
-81.69,22.65,84.04,,,,
-81.72,23.43,83.95,,,,
-81.75,24.31,83.86,,,,
-81.77,25.16,83.8,,,,
-81.78,24.17,83.71,,,,
-81.79,24.96,83.61,,,,
-81.8,23.98,83.58,,,,
-81.81,22.95,83.54,,,,
-81.81,21.9,83.5,,,,
-81.83,20.88,83.44,,,,
-81.85,21.49,83.37,,,,
-81.87,20.41,83.31,,,,
-81.84,19.45,83.26,,,,
-81.83,18.44,83.23,,,,
-81.81,17.47,83.16,,,,
-81.78,16.52,83.09,,,,
-81.73,15.59,83.06,,,,
-81.68,14.64,83.03,,,,
-81.62,13.67,82.97,,,,
-81.54,12.71,82.92,,,,
-81.46,11.72,82.88,,,,
-81.38,10.69,82.85,,,,
-81.32,9.66,82.81,,,,
-81.28,8.58,82.78,,,,
-81.23,7.5,82.77,,,,
-81.18,6.4,82.76,,,,
-81.14,5.29,82.78,,,,
-81.1,4.2,82.8,,,,
-81.04,3.09,82.84,,,,
-80.99,1.99,82.83,,,,
-80.94,0.88,82.85,,,,
-80.91,-0.27,82.86,,,,
-80.91,0.46,82.86,,,,
-80.9,1.11,82.88,,,,
-80.9,1.7,82.87,,,,
-80.85,1.97,82.86,,,,
-80.84,2.66,82.9,,,,
-80.82,3.28,82.94,,,,
-80.82,3.84,82.98,,,,
-80.82,4.38,83.03,,,,
-80.82,4.94,83.11,,,,
-80.81,5.35,83.19,,,,
-80.82,5.74,83.27,,,,
-80.81,6,83.35,,,,
-80.79,6.2,83.45,,,,
-80.76,6.39,83.56,,,,
-80.73,6.6,83.62,,,,
-80.71,6.83,83.69,,,,
-80.67,7.1,83.76,,,,
-80.65,7.39,83.86,,,,
-80.63,7.71,83.96,,,,
-80.61,8.01,84.05,,,,
-80.59,8.3,84.17,,,,
-80.57,8.6,84.28,,,,
-80.56,8.89,84.38,,,,
-80.54,9.18,84.47,,,,
-80.54,9.46,84.58,,,,
-80.53,9.75,84.69,,,,
-80.53,10.01,84.8,,,,
-80.52,10.31,84.91,,,,
-80.52,10.5,85.01,,,,
-80.51,10.68,85.12,,,,
-80.49,10.85,85.23,,,,
-80.47,11.02,85.34,,,,
-80.45,11.16,85.45,,,,
-80.43,11.29,85.55,,,,
-80.4,11.44,85.67,,,,
-80.38,11.62,85.79,,,,
-80.36,11.79,85.88,,,,
-80.36,11.95,85.97,,,,
-80.36,12.13,86.07,,,,
-80.37,12.34,86.17,,,,
-80.39,12.53,86.27,,,,
-80.39,12.69,86.37,,,,
-80.4,12.88,86.47,,,,
-80.4,13.14,86.53,,,,
-80.41,13.21,86.61,,,,
-80.41,13.27,86.68,,,,
-80.43,13.11,86.74,,,,
-80.45,12.8,86.81,,,,
-80.46,12.54,86.85,,,,
-80.45,12.17,86.9,,,,
-80.46,11.75,86.95,,,,
-80.46,11.3,87,,,,
-80.45,10.89,87.05,,,,
-80.44,10.39,87.09,,,,
-80.42,9.93,87.14,,,,
-80.41,9.42,87.19,,,,
-80.4,9,87.24,,,,
-80.41,8.57,87.29,,,,
-80.39,8.14,87.32,,,,
-80.39,7.68,87.36,,,,
-80.38,7.19,87.36,,,,
-80.35,6.64,87.37,,,,
-80.32,6.08,87.37,,,,
-80.28,5.49,87.37,,,,
-80.22,4.9,87.35,,,,
-80.16,4.28,87.33,,,,
-80.1,3.69,87.31,,,,
-80.03,3.06,87.28,,,,
-79.96,2.43,87.26,,,,
-79.9,1.79,87.24,,,,
-79.83,1.12,87.22,,,,
-79.77,0.44,87.19,,,,
-79.7,-0.29,87.17,,,,
-79.65,-1.04,87.14,,,,
-79.58,-1.78,87.12,,,,
-79.51,-2.57,87.1,,,,
-79.46,-3.36,87.08,,,,
-79.4,-4.19,87.07,,,,
-79.35,-5.03,87.05,,,,
-79.31,-5.9,87.04,,,,
-79.27,-6.74,87.04,,,,
-79.24,-7.66,87.04,,,,
-79.21,-8.52,87.04,,,,
-79.16,-9.4,87.03,,,,
-79.11,-10.31,87.04,,,,
-79.07,-11.19,87.05,,,,
-79.01,-12.08,87.06,,,,
-78.97,-12.97,87.07,,,,
-78.92,-13.9,87.08,,,,
-78.87,-14.85,87.09,,,,
-78.83,-15.79,87.1,,,,
-78.78,-16.8,87.12,,,,
-78.74,-17.83,87.16,,,,
-78.7,-16.98,87.2,,,,
-78.66,-16.17,87.24,,,,
-78.63,-15.4,87.29,,,,
-78.59,-14.68,87.33,,,,
-78.56,-13.96,87.37,,,,
-78.54,-13.27,87.45,,,,
-78.53,-12.59,87.51,,,,
-78.51,-11.96,87.65,,,,
-78.49,-11.39,87.78,,,,
-78.48,-10.86,87.86,,,,
-78.47,-10.32,87.94,,,,
-78.46,-9.88,88.06,,,,
-78.44,-9.46,88.19,,,,
-78.43,-8.9,88.3,,,,
-78.4,-8.39,88.41,,,,
-78.37,-8.05,88.51,,,,
-78.33,-7.77,88.61,,,,
-78.3,-7.48,88.75,,,,
-78.27,-7.15,88.88,,,,
-78.23,-6.81,89.01,,,,
-78.18,-6.44,89.14,,,,
-78.16,-6.05,89.28,,,,
-78.12,-5.6,89.43,,,,
-78.09,-5.17,89.6,,,,
-78.07,-4.74,89.77,,,,
-78.04,-4.29,89.92,,,,
-78.03,-3.88,90.08,,,,
-78.01,-3.44,90.22,,,,
-77.99,-2.97,90.37,,,,
-77.97,-2.5,90.5,,,,
-77.96,-2.01,90.63,,,,
-77.96,-1.59,90.75,,,,
-77.94,-1.09,90.86,,,,
-77.94,-0.64,91,,,,
-77.93,-0.18,91.14,,,,
-77.93,0.27,91.28,,,,
-77.92,0.72,91.42,,,,
-77.93,1.17,91.56,,,,
-77.94,1.64,91.7,,,,
-77.95,2.1,91.82,,,,
-77.97,2.56,91.93,,,,
-77.99,2.95,92.03,,,,
-78.01,3.37,92.13,,,,
-78.03,3.72,92.27,,,,
-78.05,4.01,92.41,,,,
-78.07,4.35,92.54,,,,
-78.08,4.65,92.67,,,,
-78.1,4.93,92.8,,,,
-78.1,5.26,92.92,,,,
-78.13,5.55,93.05,,,,
-78.15,5.81,93.17,,,,
-78.17,6.04,93.28,,,,
-78.18,6.37,93.39,,,,
-78.2,6.6,93.47,,,,
-78.23,6.8,93.54,,,,
-78.26,7.03,93.62,,,,
-78.3,7.16,93.7,,,,
-78.33,7.33,93.79,,,,
-78.37,7.4,93.87,,,,
-78.42,7.45,93.95,,,,
-78.48,7.53,94.02,,,,
-78.53,7.5,94.09,,,,
-78.56,7.46,94.16,,,,
-78.6,7.31,94.23,,,,
-78.63,7.08,94.29,,,,
-78.67,6.9,94.33,,,,
-78.71,6.78,94.37,,,,
-78.74,6.73,94.39,,,,
-78.77,6.58,94.42,,,,
-78.8,6.55,94.48,,,,
-78.83,6.51,94.53,,,,
-78.84,6.51,94.56,,,,
-78.87,6.27,94.6,,,,
-78.89,6.04,94.63,,,,
-78.89,5.72,94.67,,,,
-78.9,5.29,94.69,,,,
-78.89,4.9,94.71,,,,
-78.88,4.41,94.72,,,,
-78.88,4.02,94.73,,,,
-78.84,3.56,94.71,,,,
-78.83,3.13,94.7,,,,
-78.83,2.71,94.68,,,,
-78.82,2.25,94.65,,,,
-78.79,1.79,94.62,,,,
-78.76,1.33,94.58,,,,
-78.72,0.84,94.56,,,,
-78.67,0.29,94.55,,,,
-78.61,-0.26,94.53,,,,
-78.55,-0.84,94.5,,,,
-78.46,-1.43,94.48,,,,
-78.39,-2.02,94.46,,,,
-78.32,-2.65,94.41,,,,
-78.27,-3.28,94.36,,,,
-78.2,-3.89,94.32,,,,
-78.13,-4.54,94.29,,,,
-78.07,-5.15,94.25,,,,
-78,-5.76,94.2,,,,
-77.94,-6.42,94.16,,,,
-77.87,-7.08,94.11,,,,
-77.78,-7.76,94.07,,,,
-77.7,-8.46,94.03,,,,
-77.61,-9.17,93.95,,,,
-77.51,-9.9,93.87,,,,
-77.42,-10.66,93.83,,,,
-77.32,-11.47,93.78,,,,
-77.2,-12.26,93.73,,,,
-77.08,-13.1,93.68,,,,
-76.95,-13.99,93.67,,,,
-76.82,-14.92,93.65,,,,
-76.71,-15.88,93.62,,,,
-76.6,-16.88,93.59,,,,
-76.51,-17.92,93.57,,,,
-76.44,-19,93.56,,,,
-76.38,-20.11,93.53,,,,
-76.34,-21.24,93.51,,,,
-76.3,-22.39,93.5,,,,
-76.28,-23.56,93.49,,,,
-76.27,-24.77,93.51,,,,
-76.27,-25.94,93.52,,,,
-76.26,-25.23,93.58,,,,
-76.27,-24.58,93.63,,,,
-76.29,-23.99,93.73,,,,
-76.3,-23.57,93.84,,,,
-76.31,-23.23,93.9,,,,
-76.32,-22.97,93.97,,,,
-76.31,-22.77,94.07,,,,
-76.3,-22.55,94.17,,,,
-76.27,-22.36,94.28,,,,
-76.23,-22.18,94.38,,,,
-76.18,-22.01,94.5,,,,
-76.14,-21.85,94.61,,,,
-76.08,-21.65,94.75,,,,
-76.02,-21.5,94.89,,,,
-75.95,-21.34,95.03,,,,
-75.89,-21.16,95.17,,,,
-75.81,-20.98,95.31,,,,
-75.73,-20.81,95.44,,,,
-75.65,-20.61,95.61,,,,
-75.58,-20.42,95.78,,,,
-75.5,-20.22,95.94,,,,
-75.44,-19.99,96.1,,,,
-75.38,-19.79,96.24,,,,
-75.32,-19.58,96.37,,,,
-75.27,-19.39,96.55,,,,
-75.21,-19.21,96.72,,,,
-75.15,-19,96.87,,,,
-75.08,-18.79,97.02,,,,
-75.01,-18.56,97.18,,,,
-74.93,-18.29,97.34,,,,
-74.86,-18.02,97.5,,,,
-74.8,-17.7,97.66,,,,
-74.74,-17.36,97.81,,,,
-74.69,-16.99,97.96,,,,
-74.65,-16.62,98.1,,,,
-74.62,-16.22,98.24,,,,
-74.59,-15.84,98.37,,,,
-74.59,-15.46,98.5,,,,
-74.61,-15.1,98.61,,,,
-74.63,-14.74,98.73,,,,
-74.64,-14.38,98.82,,,,
-74.65,-14.07,98.91,,,,
-74.68,-13.74,99.03,,,,
-74.71,-13.42,99.14,,,,
-74.75,-13.26,99.23,,,,
-74.8,-13.15,99.32,,,,
-74.84,-13.08,99.42,,,,
-74.88,-13.09,99.53,,,,
-74.92,-13.02,99.61,,,,
-74.95,-12.99,99.69,,,,
-74.96,-12.85,99.76,,,,
-75,-12.8,99.83,,,,
-75.03,-12.77,99.88,,,,
-75.06,-12.73,99.93,,,,
-75.09,-12.78,99.99,,,,
-75.11,-12.78,100.05,,,,
-75.11,-12.86,100.09,,,,
-75.15,-13.05,100.13,,,,
-75.16,-13.33,100.13,,,,
-75.17,-13.56,100.13,,,,
-75.19,-13.75,100.14,,,,
-75.2,-13.92,100.15,,,,
-75.21,-14.26,100.14,,,,
-75.19,-14.68,100.14,,,,
-75.16,-15.07,100.12,,,,
-75.1,-15.47,100.1,,,,
-75.04,-15.93,100.06,,,,
-74.99,-16.41,100.02,,,,
-74.94,-16.9,99.98,,,,
-74.89,-17.43,99.95,,,,
-74.82,-17.94,99.89,,,,
-74.77,-18.5,99.84,,,,
-74.7,-19.06,99.77,,,,
-74.62,-19.61,99.71,,,,
-74.54,-20.17,99.62,,,,
-74.46,-20.73,99.54,,,,
-74.38,-21.31,99.47,,,,
-74.29,-21.89,99.41,,,,
-74.19,-22.5,99.31,,,,
-74.09,-23.11,99.22,,,,
-73.98,-23.76,99.16,,,,
-73.88,-24.43,99.1,,,,
-73.78,-25.11,99.04,,,,
-73.68,-25.8,98.98,,,,
-73.59,-26.52,98.91,,,,
-73.49,-27.26,98.83,,,,
-73.4,-27.99,98.76,,,,
-73.31,-28.75,98.7,,,,
-73.2,-29.53,98.61,,,,
-73.1,-30.33,98.53,,,,
-73,-31.16,98.46,,,,
-72.9,-32.03,98.4,,,,
-72.79,-32.93,98.35,,,,
-72.7,-33.84,98.33,,,,
-72.62,-34.81,98.31,,,,
-72.55,-35.8,98.28,,,,
-72.48,-36.8,98.29,,,,
-72.42,-37.83,98.31,,,,
-72.37,-38.88,98.32,,,,
-72.34,-39.96,98.34,,,,
-72.3,-41.1,98.37,,,,
-72.29,-42.24,98.4,,,,
-72.27,-43.38,98.48,,,,
-72.28,-44.62,98.56,,,,
-72.31,-43.97,98.63,,,,
-72.36,-43.44,98.71,,,,
-72.41,-43,98.8,,,,
-72.46,-42.8,98.89,,,,
-72.51,-42.78,99.01,,,,
-72.53,-42.82,99.13,,,,
-72.52,-42.89,99.26,,,,
-72.5,-42.98,99.38,,,,
-72.46,-43.03,99.54,,,,
-72.41,-43.09,99.7,,,,
-72.34,-43.13,99.85,,,,
-72.27,-43.15,100,,,,
-72.19,-43.14,100.16,,,,
-72.1,-43.09,100.32,,,,
-72.01,-43.02,100.46,,,,
-71.92,-42.89,100.63,,,,
-71.83,-42.72,100.79,,,,
-71.75,-42.5,100.95,,,,
-71.69,-42.24,101.14,,,,
-71.64,-41.96,101.32,,,,
-71.6,-41.64,101.52,,,,
-71.57,-41.31,101.71,,,,
-71.54,-40.97,101.86,,,,
-71.52,-40.61,102.01,,,,
-71.49,-40.23,102.17,,,,
-71.45,-39.86,102.32,,,,
-71.41,-39.46,102.48,,,,
-71.35,-39.03,102.64,,,,
-71.31,-38.58,102.79,,,,
-71.27,-38.11,102.95,,,,
-71.23,-37.61,103.11,,,,
-71.2,-37.09,103.27,,,,
-71.19,-36.55,103.43,,,,
-71.17,-35.99,103.58,,,,
-71.18,-35.4,103.71,,,,
-71.19,-34.89,103.84,,,,
-71.2,-34.34,103.95,,,,
-71.22,-33.78,104.06,,,,
-71.26,-33.23,104.17,,,,
-71.32,-32.63,104.28,,,,
-71.39,-32.15,104.4,,,,
-71.46,-31.87,104.52,,,,
-71.53,-31.9,104.65,,,,
-71.59,-32.16,104.77,,,,
-71.65,-32.24,104.84,,,,
-71.69,-32.46,104.91,,,,
-71.74,-32.65,105,,,,
-71.77,-32.86,105.09,,,,
-71.78,-33.09,105.17,,,,
-71.78,-33.32,105.25,,,,
-71.79,-33.54,105.3,,,,
-71.76,-33.75,105.36,,,,
-71.73,-33.97,105.42,,,,
-71.69,-34.25,105.49,,,,
-71.62,-34.53,105.54,,,,
-71.54,-34.84,105.58,,,,
-71.45,-35.15,105.61,,,,
-71.36,-35.51,105.64,,,,
-71.24,-35.89,105.66,,,,
-71.13,-36.32,105.68,,,,
-71.01,-36.77,105.69,,,,
-70.89,-37.25,105.71,,,,
-70.78,-37.77,105.73,,,,
-70.72,-38.41,105.74,,,,
-70.68,-39.02,105.76,,,,
-70.61,-39.59,105.77,,,,
-70.53,-40.14,105.8,,,,
-70.45,-40.67,105.82,,,,
-70.36,-41.24,105.84,,,,
-70.27,-41.84,105.86,,,,
-70.17,-42.47,105.89,,,,
-70.07,-43.14,105.91,,,,
-69.99,-43.85,105.94,,,,
-69.9,-44.58,105.96,,,,
-69.82,-45.35,106,,,,
-69.75,-46.12,106.05,,,,
-69.67,-46.91,106.09,,,,
-69.65,-47.74,106.15,,,,
-69.63,-48.54,106.2,,,,
-69.63,-49.39,106.25,,,,
-69.62,-50.23,106.31,,,,
-69.65,-51.1,106.36,,,,
-69.69,-51.91,106.43,,,,
-69.75,-52.7,106.5,,,,
-69.81,-53.45,106.57,,,,
-69.88,-54.24,106.64,,,,
-69.95,-54.95,106.74,,,,
-70.01,-55.82,106.81,,,,
-70.06,-56.61,106.88,,,,
-70.12,-57.4,106.96,,,,
-70.19,-58.14,107.04,,,,
-70.26,-58.69,107.11,,,,
-70.36,-58.89,107.2,,,,
-70.42,-59.24,107.29,,,,
-70.49,-59.29,107.38,,,,
-70.54,-59.33,107.47,,,,
-70.57,-59.34,107.58,,,,
-70.58,-59.36,107.67,,,,
-70.56,-59.27,107.77,,,,
-70.55,-59.17,107.86,,,,
-70.53,-59.07,107.96,,,,
-70.47,-58.94,108.06,,,,
-70.4,-58.76,108.18,,,,
-70.33,-58.54,108.3,,,,
-70.26,-58.3,108.42,,,,
-70.2,-58.01,108.54,,,,
-70.13,-57.7,108.66,,,,
-70.06,-57.35,108.79,,,,
-69.99,-56.95,108.9,,,,
-69.95,-56.55,109.04,,,,
-69.93,-56.14,109.17,,,,
-69.92,-55.74,109.31,,,,
-69.9,-55.32,109.44,,,,
-69.89,-54.92,109.57,,,,
-69.85,-54.47,109.7,,,,
-69.81,-54.05,109.83,,,,
-69.74,-53.6,109.95,,,,
-69.68,-53.1,110.08,,,,
-69.63,-52.57,110.21,,,,
-69.6,-52.04,110.34,,,,
-69.57,-51.47,110.47,,,,
-69.53,-50.89,110.6,,,,
-69.53,-50.32,110.73,,,,
-69.53,-49.75,110.86,,,,
-69.55,-49.15,110.99,,,,
-69.57,-48.57,111.11,,,,
-69.58,-47.97,111.22,,,,
-69.61,-47.26,111.34,,,,
-69.65,-46.59,111.45,,,,
-69.7,-45.88,111.56,,,,
-69.76,-45.21,111.67,,,,
-69.86,-43.85,111.78,,,,
-69.96,-42.52,111.86,,,,
-70.05,-42.18,111.95,,,,
-70.15,-42.43,112.03,,,,
-70.23,-42.69,112.12,,,,
-70.29,-42.87,112.21,,,,
-70.34,-43.09,112.3,,,,
-70.38,-43.33,112.38,,,,
-70.43,-43.58,112.43,,,,
-70.47,-43.91,112.48,,,,
-70.51,-44.19,112.53,,,,
-70.53,-44.53,112.59,,,,
-70.54,-44.78,112.65,,,,
-70.55,-45.07,112.71,,,,
-70.54,-45.38,112.76,,,,
-70.56,-45.71,112.81,,,,
-70.55,-46.08,112.86,,,,
-70.54,-46.42,112.87,,,,
-70.53,-46.8,112.88,,,,
-70.51,-47.18,112.89,,,,
-70.45,-47.53,112.9,,,,
-70.38,-47.91,112.9,,,,
-70.33,-48.28,112.9,,,,
-70.26,-48.69,112.87,,,,
-70.21,-49.11,112.83,,,,
-70.16,-49.55,112.8,,,,
-70.1,-49.99,112.76,,,,
-70.04,-50.42,112.75,,,,
-69.98,-50.86,112.71,,,,
-69.91,-51.29,112.66,,,,
-69.84,-51.74,112.64,,,,
-69.76,-52.2,112.61,,,,
-69.68,-52.68,112.59,,,,
-69.62,-53.19,112.54,,,,
-69.57,-53.71,112.47,,,,
-69.54,-54.15,112.41,,,,
-69.48,-54.64,112.35,,,,
-69.42,-55.16,112.29,,,,
-69.33,-55.68,112.24,,,,
-69.25,-56.22,112.18,,,,
-69.16,-56.79,112.15,,,,
-69.06,-57.39,112.11,,,,
-68.97,-58.03,112.08,,,,
-68.92,-58.7,112.03,,,,
-68.84,-59.37,111.99,,,,
-68.78,-60.09,111.95,,,,
-68.72,-60.8,111.9,,,,
-68.66,-61.54,111.85,,,,
-68.62,-62.27,111.8,,,,
-68.6,-63.03,111.78,,,,
-68.58,-63.81,111.79,,,,
-68.57,-64.57,111.81,,,,
-68.55,-65.35,111.82,,,,
-68.56,-66.15,111.85,,,,
-68.57,-66.92,111.9,,,,
-68.57,-67.7,111.95,,,,
-68.6,-68.52,112.01,,,,
-68.63,-69.31,112.06,,,,
-68.69,-70.17,112.12,,,,
-68.76,-70.99,112.16,,,,
-68.85,-71.8,112.23,,,,
-68.96,-72.57,112.3,,,,
-69.06,-73.51,112.36,,,,
-69.12,-73.37,112.43,,,,
-69.2,-73.21,112.53,,,,
-69.26,-73.08,112.62,,,,
-69.3,-72.92,112.72,,,,
-69.32,-72.78,112.83,,,,
-69.34,-72.66,112.93,,,,
-69.32,-72.51,113.03,,,,
-69.31,-72.34,113.16,,,,
-69.28,-72.16,113.29,,,,
-69.24,-71.96,113.42,,,,
-69.18,-71.73,113.53,,,,
-69.12,-71.48,113.65,,,,
-69.06,-71.2,113.75,,,,
-68.99,-70.87,113.88,,,,
-68.91,-70.52,114.01,,,,
-68.84,-70.11,114.14,,,,
-68.78,-69.69,114.26,,,,
-68.69,-69.19,114.37,,,,
-68.75,-68.57,114.48,,,,
-68.76,-68.34,114.59,,,,
-68.76,-67.85,114.7,,,,
-68.74,-67.43,114.81,,,,
-68.72,-66.97,114.91,,,,
-68.68,-66.52,115.01,,,,
-68.64,-66.02,115.11,,,,
-68.6,-65.49,115.21,,,,
-68.57,-64.94,115.34,,,,
-68.54,-64.36,115.46,,,,
-68.52,-63.75,115.58,,,,
-68.51,-63.13,115.72,,,,
-68.51,-62.47,115.85,,,,
-68.53,-61.83,115.99,,,,
-68.56,-61.18,116.09,,,,
-68.6,-60.51,116.18,,,,
-68.64,-59.89,116.27,,,,
-68.69,-59.18,116.36,,,,
-68.73,-58.5,116.47,,,,
-68.81,-57.72,116.56,,,,
-68.9,-56.76,116.65,,,,
-69.01,-56.21,116.72,,,,
-69.11,-56.48,116.8,,,,
-69.16,-56.63,116.88,,,,
-69.2,-56.84,116.98,,,,
-69.22,-57.02,117.05,,,,
-69.24,-57.25,117.12,,,,
-69.25,-57.48,117.17,,,,
-69.25,-57.72,117.23,,,,
-69.26,-57.97,117.29,,,,
-69.26,-58.25,117.35,,,,
-69.27,-58.54,117.37,,,,
-69.26,-58.83,117.39,,,,
-69.26,-59.13,117.42,,,,
-69.25,-59.42,117.45,,,,
-69.23,-59.72,117.48,,,,
-69.2,-60.02,117.51,,,,
-69.16,-60.35,117.51,,,,
-69.11,-60.7,117.5,,,,
-69.07,-61.02,117.5,,,,
-69,-61.38,117.47,,,,
-68.94,-61.75,117.46,,,,
-68.87,-62.15,117.44,,,,
-68.8,-62.57,117.43,,,,
-68.72,-63.02,117.39,,,,
-68.65,-63.48,117.38,,,,
-68.61,-63.95,117.36,,,,
-68.58,-64.44,117.32,,,,
-68.56,-64.92,117.28,,,,
-68.54,-65.41,117.24,,,,
-68.51,-65.9,117.22,,,,
-68.48,-66.41,117.19,,,,
-68.43,-66.92,117.14,,,,
-68.4,-67.46,117.09,,,,
-68.35,-68,117.03,,,,
-68.32,-68.58,117.02,,,,
-68.29,-69.16,117,,,,
-68.27,-69.78,116.98,,,,
-68.24,-70.38,116.99,,,,
-68.23,-71.01,116.99,,,,
-68.23,-71.66,117,,,,
-68.23,-72.31,117.01,,,,
-68.24,-72.98,117.01,,,,
-68.25,-73.64,117.02,,,,
-68.27,-74.31,117.03,,,,
-68.29,-75,117.05,,,,
-68.33,-75.7,117.11,,,,
-68.37,-76.41,117.17,,,,
-68.42,-77.06,117.23,,,,
-68.48,-77.75,117.3,,,,
-68.55,-78.42,117.37,,,,
-68.6,-79.08,117.42,,,,
-68.67,-79.75,117.49,,,,
-68.73,-80.42,117.55,,,,
-68.78,-81.01,117.62,,,,
-68.83,-81.65,117.71,,,,
-68.87,-82.28,117.79,,,,
-68.93,-82.91,117.87,,,,
-68.99,-83.57,117.95,,,,
-69.07,-84.24,118.03,,,,
-69.18,-84.95,118.12,,,,
-69.27,-84.55,118.21,,,,
-69.35,-84.24,118.31,,,,
-69.4,-83.84,118.41,,,,
-69.46,-83.49,118.53,,,,
-69.52,-83.13,118.64,,,,
-69.56,-82.79,118.75,,,,
-69.6,-82.45,118.86,,,,
-69.64,-82.06,118.96,,,,
-69.66,-81.69,119.07,,,,
-69.69,-81.32,119.17,,,,
-69.7,-80.94,119.27,,,,
-69.72,-80.56,119.39,,,,
-69.71,-80.15,119.51,,,,
-69.71,-79.74,119.63,,,,
-69.7,-79.31,119.75,,,,
-69.68,-78.89,119.87,,,,
-69.64,-78.44,119.99,,,,
-69.6,-77.96,120.12,,,,
-69.57,-77.44,120.24,,,,
-69.55,-76.89,120.36,,,,
-69.53,-76.36,120.49,,,,
-69.55,-75.69,120.63,,,,
-69.58,-75.16,120.76,,,,
-69.59,-74.58,120.89,,,,
-69.6,-73.96,121.01,,,,
-69.6,-73.39,121.13,,,,
-69.6,-72.79,121.26,,,,
-69.6,-72.18,121.37,,,,
-69.6,-71.55,121.48,,,,
-69.61,-70.93,121.58,,,,
-69.6,-70.28,121.68,,,,
-69.61,-69.65,121.79,,,,
-69.62,-68.99,121.9,,,,
-69.63,-68.34,122,,,,
-69.64,-67.66,122.1,,,,
-69.67,-66.97,122.2,,,,
-69.68,-66.26,122.31,,,,
-69.71,-65.51,122.41,,,,
-69.74,-64.76,122.51,,,,
-69.78,-64.05,122.59,,,,
-69.82,-63.29,122.68,,,,
-69.87,-62.54,122.76,,,,
-69.92,-61.77,122.84,,,,
-69.99,-61,122.94,,,,
-70.06,-60.05,123.04,,,,
-70.15,-58.94,123.09,,,,
-70.23,-58.95,123.14,,,,
-70.3,-59.14,123.2,,,,
-70.34,-59.28,123.26,,,,
-70.36,-59.49,123.33,,,,
-70.38,-59.7,123.41,,,,
-70.39,-59.95,123.48,,,,
-70.39,-60.2,123.51,,,,
-70.4,-60.45,123.55,,,,
-70.41,-60.76,123.59,,,,
-70.4,-61.07,123.6,,,,
-70.39,-61.36,123.62,,,,
-70.36,-61.67,123.63,,,,
-70.33,-61.99,123.63,,,,
-70.29,-62.32,123.64,,,,
-70.25,-62.64,123.64,,,,
-70.2,-62.98,123.64,,,,
-70.15,-63.33,123.64,,,,
-70.11,-63.68,123.63,,,,
-70.06,-64.05,123.62,,,,
-70.02,-64.42,123.59,,,,
-69.97,-64.78,123.56,,,,
-69.91,-65.15,123.54,,,,
-69.85,-65.54,123.53,,,,
-69.79,-65.93,123.48,,,,
-69.76,-66.33,123.43,,,,
-69.73,-66.73,123.39,,,,
-69.71,-67.12,123.36,,,,
-69.68,-67.56,123.3,,,,
-69.65,-67.98,123.25,,,,
-69.6,-68.43,123.23,,,,
-69.55,-68.9,123.21,,,,
-69.49,-69.38,123.19,,,,
-69.44,-69.9,123.17,,,,
-69.4,-70.43,123.13,,,,
-69.37,-70.98,123.09,,,,
-69.33,-71.52,123.08,,,,
-69.3,-72.07,123.06,,,,
-69.26,-72.62,123.04,,,,
-69.23,-73.18,123.02,,,,
-69.19,-73.74,123.01,,,,
-69.15,-74.32,122.99,,,,
-69.13,-74.93,122.98,,,,
-69.12,-75.56,122.99,,,,
-69.11,-76.18,122.98,,,,
-69.13,-76.83,122.97,,,,
-69.16,-77.48,123.02,,,,
-69.2,-78.11,123.07,,,,
-69.25,-78.73,123.1,,,,
-69.31,-79.37,123.14,,,,
-69.38,-79.98,123.17,,,,
-69.45,-80.54,123.2,,,,
-69.54,-80.96,123.27,,,,
-69.63,-81.23,123.35,,,,
-69.72,-81.3,123.41,,,,
-69.79,-81.31,123.48,,,,
-69.85,-81.11,123.57,,,,
-69.89,-80.89,123.66,,,,
-69.91,-80.66,123.76,,,,
-69.9,-80.41,123.86,,,,
-69.88,-80.13,123.94,,,,
-69.85,-79.83,124.03,,,,
-69.81,-79.5,124.12,,,,
-69.75,-79.14,124.22,,,,
-69.69,-78.75,124.33,,,,
-69.63,-78.32,124.43,,,,
-69.57,-77.86,124.53,,,,
-69.52,-77.38,124.63,,,,
-69.48,-76.86,124.72,,,,
-69.44,-76.33,124.83,,,,
-69.41,-75.79,124.93,,,,
-69.38,-75.2,125.03,,,,
-69.36,-74.59,125.14,,,,
-69.34,-73.96,125.26,,,,
-69.34,-73.29,125.34,,,,
-69.34,-72.62,125.42,,,,
-69.35,-71.88,125.49,,,,
-69.38,-71.13,125.56,,,,
-69.41,-70.29,125.68,,,,
-69.48,-69.42,125.81,,,,
-69.54,-68.48,125.9,,,,
-69.62,-67.44,125.99,,,,
-69.69,-66.21,126.07,,,,
-69.76,-64.63,126.15,,,,
-69.81,-63.02,126.21,,,,
-69.86,-63.27,126.27,,,,
-69.89,-63.54,126.32,,,,
-69.88,-63.75,126.37,,,,
-69.86,-63.98,126.44,,,,
-69.82,-64.2,126.51,,,,
-69.77,-64.45,126.59,,,,
-69.71,-64.72,126.66,,,,
-69.65,-65.02,126.71,,,,
-69.58,-65.37,126.77,,,,
-69.52,-65.73,126.76,,,,
-69.47,-66.12,126.75,,,,
-69.43,-66.52,126.78,,,,
-69.42,-66.93,126.82,,,,
-69.41,-67.34,126.87,,,,
-69.42,-67.75,126.92,,,,
-69.41,-68.13,126.93,,,,
-69.39,-68.5,126.93,,,,
-69.36,-68.88,126.91,,,,
-69.33,-69.26,126.89,,,,
-69.29,-69.63,126.92,,,,
-69.25,-70.02,126.95,,,,
-69.21,-70.41,126.97,,,,
-69.17,-70.83,127,,,,
-69.15,-71.26,126.99,,,,
-69.12,-71.71,126.98,,,,
-69.09,-72.16,127,,,,
-69.07,-72.63,127.01,,,,
-69.05,-73.13,127.03,,,,
-69.02,-73.62,127.04,,,,
-69,-74.13,127.07,,,,
-68.99,-74.64,127.1,,,,
-68.99,-75.18,127.1,,,,
-69.01,-73.86,127.11,,,,
-69.03,-74.42,127.13,,,,
-69.06,-73.09,127.15,,,,
-69.09,-71.77,127.17,,,,
-69.13,-72.35,127.18,,,,
-69.16,-71.05,127.24,,,,
-69.21,-69.75,127.3,,,,
-69.25,-68.52,127.31,,,,
-69.3,-67.36,127.33,,,,
-69.34,-66.21,127.34,,,,
-69.25,-65.92,127.36,,,,
-69.16,-64.93,127.38,,,,
-69.24,-65.5,127.4,,,,
-69.25,-64.91,127.42,,,,
-69.21,-64.12,127.44,,,,
-69.2,-63.51,127.45,,,,
-69.16,-62.79,127.47,,,,
-69.13,-62.06,127.46,,,,
-69.12,-61.34,127.45,,,,
-69.11,-60.62,127.46,,,,
-69.1,-59.88,127.48,,,,
-69.1,-59.17,127.49,,,,
-69.09,-58.46,127.5,,,,
-69.09,-57.78,127.53,,,,
-69.08,-57.06,127.57,,,,
-69.09,-56.36,127.57,,,,
-69.11,-55.64,127.56,,,,
-69.13,-54.94,127.57,,,,
-69.15,-54.26,127.57,,,,
-69.18,-53.61,127.6,,,,
-69.19,-52.98,127.62,,,,
-69.22,-52.39,127.61,,,,
-69.23,-51.77,127.6,,,,
-69.23,-51.15,127.63,,,,
-69.24,-50.54,127.66,,,,
-69.25,-49.93,127.69,,,,
-69.28,-49.29,127.72,,,,
-69.3,-48.62,127.74,,,,
-69.33,-47.92,127.77,,,,
-69.38,-47.22,127.78,,,,
-69.42,-46.49,127.8,,,,
-69.46,-45.76,127.82,,,,
-69.51,-45.04,127.84,,,,
-69.57,-44.22,127.88,,,,
-69.65,-43.29,127.93,,,,
-69.74,-42.04,127.94,,,,
-69.82,-40.91,127.95,,,,
-69.9,-39.74,128,,,,
-69.98,-40.28,128.03,,,,
-70.04,-40.81,128.05,,,,
-70.09,-41.32,128.07,,,,
-70.11,-41.78,128.08,,,,
-70.13,-42.25,128.08,,,,
-70.14,-42.72,128.06,,,,
-70.14,-43.2,128.04,,,,
-70.13,-43.72,128.01,,,,
-70.11,-44.26,127.99,,,,
-70.09,-44.79,127.99,,,,
-70.05,-45.33,127.99,,,,
-70.01,-45.9,128.01,,,,
-69.98,-46.47,128.03,,,,
-69.96,-47.06,128.06,,,,
-69.94,-47.68,128.1,,,,
-69.94,-48.28,128.14,,,,
-69.95,-48.91,128.19,,,,
-69.96,-49.53,128.17,,,,
-69.97,-50.12,128.15,,,,
-69.97,-50.74,128.16,,,,
-69.97,-51.35,128.17,,,,
-69.96,-51.97,128.16,,,,
-69.94,-52.6,128.15,,,,
-69.93,-53.22,128.16,,,,
-69.91,-53.89,128.17,,,,
-69.9,-54.58,128.19,,,,
-69.89,-55.28,128.2,,,,
-69.88,-56.04,128.23,,,,
-69.89,-56.78,128.26,,,,
-69.9,-57.55,128.27,,,,
-69.95,-58.29,128.28,,,,
-70.01,-59.06,128.29,,,,
-70.08,-59.83,128.3,,,,
-70.16,-60.71,128.32,,,,
-70.26,-61.27,128.34,,,,
-70.34,-60.44,128.37,,,,
-70.43,-60.17,128.4,,,,
-70.51,-59.77,128.43,,,,
-70.6,-59.1,128.46,,,,
-70.67,-58.24,128.48,,,,
-70.75,-59.1,128.5,,,,
-70.83,-58.2,128.53,,,,
-70.91,-58.71,128.57,,,,
-70.99,-58.51,128.62,,,,
-71.06,-58.31,128.67,,,,
-71.12,-58.06,128.72,,,,
-71.18,-57.85,128.77,,,,
-71.23,-57.6,128.8,,,,
-71.28,-57.31,128.82,,,,
-71.32,-56.99,128.86,,,,
-71.36,-56.71,128.89,,,,
-71.41,-56.41,128.93,,,,
-71.44,-56.05,128.97,,,,
-71.47,-55.73,129.01,,,,
-71.49,-55.37,129.05,,,,
-71.52,-54.98,129.09,,,,
-71.55,-54.54,129.13,,,,
-71.59,-54.1,129.18,,,,
-71.63,-53.63,129.22,,,,
-71.7,-53.21,129.25,,,,
-71.76,-52.81,129.28,,,,
-71.83,-52.36,129.29,,,,
-71.89,-52.03,129.31,,,,
-71.95,-51.58,129.33,,,,
-72,-51.19,129.34,,,,
-72.06,-50.78,129.36,,,,
-72.11,-50.43,129.38,,,,
-72.16,-50.06,129.39,,,,
-72.22,-49.75,129.41,,,,
-72.27,-49.45,129.42,,,,
-72.31,-49.1,129.43,,,,
-72.35,-48.78,129.43,,,,
-72.4,-48.46,129.42,,,,
-72.44,-48.15,129.41,,,,
-72.47,-47.76,129.4,,,,
-72.5,-47.35,129.39,,,,
-72.53,-46.94,129.38,,,,
-72.57,-46.52,129.36,,,,
-72.63,-46.15,129.34,,,,
-72.68,-45.75,129.29,,,,
-72.74,-45.32,129.25,,,,
-72.79,-44.93,129.23,,,,
-72.85,-44.63,129.21,,,,
-72.91,-44.46,129.18,,,,
-72.97,-44.49,129.14,,,,
-73.03,-44.66,129.09,,,,
-73.08,-44.84,129.05,,,,
-73.12,-44.98,129,,,,
-73.14,-45.19,128.95,,,,
-73.16,-45.43,128.9,,,,
-73.19,-45.64,128.85,,,,
-73.22,-45.79,128.8,,,,
-73.27,-46.03,128.76,,,,
-73.3,-46.23,128.7,,,,
-73.34,-46.46,128.65,,,,
-73.37,-46.64,128.59,,,,
-73.41,-46.78,128.53,,,,
-73.44,-46.92,128.49,,,,
-73.47,-47.12,128.45,,,,
-73.51,-47.27,128.41,,,,
-73.54,-47.45,128.37,,,,
-73.58,-47.68,128.32,,,,
-73.61,-47.96,128.27,,,,
-73.61,-48.25,128.24,,,,
-73.61,-48.56,128.21,,,,
-73.62,-48.78,128.18,,,,
-73.62,-49.04,128.15,,,,
-73.61,-49.35,128.11,,,,
-73.59,-49.67,128.08,,,,
-73.57,-50.02,128.04,,,,
-73.55,-50.42,128,,,,
-73.56,-50.82,127.97,,,,
-73.57,-51.23,127.93,,,,
-73.59,-51.62,127.89,,,,
-73.62,-52.02,127.86,,,,
-73.65,-52.44,127.82,,,,
-73.68,-52.85,127.78,,,,
-73.73,-53.27,127.76,,,,
-73.77,-53.64,127.73,,,,
-73.8,-54.07,127.71,,,,
-73.84,-54.48,127.68,,,,
-73.86,-54.83,127.64,,,,
-73.88,-55.24,127.6,,,,
-73.89,-55.72,127.57,,,,
-73.9,-56.13,127.55,,,,
-73.9,-56.59,127.53,,,,
-73.91,-57.01,127.52,,,,
-73.91,-57.44,127.51,,,,
-73.92,-57.88,127.5,,,,
-73.92,-58.3,127.46,,,,
-73.91,-58.8,127.43,,,,
-73.9,-59.27,127.41,,,,
-73.89,-59.76,127.39,,,,
-73.88,-60.26,127.38,,,,
-73.88,-60.76,127.36,,,,
-73.88,-61.29,127.34,,,,
-73.87,-61.78,127.31,,,,
-73.86,-62.32,127.29,,,,
-73.84,-62.79,127.26,,,,
-73.83,-63.36,127.25,,,,
-73.82,-63.92,127.24,,,,
-73.81,-64.44,127.21,,,,
-73.79,-65.01,127.18,,,,
-73.78,-65.57,127.16,,,,
-73.76,-66.1,127.14,,,,
-73.75,-66.69,127.15,,,,
-73.74,-67.29,127.13,,,,
-73.74,-67.89,127.12,,,,
-73.73,-68.53,127.1,,,,
-73.72,-69.1,127.1,,,,
-73.72,-69.73,127.1,,,,
-73.7,-70.31,127.12,,,,
-73.7,-70.92,127.14,,,,
-73.69,-71.54,127.15,,,,
-73.68,-72.16,127.15,,,,
-73.68,-72.78,127.2,,,,
-73.68,-73.44,127.22,,,,
-73.68,-74.09,127.24,,,,
-73.68,-74.73,127.26,,,,
-73.7,-75.37,127.29,,,,
-73.71,-76.04,127.33,,,,
-73.74,-76.71,127.37,,,,
-73.77,-77.37,127.43,,,,
-73.82,-78.09,127.5,,,,
-73.87,-77.02,127.57,,,,
-73.93,-77.71,127.62,,,,
-73.99,-76.96,127.67,,,,
-74.04,-76.36,127.71,,,,
-74.07,-75.87,127.75,,,,
-74.11,-75.42,127.82,,,,
-74.13,-74.93,127.88,,,,
-74.17,-74.48,127.94,,,,
-74.19,-74.03,128.04,,,,
-74.23,-73.55,128.13,,,,
-74.26,-73.06,128.23,,,,
-74.3,-72.56,128.29,,,,
-74.33,-72.06,128.34,,,,
-74.37,-71.52,128.4,,,,
-74.41,-71.02,128.45,,,,
-74.44,-70.51,128.53,,,,
-74.48,-70,128.6,,,,
-74.5,-69.49,128.68,,,,
-74.53,-68.98,128.74,,,,
-74.55,-68.47,128.79,,,,
-74.58,-67.95,128.84,,,,
-74.59,-67.45,128.92,,,,
-74.61,-66.94,129,,,,
-74.62,-66.38,129.08,,,,
-74.64,-65.86,129.17,,,,
-74.64,-65.3,129.26,,,,
-74.66,-64.76,129.35,,,,
-74.67,-64.19,129.43,,,,
-74.68,-63.58,129.51,,,,
-74.7,-62.97,129.59,,,,
-74.72,-62.36,129.66,,,,
-74.74,-61.75,129.75,,,,
-74.76,-61.1,129.83,,,,
-74.79,-60.42,129.88,,,,
-74.82,-59.77,129.95,,,,
-74.85,-59.11,130.02,,,,
-74.88,-58.46,130.08,,,,
-74.9,-57.75,130.13,,,,
-74.92,-57.05,130.18,,,,
-74.94,-56.36,130.27,,,,
-74.95,-55.69,130.37,,,,
-74.96,-55.01,130.44,,,,
-74.96,-54.35,130.51,,,,
-74.97,-53.68,130.59,,,,
-74.97,-53.04,130.67,,,,
-74.97,-52.4,130.75,,,,
-74.97,-51.68,130.84,,,,
-74.98,-50.91,130.9,,,,
-74.98,-50.18,130.98,,,,
-74.98,-49.43,131.05,,,,
-74.98,-48.66,131.11,,,,
-74.99,-47.9,131.17,,,,
-75,-47.06,131.23,,,,
-75.01,-46.25,131.27,,,,
-75.03,-45.41,131.31,,,,
-75.05,-44.49,131.38,,,,
-75.07,-43.55,131.46,,,,
-75.09,-42.57,131.54,,,,
-75.11,-41.62,131.62,,,,
-75.12,-40.66,131.68,,,,
-75.16,-39.69,131.7,,,,
-75.19,-38.67,131.72,,,,
-75.22,-37.65,131.73,,,,
-75.25,-36.6,131.78,,,,
-75.28,-35.48,131.83,,,,
-75.31,-34.39,131.86,,,,
-75.34,-33.28,131.89,,,,
-75.36,-32.15,131.91,,,,
-75.38,-31.01,131.92,,,,
-75.38,-29.75,131.95,,,,
-75.39,-28.46,131.9,,,,
-75.39,-27.13,131.86,,,,
-75.36,-25.78,131.82,,,,
-75.34,-24.45,131.76,,,,
-75.3,-25.04,131.7,,,,
-75.28,-25.64,131.62,,,,
-75.25,-24.36,131.52,,,,
-75.23,-23.09,131.42,,,,
-75.21,-23.72,131.32,,,,
-75.19,-22.46,131.25,,,,
-75.17,-23.1,131.14,,,,
-75.13,-23.72,131.03,,,,
-75.11,-22.45,130.91,,,,
-75.07,-23.09,130.81,,,,
-75.03,-23.7,130.71,,,,
-74.99,-24.32,130.62,,,,
-74.95,-24.96,130.48,,,,
-74.9,-25.57,130.34,,,,
-74.85,-26.19,130.2,,,,
-74.81,-26.82,130.06,,,,
-74.77,-27.45,129.91,,,,
-74.74,-28.13,129.77,,,,
-74.71,-28.81,129.63,,,,
-74.69,-29.49,129.51,,,,
-74.67,-30.17,129.39,,,,
-74.65,-30.83,129.27,,,,
-74.63,-31.49,129.13,,,,
-74.6,-32.13,129,,,,
-74.57,-32.79,128.87,,,,
-74.55,-33.42,128.72,,,,
-74.53,-34.05,128.58,,,,
-74.52,-34.71,128.45,,,,
-74.51,-35.33,128.32,,,,
-74.49,-36.01,128.18,,,,
-74.48,-36.65,128.05,,,,
-74.48,-37.28,127.92,,,,
-74.48,-37.92,127.82,,,,
-74.47,-38.58,127.72,,,,
-74.47,-39.21,127.62,,,,
-74.46,-39.81,127.5,,,,
-74.45,-40.43,127.39,,,,
-74.45,-41.03,127.28,,,,
-74.43,-41.6,127.19,,,,
-74.41,-42.18,127.11,,,,
-74.39,-42.82,127.03,,,,
-74.38,-43.41,126.95,,,,
-74.36,-44,126.9,,,,
-74.35,-44.58,126.84,,,,
-74.34,-45.19,126.79,,,,
-74.31,-45.77,126.73,,,,
-74.29,-46.38,126.68,,,,
-74.27,-46.97,126.61,,,,
-74.25,-47.55,126.58,,,,
-74.24,-48.17,126.55,,,,
-74.22,-48.77,126.52,,,,
-74.19,-49.38,126.49,,,,
-74.16,-50.02,126.46,,,,
-74.15,-50.65,126.45,,,,
-74.13,-51.29,126.44,,,,
-74.14,-51.91,126.42,,,,
-74.15,-52.52,126.41,,,,
-74.18,-53.14,126.39,,,,
-74.2,-53.79,126.38,,,,
-74.23,-54.39,126.38,,,,
-74.26,-55.01,126.38,,,,
-74.29,-55.61,126.4,,,,
-74.33,-56.27,126.43,,,,
-74.37,-56.91,126.44,,,,
-74.41,-57.57,126.47,,,,
-74.45,-58.23,126.51,,,,
-74.49,-58.9,126.55,,,,
-74.53,-59.6,126.59,,,,
-74.57,-60.28,126.62,,,,
-74.62,-61.09,126.64,,,,
-74.68,-61.94,126.67,,,,
-74.73,-62.71,126.71,,,,
-74.78,-61.71,126.75,,,,
-74.84,-60.81,126.79,,,,
-74.9,-59.91,126.86,,,,
-74.95,-59.06,126.93,,,,
-75.01,-58.36,127,,,,
-75.07,-57.43,127.07,,,,
-75.12,-56.71,127.13,,,,
-75.18,-56.13,127.18,,,,
-75.22,-55.7,127.25,,,,
-75.26,-55.26,127.32,,,,
-75.3,-54.85,127.38,,,,
-75.33,-54.41,127.44,,,,
-75.35,-53.98,127.53,,,,
-75.38,-53.51,127.61,,,,
-75.4,-53.04,127.69,,,,
-75.42,-52.51,127.75,,,,
-75.44,-52.03,127.81,,,,
-75.45,-51.54,127.88,,,,
-75.47,-51.06,127.95,,,,
-75.49,-50.6,128.01,,,,
-75.5,-50.05,128.07,,,,
-75.51,-49.52,128.13,,,,
-75.53,-49,128.2,,,,
-75.56,-48.46,128.26,,,,
-75.58,-47.94,128.33,,,,
-75.6,-47.45,128.4,,,,
-75.61,-46.93,128.47,,,,
-75.62,-46.47,128.56,,,,
-75.63,-46.01,128.63,,,,
-75.63,-45.55,128.71,,,,
-75.59,-45.05,128.78,,,,
-75.6,-44.46,128.85,,,,
-75.64,-43.63,128.91,,,,
-75.69,-43.03,128.98,,,,
-75.71,-42.4,129.06,,,,
-75.75,-41.79,129.14,,,,
-75.78,-41.19,129.22,,,,
-75.8,-40.46,129.29,,,,
-75.83,-39.64,129.36,,,,
-75.88,-38.55,129.44,,,,
-75.92,-37.63,129.51,,,,
-75.95,-36.68,129.58,,,,
-75.99,-35.76,129.65,,,,
-76.02,-34.9,129.71,,,,
-76.07,-34.07,129.77,,,,
-76.11,-33.22,129.82,,,,
-76.14,-32.44,129.88,,,,
-76.18,-31.66,129.94,,,,
-76.23,-30.83,130.01,,,,
-76.27,-30.05,130.07,,,,
-76.33,-29.16,130.12,,,,
-76.38,-28.31,130.16,,,,
-76.43,-27.41,130.2,,,,
-76.47,-26.41,130.26,,,,
-76.51,-25.41,130.29,,,,
-76.55,-24.39,130.32,,,,
-76.58,-23.29,130.35,,,,
-76.62,-22.3,130.4,,,,
-76.67,-21.45,130.43,,,,
-76.7,-20.54,130.47,,,,
-76.75,-19.64,130.51,,,,
-76.79,-18.93,130.55,,,,
-76.84,-18.19,130.58,,,,
-76.89,-17.48,130.6,,,,
-76.94,-16.44,130.62,,,,
-76.98,-15.57,130.64,,,,
-77.03,-14.84,130.65,,,,
-77.07,-13.97,130.68,,,,
-77.12,-13.16,130.69,,,,
-77.16,-12.37,130.69,,,,
-77.22,-11.56,130.69,,,,
-77.27,-10.71,130.69,,,,
-77.32,-9.8,130.69,,,,
-77.37,-8.77,130.68,,,,
-77.42,-7.9,130.66,,,,
-77.48,-8.34,130.65,,,,
-77.55,-7.72,130.63,,,,
-77.61,-7.58,130.6,,,,
-77.66,-7.29,130.57,,,,
-77.72,-7.18,130.54,,,,
-77.77,-7.12,130.51,,,,
-77.82,-7.03,130.48,,,,
-77.88,-6.91,130.45,,,,
-77.92,-7.02,130.41,,,,
-77.97,-6.75,130.35,,,,
-78.01,-6.73,130.29,,,,
-78.04,-6.55,130.23,,,,
-78.08,-6.51,130.16,,,,
-78.11,-6.28,130.09,,,,
-78.14,-6.1,130.02,,,,
-78.17,-5.92,129.94,,,,
-78.21,-5.79,129.87,,,,
-78.25,-5.76,129.8,,,,
-78.3,-5.87,129.73,,,,
-78.32,-6.07,129.64,,,,
-78.35,-6.4,129.56,,,,
-78.38,-6.69,129.46,,,,
-78.41,-6.74,129.36,,,,
-78.44,-7.04,129.26,,,,
-78.48,-7.36,129.17,,,,
-78.51,-7.63,129.07,,,,
-78.53,-7.98,128.98,,,,
-78.55,-8.35,128.87,,,,
-78.58,-8.68,128.77,,,,
-78.59,-8.95,128.67,,,,
-78.62,-9.34,128.56,,,,
-78.63,-9.78,128.46,,,,
-78.66,-10.1,128.36,,,,
-78.68,-10.49,128.27,,,,
-78.69,-10.86,128.15,,,,
-78.71,-11.28,128.05,,,,
-78.72,-11.72,127.95,,,,
-78.72,-12.19,127.85,,,,
-78.72,-12.63,127.76,,,,
-78.72,-13.09,127.66,,,,
-78.73,-13.46,127.57,,,,
-78.75,-13.91,127.48,,,,
-78.76,-14.34,127.39,,,,
-78.76,-14.8,127.3,,,,
-78.77,-15.3,127.22,,,,
-78.78,-15.68,127.13,,,,
-78.81,-16.04,127.05,,,,
-78.82,-16.51,126.98,,,,
-78.85,-16.93,126.9,,,,
-78.86,-17.43,126.83,,,,
-78.86,-17.88,126.76,,,,
-78.86,-18.4,126.69,,,,
-78.85,-18.9,126.61,,,,
-78.83,-19.41,126.56,,,,
-78.81,-19.95,126.5,,,,
-78.78,-20.5,126.44,,,,
-78.73,-21.02,126.38,,,,
-78.69,-21.63,126.33,,,,
-78.65,-22.21,126.27,,,,
-78.61,-22.8,126.22,,,,
-78.59,-23.43,126.19,,,,
-78.56,-24.09,126.15,,,,
-78.52,-24.71,126.12,,,,
-78.5,-25.36,126.1,,,,
-78.48,-26.03,126.08,,,,
-78.45,-26.67,126.06,,,,
-78.42,-27.29,126.01,,,,
-78.4,-27.96,125.97,,,,
-78.37,-28.59,125.93,,,,
-78.35,-29.24,125.88,,,,
-78.33,-29.94,125.84,,,,
-78.31,-30.6,125.83,,,,
-78.27,-31.33,125.82,,,,
-78.24,-32.02,125.8,,,,
-78.21,-32.77,125.79,,,,
-78.17,-33.45,125.78,,,,
-78.14,-34.19,125.77,,,,
-78.1,-34.94,125.76,,,,
-78.06,-35.69,125.75,,,,
-78.02,-36.44,125.74,,,,
-77.97,-37.24,125.73,,,,
-77.93,-38.05,125.73,,,,
-77.9,-38.88,125.73,,,,
-77.86,-39.68,125.73,,,,
-77.82,-40.47,125.72,,,,
-77.77,-41.28,125.71,,,,
-77.73,-42.09,125.72,,,,
-77.69,-42.9,125.73,,,,
-77.65,-43.71,125.75,,,,
-77.62,-44.53,125.78,,,,
-77.59,-45.36,125.81,,,,
-77.56,-46.19,125.83,,,,
-77.53,-47.07,125.86,,,,
-77.51,-47.96,125.9,,,,
-77.49,-48.87,125.93,,,,
-77.48,-47.89,125.96,,,,
-77.46,-46.94,126,,,,
-77.46,-46.11,126.06,,,,
-77.47,-45.26,126.11,,,,
-77.47,-44.42,126.17,,,,
-77.48,-43.63,126.24,,,,
-77.5,-42.97,126.3,,,,
-77.52,-42.38,126.36,,,,
-77.53,-41.82,126.41,,,,
-77.55,-41.27,126.47,,,,
-77.57,-40.71,126.55,,,,
-77.58,-40.22,126.64,,,,
-77.59,-39.77,126.73,,,,
-77.6,-39.36,126.82,,,,
-77.61,-38.97,126.89,,,,
-77.61,-38.56,126.96,,,,
-77.62,-38.13,127.05,,,,
-77.62,-37.72,127.13,,,,
-77.64,-37.35,127.23,,,,
-77.65,-36.93,127.33,,,,
-77.66,-36.48,127.39,,,,
-77.67,-36.04,127.45,,,,
-77.68,-35.62,127.53,,,,
-77.68,-35.21,127.61,,,,
-77.55,-34.88,127.69,,,,
-77.56,-33.82,127.77,,,,
-77.61,-32.93,127.84,,,,
-77.61,-32.14,127.91,,,,
-77.66,-31.33,127.99,,,,
-77.7,-30.8,128.07,,,,
-77.72,-30.3,128.15,,,,
-77.75,-29.89,128.24,,,,
-77.78,-29.48,128.33,,,,
-77.82,-29.05,128.4,,,,
-77.85,-28.65,128.49,,,,
-77.87,-28.32,128.58,,,,
-77.88,-28.01,128.66,,,,
-77.9,-27.62,128.75,,,,
-77.94,-27.4,128.83,,,,
-77.96,-26.92,128.91,,,,
-78.02,-27.19,129,,,,
-78.06,-26.53,129.08,,,,
-78.11,-27,129.16,,,,
-78.17,-26.3,129.24,,,,
-78.22,-25.66,129.32,,,,
-78.27,-25.72,129.39,,,,
-78.32,-25.3,129.48,,,,
-78.36,-24.75,129.57,,,,
-78.4,-24.23,129.64,,,,
-78.46,-23.77,129.71,,,,
-78.51,-23.4,129.79,,,,
-78.55,-22.98,129.87,,,,
-78.59,-22.18,129.94,,,,
-78.65,-22.49,130,,,,
-78.7,-21.78,130.08,,,,
-78.75,-21.67,130.17,,,,
-78.79,-21.06,130.26,,,,
-78.83,-20.39,130.34,,,,
-78.86,-19.57,130.4,,,,
-78.9,-18.94,130.46,,,,
-78.92,-18.33,130.53,,,,
-78.94,-17.59,130.59,,,,
-78.97,-16.93,130.67,,,,
-78.98,-16.39,130.74,,,,
-79,-15.83,130.78,,,,
-79.02,-15.33,130.82,,,,
-79.02,-14.79,130.91,,,,
-79.02,-14.23,130.99,,,,
-79.03,-13.69,131.06,,,,
-79.04,-13.18,131.13,,,,
-79.04,-12.65,131.2,,,,
-79.05,-12.16,131.27,,,,
-79.04,-11.7,131.32,,,,
-79.04,-11.21,131.37,,,,
-79.03,-10.76,131.44,,,,
-79.02,-10.34,131.52,,,,
-78.98,-9.93,131.59,,,,
-78.93,-9.56,131.67,,,,
-78.89,-9.13,131.73,,,,
-78.84,-8.7,131.79,,,,
-78.8,-8.25,131.86,,,,
-78.76,-7.8,131.93,,,,
-78.72,-7.32,132.01,,,,
-78.67,-6.81,132.08,,,,
-78.63,-6.34,132.14,,,,
-78.61,-5.84,132.2,,,,
-78.59,-5.28,132.25,,,,
-78.59,-4.68,132.3,,,,
-78.6,-4.08,132.36,,,,
-78.62,-3.42,132.43,,,,
-78.65,-2.63,132.49,,,,
-78.69,-1.82,132.52,,,,
-78.71,-0.82,132.55,,,,
-78.74,0.18,132.59,,,,
-78.76,1.29,132.62,,,,
-78.79,2.4,132.65,,,,
-78.8,1.75,132.68,,,,
-78.81,1.17,132.71,,,,
-78.81,0.64,132.73,,,,
-78.8,0.07,132.73,,,,
-78.78,-0.45,132.73,,,,
-78.76,-0.97,132.74,,,,
-78.74,-1.45,132.75,,,,
-78.72,-1.91,132.71,,,,
-78.71,-2.33,132.68,,,,
-78.7,-2.72,132.67,,,,
-78.69,-3.13,132.66,,,,
-78.68,-3.54,132.64,,,,
-78.67,-3.96,132.62,,,,
-78.64,-4.39,132.57,,,,
-78.62,-4.81,132.52,,,,
-78.57,-5.23,132.46,,,,
-78.51,-5.68,132.4,,,,
-78.45,-6.11,132.32,,,,
-78.38,-6.58,132.24,,,,
-78.28,-7.07,132.16,,,,
-78.17,-7.58,132.08,,,,
-78.06,-8.13,132,,,,
-77.95,-8.68,131.92,,,,
-77.85,-9.26,131.81,,,,
-77.75,-9.84,131.71,,,,
-77.67,-10.42,131.59,,,,
-77.58,-11.01,131.48,,,,
-77.49,-11.61,131.34,,,,
-77.41,-12.2,131.22,,,,
-77.33,-12.8,131.11,,,,
-77.26,-13.39,130.99,,,,
-77.2,-13.99,130.88,,,,
-77.15,-14.56,130.76,,,,
-77.09,-15.14,130.64,,,,
-77.03,-15.77,130.51,,,,
-76.96,-16.39,130.37,,,,
-76.9,-17.02,130.24,,,,
-76.83,-17.66,130.12,,,,
-76.76,-18.33,130.01,,,,
-76.69,-19.01,129.89,,,,
-76.62,-19.72,129.78,,,,
-76.53,-20.46,129.69,,,,
-76.46,-21.21,129.61,,,,
-76.4,-21.99,129.52,,,,
-76.34,-22.81,129.44,,,,
-76.28,-23.65,129.35,,,,
-76.24,-24.48,129.25,,,,
-76.2,-25.31,129.16,,,,
-76.15,-26.14,129.07,,,,
-76.11,-26.99,128.99,,,,
-76.07,-27.86,128.91,,,,
-76.03,-28.71,128.83,,,,
-76.01,-29.57,128.75,,,,
-75.98,-30.45,128.72,,,,
-75.95,-31.34,128.69,,,,
-75.92,-32.24,128.64,,,,
-75.91,-33.15,128.6,,,,
-75.9,-34.08,128.59,,,,
-75.9,-35.06,128.57,,,,
-75.91,-36.06,128.56,,,,
-75.93,-37.07,128.55,,,,
-75.95,-38.12,128.57,,,,
-75.98,-37.35,128.6,,,,
-76.02,-36.61,128.59,,,,
-76.06,-36.12,128.58,,,,
-76.1,-35.72,128.6,,,,
-76.13,-35.31,128.62,,,,
-76.16,-34.98,128.65,,,,
-76.18,-34.71,128.68,,,,
-76.2,-34.44,128.7,,,,
-76.2,-34.15,128.73,,,,
-76.21,-33.91,128.8,,,,
-76.2,-33.65,128.87,,,,
-76.19,-33.38,128.96,,,,
-76.18,-33.14,129.05,,,,
-76.16,-32.87,129.1,,,,
-76.13,-32.61,129.15,,,,
-76.11,-32.34,129.23,,,,
-76.09,-32.08,129.29,,,,
-76.06,-31.82,129.35,,,,
-76.02,-31.58,129.4,,,,
-75.98,-31.33,129.48,,,,
-75.92,-31.07,129.57,,,,
-75.87,-30.81,129.65,,,,
-75.81,-30.54,129.72,,,,
-75.75,-30.26,129.79,,,,
-75.68,-29.96,129.87,,,,
-75.59,-29.66,129.93,,,,
-75.64,-29.21,129.99,,,,
-75.69,-28.26,130.08,,,,
-75.74,-27.24,130.18,,,,
-75.79,-26.2,130.26,,,,
-75.81,-25.64,130.34,,,,
-75.72,-25.43,130.43,,,,
-75.68,-25.31,130.51,,,,
-75.62,-25.06,130.59,,,,
-75.56,-24.76,130.67,,,,
-75.51,-24.39,130.75,,,,
-75.48,-23.98,130.83,,,,
-75.47,-23.54,130.89,,,,
-75.47,-23.07,130.95,,,,
-75.47,-22.59,131.03,,,,
-75.47,-22.13,131.11,,,,
-75.49,-21.65,131.19,,,,
-75.51,-21.15,131.26,,,,
-75.53,-20.66,131.35,,,,
-75.56,-20.16,131.45,,,,
-75.59,-19.65,131.52,,,,
-75.62,-19.11,131.59,,,,
-75.65,-18.52,131.64,,,,
-75.69,-17.98,131.69,,,,
-75.73,-17.42,131.73,,,,
-75.78,-16.83,131.78,,,,
-75.83,-16.21,131.81,,,,
-75.9,-15.63,131.85,,,,
-75.95,-14.96,131.88,,,,
-76,-15.31,131.92,,,,
-76.05,-15.61,131.92,,,,
-76.08,-15.94,131.91,,,,
-76.1,-16.23,131.89,,,,
-76.09,-16.56,131.88,,,,
-76.07,-16.89,131.86,,,,
-76.03,-17.27,131.84,,,,
-76,-17.65,131.82,,,,
-75.94,-18.05,131.8,,,,
-75.9,-18.46,131.77,,,,
-75.84,-18.87,131.73,,,,
-75.77,-19.32,131.72,,,,
-75.71,-19.8,131.7,,,,
-75.65,-20.27,131.63,,,,
-75.58,-20.76,131.57,,,,
-75.5,-21.26,131.49,,,,
-75.43,-21.77,131.41,,,,
-75.36,-22.3,131.34,,,,
-75.3,-22.84,131.26,,,,
-75.24,-23.38,131.17,,,,
-75.17,-23.95,131.08,,,,
-75.1,-24.54,131.01,,,,
-75.06,-25.15,130.94,,,,
-75.03,-25.66,130.87,,,,
-75.01,-26.23,130.81,,,,
-74.96,-26.81,130.7,,,,
-74.9,-27.4,130.58,,,,
-74.82,-28.03,130.48,,,,
-74.74,-28.69,130.37,,,,
-74.65,-29.38,130.29,,,,
-74.56,-30.1,130.21,,,,
-74.48,-30.88,130.15,,,,
-74.42,-31.67,130.1,,,,
-74.38,-32.51,130.05,,,,
-74.35,-33.35,129.99,,,,
-74.34,-34.18,129.95,,,,
-74.34,-35.07,129.9,,,,
-74.35,-35.89,129.86,,,,
-74.37,-36.76,129.82,,,,
-74.4,-37.63,129.75,,,,
-74.44,-38.53,129.69,,,,
-74.48,-39.44,129.67,,,,
-74.53,-40.4,129.66,,,,
-74.59,-41.23,129.65,,,,
-74.65,-40.3,129.63,,,,
-74.72,-39.49,129.62,,,,
-74.79,-38.83,129.61,,,,
-74.86,-38.58,129.62,,,,
-74.91,-38.26,129.63,,,,
-74.96,-37.97,129.66,,,,
-75,-37.72,129.68,,,,
-75.04,-37.45,129.69,,,,
-75.06,-37.18,129.74,,,,
-75.09,-36.91,129.78,,,,
-75.1,-36.65,129.83,,,,
-75.11,-36.4,129.87,,,,
-75.1,-36.13,129.91,,,,
-75.08,-35.86,129.95,,,,
-75.05,-35.58,129.99,,,,
-75.01,-35.27,130.04,,,,
-74.97,-34.93,130.08,,,,
-74.94,-34.57,130.13,,,,
-74.94,-34.19,130.18,,,,
-74.95,-33.78,130.21,,,,
-74.95,-33.34,130.24,,,,
-74.96,-32.9,130.3,,,,
-74.96,-32.42,130.35,,,,
-74.97,-31.99,130.39,,,,
-74.97,-31.5,130.43,,,,
-74.99,-31.01,130.47,,,,
-75,-30.5,130.51,,,,
-75.02,-29.92,130.55,,,,
-75.04,-29.35,130.6,,,,
-75.08,-28.59,130.62,,,,
-75.14,-27.71,130.64,,,,
-75.2,-26.78,130.64,,,,
-75.25,-25.76,130.64,,,,
-75.3,-24.69,130.63,,,,
-75.36,-23.48,130.64,,,,
-75.41,-22.33,130.65,,,,
-75.46,-21.1,130.66,,,,
-75.48,-21.7,130.67,,,,
-75.5,-22.27,130.69,,,,
-75.48,-22.83,130.67,,,,
-75.44,-23.36,130.64,,,,
-75.39,-23.85,130.65,,,,
-75.33,-24.33,130.65,,,,
-75.28,-24.81,130.63,,,,
-75.24,-25.32,130.6,,,,
-75.21,-25.86,130.57,,,,
-75.17,-26.41,130.54,,,,
-75.14,-26.95,130.52,,,,
-75.17,-27.51,130.5,,,,
-75.17,-27.69,130.48,,,,
-75.19,-26.49,130.44,,,,
-75.24,-25.28,130.39,,,,
-75.31,-25.84,130.34,,,,
-75.37,-26.26,130.28,,,,
-75.41,-25,130.22,,,,
-75.43,-23.88,130.16,,,,
-75.39,-22.81,130.09,,,,
-75.36,-21.75,130.03,,,,
-75.35,-20.71,129.96,,,,
-75.38,-21.28,129.9,,,,
-75.45,-22.07,129.86,,,,
-75.42,-21.15,129.82,,,,
-75.39,-20.38,129.77,,,,
-75.43,-19.55,129.73,,,,
-75.46,-18.94,129.69,,,,
-75.55,-18.4,129.64,,,,
-75.58,-17.79,129.59,,,,
-75.55,-17.45,129.55,,,,
-75.54,-17.46,129.51,,,,
-75.54,-17.67,129.47,,,,
-75.55,-18.03,129.43,,,,
-75.57,-18.44,129.37,,,,
-75.56,-19.06,129.33,,,,
-75.5,-19.86,129.32,,,,
-75.41,-20.76,129.32,,,,
-75.37,-21.73,129.31,,,,
-75.35,-22.82,129.3,,,,
-75.39,-23.95,129.27,,,,
-75.37,-23.81,129.26,,,,
-75.39,-23.52,129.3,,,,
-75.24,-22.87,129.32,,,,
-75.15,-21.71,129.39,,,,
-75.13,-21.26,129.43,,,,
-75.05,-20.97,129.46,,,,
-75.1,-21.08,129.48,,,,
-75.15,-21.82,129.48,,,,
-75.12,-20.86,129.5,,,,
-75.14,-19.72,129.51,,,,
-75.18,-19.84,129.52,,,,
-75.22,-19.98,129.52,,,,
-75.27,-20.75,129.52,,,,
-75.27,-19.84,129.5,,,,
-75.31,-18.95,129.51,,,,
-75.37,-17.99,129.51,,,,
-75.42,-18.63,129.52,,,,
-75.46,-19.26,129.5,,,,
-75.49,-19.88,129.47,,,,
-75.54,-20.48,129.44,,,,
-75.59,-21.3,129.41,,,,
-75.63,-20.28,129.39,,,,
-75.68,-19.26,129.38,,,,
-75.72,-18.24,129.35,,,,
-75.76,-17.22,129.34,,,,
-75.8,-16.19,129.33,,,,
-75.83,-15.17,129.32,,,,
-75.87,-14.14,129.3,,,,
-75.91,-13.12,129.3,,,,
-75.95,-12.1,129.3,,,,
-75.99,-11.07,129.29,,,,
-76.03,-10.06,129.29,,,,
-76.07,-9.04,129.29,,,,
-76.11,-9.94,129.26,,,,
-76.15,-10.82,129.23,,,,
-76.19,-11.7,129.2,,,,
-76.23,-12.57,129.17,,,,
-76.27,-13.45,129.17,,,,
-76.31,-12.42,129.17,,,,
-76.35,-11.4,129.14,,,,
-76.38,-10.4,129.12,,,,
-76.42,-9.41,129.1,,,,
-76.46,-8.44,129.08,,,,
-76.5,-7.49,129.05,,,,
-76.54,-6.54,129,,,,
-76.57,-5.58,128.95,,,,
-76.61,-4.64,128.9,,,,
-76.65,-3.7,128.87,,,,
-76.69,-2.75,128.85,,,,
-76.72,-1.81,128.83,,,,
-76.76,-0.87,128.86,,,,
-76.8,0.06,128.88,,,,
-76.84,1,128.9,,,,
-76.87,1.93,128.88,,,,
-76.91,2.87,128.87,,,,
-76.95,3.82,128.85,,,,
-76.98,2.85,128.83,,,,
-77.02,1.9,128.79,,,,
-77.05,0.95,128.75,,,,
-77.08,0.01,128.76,,,,
-77.12,-0.92,128.76,,,,
-77.15,-1.87,128.75,,,,
-77.19,-0.89,128.75,,,,
-77.22,0.06,128.69,,,,
-77.26,1,128.66,,,,
-77.29,1.92,128.62,,,,
-77.33,2.85,128.61,,,,
-77.36,3.77,128.61,,,,
-77.39,4.67,128.6,,,,
-77.43,5.56,128.58,,,,
-77.46,6.44,128.58,,,,
-77.5,7.31,128.58,,,,
-77.53,8.19,128.58,,,,
-77.56,9.07,128.61,,,,
-77.59,9.95,128.6,,,,
-77.62,10.84,128.59,,,,
-77.66,11.73,128.54,,,,
-77.69,12.63,128.48,,,,
-77.72,13.52,128.43,,,,
-77.75,14.41,128.42,,,,
-77.78,13.39,128.41,,,,
-77.82,14.26,128.4,,,,
-77.85,15.15,128.39,,,,
-77.88,14.12,128.36,,,,
-77.91,14.93,128.33,,,,
-77.88,15.73,128.31,,,,
-77.91,16.79,128.3,,,,
-77.94,15.95,128.28,,,,
-77.97,15.11,128.27,,,,
-78.01,14.33,128.25,,,,
-78.05,13.61,128.19,,,,
-78.09,12.74,128.13,,,,
-78.13,11.84,128.08,,,,
-78.16,10.96,128.07,,,,
-78.2,10.1,128.07,,,,
-78.23,11.01,128.03,,,,
-78.26,11.89,127.97,,,,
-78.29,12.77,127.92,,,,
-78.32,13.64,127.86,,,,
-78.35,14.52,127.83,,,,
-78.38,15.4,127.8,,,,
-78.41,16.27,127.78,,,,
-78.44,17.1,127.74,,,,
-78.46,17.68,127.7,,,,
-78.48,18.63,127.66,,,,
-78.51,17.72,127.6,,,,
-78.53,18.65,127.58,,,,
-78.56,19.55,127.57,,,,
-78.59,20.5,127.55,,,,
-78.62,21.44,127.51,,,,
-78.66,20.48,127.44,,,,
-78.69,21.42,127.38,,,,
-78.72,20.49,127.33,,,,
-78.75,21.38,127.29,,,,
-78.77,22.21,127.24,,,,
-78.8,23.02,127.2,,,,
-78.82,23.85,127.14,,,,
-78.84,24.72,127.08,,,,
-78.87,25.54,127.03,,,,
-78.89,26.41,126.96,,,,
-78.91,27.28,126.93,,,,
-78.93,28.11,126.91,,,,
-78.96,28.93,126.88,,,,
-78.99,29.76,126.85,,,,
-79.02,28.67,126.83,,,,
-79.04,27.61,126.79,,,,
-79.06,26.57,126.76,,,,
-79.08,25.54,126.73,,,,
-79.1,24.52,126.68,,,,
-79.11,23.5,126.63,,,,
-79.13,22.46,126.59,,,,
-79.15,21.4,126.53,,,,
-79.18,22.23,126.49,,,,
-79.2,23.02,126.45,,,,
-79.23,23.8,126.42,,,,
-79.25,24.58,126.36,,,,
-79.27,25.37,126.33,,,,
-79.29,26.16,126.29,,,,
-79.31,26.95,126.24,,,,
-79.33,27.74,126.19,,,,
-79.35,28.51,126.14,,,,
-79.37,29.27,126.11,,,,
-79.39,30.01,126.05,,,,
-79.41,30.73,125.99,,,,
-79.44,31.46,125.94,,,,
-79.47,32.19,125.89,,,,
-79.46,31.13,125.84,,,,
-79.43,30.08,125.8,,,,
-79.45,29.08,125.76,,,,
-79.5,29.74,125.72,,,,
-79.54,30.09,125.68,,,,
-79.58,30.64,125.66,,,,
-79.61,31.43,125.63,,,,
-79.63,32.22,125.65,,,,
-79.66,33.01,125.66,,,,
-79.68,33.79,125.67,,,,
-79.7,34.57,125.64,,,,
-79.72,35.32,125.63,,,,
-79.74,36.04,125.62,,,,
-79.75,36.79,125.56,,,,
-79.77,37.59,125.5,,,,
-79.8,36.48,125.44,,,,
-79.82,35.36,125.4,,,,
-79.84,36.11,125.36,,,,
-79.86,36.82,125.32,,,,
-79.88,37.58,125.28,,,,
-79.9,38.32,125.23,,,,
-79.93,39.03,125.17,,,,
-79.95,39.74,125.12,,,,
-79.96,40.46,125.06,,,,
-79.98,41.19,125.01,,,,
-80,41.93,124.95,,,,
-80.02,42.66,124.94,,,,
-80.04,43.39,124.86,,,,
-80.06,42.21,124.78,,,,
-80.08,41.04,124.7,,,,
-80.09,41.78,124.67,,,,
-80.11,42.51,124.68,,,,
-80.13,43.25,124.7,,,,
-80.15,42.07,124.65,,,,
-80.17,40.9,124.6,,,,
-80.19,41.64,124.55,,,,
-80.2,42.37,124.52,,,,
-80.22,43.11,124.48,,,,
-80.24,43.82,124.45,,,,
-80.26,44.53,124.42,,,,
-80.27,45.23,124.38,,,,
-80.29,45.91,124.36,,,,
-80.31,46.58,124.34,,,,
-80.33,47.25,124.29,,,,
-80.35,47.92,124.25,,,,
-80.36,48.59,124.2,,,,
-80.38,49.26,124.15,,,,
-80.4,49.93,124.11,,,,
-80.42,50.6,124.06,,,,
-80.43,51.28,124.04,,,,
-80.45,51.95,124.02,,,,
-80.47,52.61,123.97,,,,
-80.49,53.28,123.91,,,,
-80.5,53.94,123.88,,,,
-80.52,54.61,123.86,,,,
-80.54,55.27,123.83,,,,
-80.55,55.94,123.77,,,,
-80.57,56.6,123.75,,,,
-80.59,57.25,123.72,,,,
-80.6,57.9,123.73,,,,
-80.62,58.55,123.73,,,,
-80.63,59.19,123.68,,,,
-80.65,59.82,123.63,,,,
-80.66,60.44,123.6,,,,
-80.68,61.06,123.58,,,,
-80.69,61.67,123.55,,,,
-80.71,62.27,123.52,,,,
-80.72,62.88,123.52,,,,
-80.74,63.48,123.52,,,,
-80.75,64.07,123.51,,,,
-80.77,64.66,123.5,,,,
-80.78,65.26,123.48,,,,
-80.8,65.85,123.43,,,,
-80.81,66.44,123.37,,,,
-80.83,67.02,123.3,,,,
-80.84,67.57,123.3,,,,
-80.84,68.09,123.29,,,,
-80.85,68.72,123.24,,,,
-80.87,67.54,123.2,,,,
-80.9,66.34,123.18,,,,
-80.91,65.07,123.16,,,,
-80.93,65.68,123.14,,,,
-80.94,66.29,123.11,,,,
-80.95,66.9,123.07,,,,
-80.96,67.5,123.04,,,,
-80.98,68.1,123,,,,
-80.99,68.68,122.95,,,,
-81,69.24,122.94,,,,
-81.01,69.82,122.92,,,,
-81.03,68.53,122.91,,,,
-81.04,67.23,122.9,,,,
-81.06,67.82,122.89,,,,
-81.07,68.39,122.84,,,,
-81.08,68.97,122.8,,,,
-81.1,69.54,122.76,,,,
-81.11,70.11,122.75,,,,
-81.12,70.68,122.74,,,,
-81.14,71.24,122.69,,,,
-81.15,71.81,122.64,,,,
-81.17,72.37,122.62,,,,
-81.18,72.92,122.6,,,,
-81.19,73.48,122.59,,,,
-81.2,74.03,122.54,,,,
-81.22,74.57,122.51,,,,
-81.23,75.12,122.49,,,,
-81.24,75.66,122.46,,,,
-81.25,76.2,122.42,,,,
-81.26,76.68,122.41,,,,
-81.28,77.2,122.39,,,,
-81.29,75.92,122.36,,,,
-81.3,74.58,122.33,,,,
-81.32,75.14,122.31,,,,
-81.33,75.69,122.29,,,,
-81.34,76.24,122.26,,,,
-81.35,76.77,122.23,,,,
-81.36,77.31,122.22,,,,
-81.38,77.85,122.21,,,,
-81.39,78.38,122.21,,,,
-81.4,78.91,122.16,,,,
-81.41,79.44,122.12,,,,
-81.42,79.96,122.08,,,,
-81.44,80.48,122.03,,,,
-81.45,81,121.97,,,,
-81.46,81.52,121.95,,,,
-81.47,82.04,121.93,,,,
-81.48,82.54,121.89,,,,
-81.49,83.05,121.84,,,,
-81.51,83.55,121.8,,,,
-81.52,84.04,121.76,,,,
-81.53,84.52,121.72,,,,
-81.54,85.01,121.67,,,,
-81.55,85.49,121.67,,,,
-81.56,85.97,121.66,,,,
-81.57,86.45,121.64,,,,
-81.58,86.93,121.62,,,,
-81.59,87.4,121.6,,,,
-81.6,87.87,121.58,,,,
-81.61,88.35,121.56,,,,
-81.62,88.83,121.54,,,,
-81.63,89.31,121.52,,,,
-81.64,89.78,121.5,,,,
-81.65,90.26,121.47,,,,
-81.66,90.74,121.43,,,,
-81.67,89.3,121.43,,,,
-81.68,87.88,121.42,,,,
-81.69,88.36,121.38,,,,
