Pitch,Roll,,,,
-1.81,-0.17,44.36,,,
-1.81,-0.17,44.35,,-8.39,-1.42
-1.82,-0.17,44.34,,1.45,4.59
-1.82,-0.17,44.32,,,
-1.82,-0.17,44.3,,,
-1.82,-0.17,44.32,,,
-1.82,-0.18,44.33,,,
-1.82,-0.18,44.32,,,
-1.82,-0.18,44.31,,,
-1.82,-0.19,44.31,,,
-1.82,-0.19,44.31,,,
-1.83,-0.19,44.31,,,
-1.83,-0.19,44.31,,,
-1.83,-0.19,44.3,,,
-1.83,-0.19,44.28,,,
-1.83,-0.19,44.28,,,
-1.83,-0.19,44.29,,,
-1.83,-0.19,44.29,,,
-1.83,-0.19,44.3,,,
-1.83,-0.19,44.31,,,
-1.83,-0.18,44.32,,,
-1.82,-0.18,44.33,,,
-1.82,-0.18,44.35,,,
-1.81,-0.17,44.35,,,
-1.81,-0.16,44.34,,,
-1.8,-0.15,44.35,,,
-1.8,-0.15,44.34,,,
-1.78,-0.13,44.34,,,
-1.76,-0.12,44.34,,,
-1.73,-0.1,44.35,,,
-1.71,-0.09,44.36,,,
-1.69,-0.08,44.36,,,
-1.68,-0.06,44.36,,,
-1.66,-0.06,44.36,,,
-1.65,-0.05,44.37,,,
-1.65,-0.05,44.38,,,
-1.65,-0.05,44.39,,,
-1.65,-0.05,44.39,,,
-1.65,-0.06,44.39,,,
-1.66,-0.07,44.38,,,
-1.66,-0.08,44.38,,,
-1.66,-0.08,44.37,,,
-1.67,-0.09,44.36,,,
-1.68,-0.09,44.36,,,
-1.69,-0.08,44.34,,,
-1.7,-0.08,44.33,,,
-1.71,-0.07,44.33,,,
-1.72,-0.06,44.33,,,
-1.73,-0.05,44.34,,,
-1.74,-0.05,44.35,,,
-1.75,-0.05,44.37,,,
-1.75,-0.05,44.37,,,
-1.75,-0.04,44.38,,,
-1.73,-0.04,44.38,,,
-1.72,-0.03,44.39,,,
-1.69,-0.02,44.39,,,
-1.67,-0.01,44.38,,,
-1.66,-0.01,44.37,,,
-1.65,0,44.37,,,
-1.64,0,44.37,,,
-1.63,0.01,44.37,,,
-1.56,0.06,44.38,,,
-1.59,0.03,44.38,,,
-1.75,0.09,44.39,,,
-1.86,0.03,44.39,,,
-1.92,-0.02,44.35,,,
-1.92,-0.04,44.31,,,
-1.93,-0.04,44.28,,,
-1.91,-0.07,44.26,,,
-1.91,-0.08,44.24,,,
-1.9,-0.09,44.24,,,
-1.88,-0.11,44.23,,,
-1.86,-0.11,44.22,,,
-1.85,-0.11,44.22,,,
-1.84,-0.11,44.22,,,
-1.84,-0.11,44.23,,,
-1.83,-0.11,44.21,,,
-1.81,-0.1,44.2,,,
-1.76,-0.06,44.2,,,
-1.72,-0.03,44.19,,,
-1.69,-0.01,44.18,,,
-1.67,0,44.17,,,
-1.66,0.01,44.16,,,
-1.66,0.01,44.14,,,
-1.75,-0.03,44.16,,,
-1.7,0.02,44.18,,,
-1.73,-0.02,44.18,,,
-1.77,-0.05,44.19,,,
-1.84,-0.1,44.19,,,
-1.87,-0.11,44.19,,,
-1.88,-0.12,44.19,,,
-1.89,-0.11,44.19,,,
-1.89,-0.11,44.19,,,
-1.89,-0.1,44.19,,,
-1.89,-0.1,44.18,,,
-1.89,-0.09,44.17,,,
-1.89,-0.09,44.17,,,
-1.88,-0.09,44.16,,,
-1.88,-0.1,44.16,,,
-1.87,-0.11,44.15,,,
-1.87,-0.12,44.15,,,
-1.87,-0.13,44.16,,,
-1.86,-0.13,44.18,,,
-1.86,-0.14,44.2,,,
-1.86,-0.16,44.19,,,
-1.87,-0.17,44.18,,,
-1.86,-0.18,44.19,,,
-1.86,-0.19,44.18,,,
-1.87,-0.21,44.17,,,
-1.86,-0.23,44.17,,,
-1.82,-0.2,44.18,,,
-1.81,-0.25,44.09,,,
-1.81,-0.35,43.92,,,
-1.83,-0.49,43.81,,,
-1.86,-0.62,43.72,,,
-1.9,-0.75,43.64,,,
-1.94,-0.89,43.58,,,
-1.96,-0.97,43.56,,,
-1.97,-1.01,43.55,,,
-1.98,-1.02,43.56,,,
-1.98,-1.03,43.56,,,
-1.98,-1.04,43.57,,,
-1.98,-1.05,43.57,,,
-1.98,-1.07,43.57,,,
-1.98,-1.09,43.57,,,
-1.98,-1.12,43.57,,,
-1.98,-1.14,43.57,,,
-1.98,-1.16,43.57,,,
-1.99,-1.17,43.56,,,
-1.99,-1.18,43.56,,,
-2.01,-1.19,43.54,,,
-2,-1.21,43.48,,,
-1.97,-1.23,43.44,,,
-1.97,-1.23,43.41,,,
-1.98,-1.23,43.4,,,
-1.98,-1.23,43.39,,,
-1.98,-1.24,43.38,,,
-1.98,-1.24,43.4,,,
-1.99,-1.23,43.42,,,
-1.99,-1.23,43.44,,,
-1.99,-1.23,43.44,,,
-1.99,-1.23,43.45,,,
-1.99,-1.23,43.45,,,
-1.99,-1.23,43.45,,,
-1.99,-1.23,43.45,,,
-1.99,-1.23,43.45,,,
-1.99,-1.22,43.45,,,
-1.99,-1.22,43.44,,,
-1.98,-1.22,43.43,,,
-1.97,-1.22,43.41,,,
-1.96,-1.21,43.44,,,
-1.94,-1.2,43.47,,,
-1.92,-1.2,43.48,,,
-1.92,-1.2,43.48,,,
-1.92,-1.2,43.48,,,
-1.92,-1.21,43.48,,,
-1.93,-1.22,43.47,,,
-1.94,-1.23,43.47,,,
-1.97,-1.25,43.48,,,
-1.99,-1.26,43.48,,,
-1.99,-1.27,43.47,,,
-1.99,-1.27,43.47,,,
-1.99,-1.28,43.48,,,
-1.99,-1.28,43.47,,,
-1.99,-1.28,43.47,,,
-1.99,-1.29,43.46,,,
-1.99,-1.29,43.47,,,
-1.99,-1.29,43.48,,,
-1.99,-1.29,43.5,,,
-1.99,-1.29,43.5,,,
-1.99,-1.29,43.5,,,
-1.99,-1.29,43.5,,,
-1.99,-1.29,43.49,,,
-1.99,-1.3,43.5,,,
-2,-1.3,43.51,,,
-2,-1.31,43.52,,,
-2,-1.31,43.54,,,
-2.01,-1.32,43.56,,,
-2.01,-1.32,43.57,,,
-1.99,-1.31,43.55,,,
-1.96,-1.28,43.53,,,
-1.93,-1.26,43.51,,,
-1.92,-1.25,43.5,,,
-1.93,-1.26,43.5,,,
-1.95,-1.27,43.5,,,
-1.98,-1.3,43.5,,,
-1.99,-1.31,43.5,,,
-1.99,-1.32,43.5,,,
-1.99,-1.33,43.5,,,
-1.99,-1.33,43.49,,,
-1.98,-1.33,43.49,,,
-1.98,-1.34,43.48,,,
-1.98,-1.34,43.5,,,
-1.98,-1.34,43.5,,,
-1.98,-1.35,43.49,,,
-1.98,-1.35,43.5,,,
-1.98,-1.35,43.51,,,
-1.99,-1.36,43.52,,,
-1.99,-1.36,43.53,,,
-1.99,-1.36,43.52,,,
-2,-1.36,43.52,,,
-2,-1.36,43.51,,,
-2,-1.37,43.51,,,
-2.01,-1.37,43.51,,,
-2.01,-1.37,43.51,,,
-2.01,-1.37,43.52,,,
-2.01,-1.37,43.53,,,
-2.02,-1.37,43.54,,,
-2.02,-1.37,43.54,,,
-2.02,-1.37,43.56,,,
-2.01,-1.37,43.58,,,
-2.01,-1.37,43.6,,,
-2.01,-1.37,43.58,,,
-2.01,-1.37,43.56,,,
-2,-1.37,43.56,,,
-2,-1.37,43.55,,,
-2,-1.37,43.53,,,
-2,-1.38,43.52,,,
-2,-1.38,43.51,,,
-2.04,-1.4,43.5,,,
-2.01,-1.39,43.44,,,
-1.99,-1.39,43.41,,,
-1.99,-1.4,43.4,,,
-1.99,-1.4,43.4,,,
-1.99,-1.4,43.41,,,
-2,-1.4,43.4,,,
-2,-1.41,43.38,,,
-2.01,-1.41,43.37,,,
-2.01,-1.41,43.37,,,
-2.02,-1.41,43.35,,,
-2.02,-1.41,43.33,,,
-2.02,-1.41,43.32,,,
-2.02,-1.41,43.31,,,
-2.02,-1.41,43.3,,,
-2.03,-1.41,43.32,,,
-2.03,-1.41,43.32,,,
-2.03,-1.41,43.32,,,
-2.03,-1.41,43.32,,,
-2.03,-1.41,43.31,,,
-2.03,-1.41,43.32,,,
-2.04,-1.41,43.33,,,
-2.04,-1.41,43.34,,,
-2.04,-1.41,43.35,,,
-2.05,-1.41,43.37,,,
-2.05,-1.41,43.37,,,
-2.05,-1.41,43.37,,,
-2.06,-1.41,43.36,,,
-2.06,-1.41,43.36,,,
-2.06,-1.41,43.36,,,
-2.07,-1.41,43.35,,,
-2.07,-1.41,43.34,,,
-2.07,-1.41,43.34,,,
-2.08,-1.42,43.34,,,
-2.08,-1.42,43.34,,,
-2.08,-1.42,43.34,,,
-2.08,-1.42,43.33,,,
-2.08,-1.42,43.32,,,
-2.08,-1.41,43.34,,,
-2.08,-1.41,43.35,,,
-2.08,-1.4,43.35,,,
-2.08,-1.4,43.36,,,
-2.08,-1.4,43.35,,,
-2.08,-1.39,43.34,,,
-2.08,-1.39,43.34,,,
-2.08,-1.38,43.34,,,
-2.08,-1.38,43.34,,,
-2.07,-1.38,43.34,,,
-2.07,-1.37,43.33,,,
-2.06,-1.37,43.32,,,
-2.06,-1.37,43.32,,,
-2.06,-1.37,43.32,,,
-2.05,-1.37,43.32,,,
-2.05,-1.37,43.32,,,
-2.05,-1.37,43.32,,,
-2.05,-1.38,43.31,,,
-2.05,-1.38,43.29,,,
-2.05,-1.39,43.26,,,
-2.04,-1.39,43.27,,,
-2.04,-1.38,43.28,,,
-2.03,-1.37,43.29,,,
-2.02,-1.36,43.3,,,
-2.01,-1.34,43.3,,,
-2,-1.32,43.3,,,
-2,-1.31,43.31,,,
-1.99,-1.3,43.3,,,
-1.99,-1.29,43.29,,,
-1.99,-1.28,43.28,,,
-1.99,-1.28,43.27,,,
-1.99,-1.28,43.26,,,
-1.99,-1.28,43.25,,,
-1.98,-1.29,43.25,,,
-2,-1.3,43.26,,,
-2.05,-1.29,43.27,,,
-2.13,-1.27,43.26,,,
-2.19,-1.29,43.24,,,
-2.3,-1.25,43.11,,,
-2.42,-1.19,43.01,,,
-2.47,-1.12,42.95,,,
-2.47,-1.14,42.98,,,
-2.49,-1.17,43.04,,,
-2.54,-1.18,43.06,,,
-2.6,-1.17,43.08,,,
-2.66,-1.14,43.08,,,
-2.72,-1.1,43.1,,,
-2.76,-1.07,43.13,,,
-2.8,-1.03,43.15,,,
-2.84,-0.99,43.16,,,
-2.86,-0.99,43.17,,,
-2.8,-1.03,43.17,,,
-2.69,-1.08,43.16,,,
-2.57,-1.11,43.12,,,
-2.44,-1.15,43.04,,,
-2.31,-1.2,42.94,,,
-2.19,-1.24,42.84,,,
-2.06,-1.29,42.73,,,
-1.95,-1.33,42.63,,,
-1.88,-1.36,42.53,,,
-1.85,-1.37,42.43,,,
-1.84,-1.37,42.35,,,
-1.84,-1.38,42.28,,,
-1.85,-1.38,42.22,,,
-1.88,-1.37,42.15,,,
-1.93,-1.37,42.07,,,
-1.97,-1.36,42.04,,,
-2,-1.37,42,,,
-2.02,-1.36,41.96,,,
-2.05,-1.36,41.85,,,
-2.07,-1.38,41.74,,,
-2.09,-1.39,41.63,,,
-2.12,-1.41,41.46,,,
-2.16,-1.42,41.26,,,
-2.23,-1.42,41.09,,,
-2.3,-1.4,40.91,,,
-2.39,-1.37,40.7,,,
-2.47,-1.33,40.51,,,
-2.56,-1.3,40.32,,,
-2.66,-1.26,40.11,,,
-2.77,-1.23,39.92,,,
-2.89,-1.2,39.73,,,
-3.01,-1.18,39.54,,,
-3.15,-1.16,39.37,,,
-3.28,-1.15,39.16,,,
-3.42,-1.13,38.96,,,
-3.56,-1.12,38.77,,,
-3.69,-1.1,38.6,,,
-3.81,-1.07,38.45,,,
-3.91,-1.04,38.26,,,
-4,-1,38.08,,,
-4.08,-0.95,37.9,,,
-4.16,-0.88,37.73,,,
-4.24,-0.81,37.57,,,
-4.31,-0.71,37.41,,,
-4.39,-0.63,37.22,,,
-4.48,-0.55,37.03,,,
-4.55,-0.48,36.85,,,
-4.59,-0.44,36.69,,,
-4.6,-0.39,36.57,,,
-4.64,-0.33,36.47,,,
-4.74,-0.24,36.41,,,
-4.78,-0.06,36.34,,,
-4.67,0.09,36.31,,,
-4.53,0.19,36.31,,,
-4.38,0.2,36.31,,,
-4.17,0.21,36.32,,,
-3.94,0.21,36.35,,,
-3.7,0.2,36.39,,,
-3.48,0.16,36.47,,,
-3.26,0.07,36.55,,,
-3.09,0.02,36.62,,,
-3.01,-0.01,36.7,,,
-3,0.02,36.78,,,
-2.95,0.11,36.85,,,
-2.91,0.21,36.92,,,
-2.86,0.31,37,,,
-2.81,0.38,37.1,,,
-2.77,0.44,37.25,,,
-2.71,0.55,37.36,,,
-2.65,0.66,37.46,,,
-2.6,0.75,37.57,,,
-2.55,0.82,37.69,,,
-2.51,0.86,37.84,,,
-2.47,0.89,37.99,,,
-2.43,0.93,38.12,,,
-2.36,0.95,38.23,,,
-2.3,0.96,38.32,,,
-2.23,0.97,38.43,,,
-2.16,0.98,38.53,,,
-2.09,1.01,38.59,,,
-2.03,1.05,38.65,,,
-1.97,1.1,38.75,,,
-1.91,1.14,38.85,,,
-1.85,1.18,38.96,,,
-1.8,1.19,39.07,,,
-1.73,1.19,39.22,,,
-1.68,1.19,39.36,,,
-1.62,1.2,39.47,,,
-1.56,1.22,39.57,,,
-1.51,1.26,39.65,,,
-1.46,1.29,39.72,,,
-1.42,1.3,39.83,,,
-1.37,1.33,39.93,,,
-1.33,1.34,40.01,,,
-1.3,1.35,40.1,,,
-1.27,1.35,40.2,,,
-1.26,1.33,40.3,,,
-1.27,1.33,40.42,,,
-1.26,1.32,40.53,,,
-1.24,1.32,40.65,,,
-1.22,1.33,40.76,,,
-1.18,1.33,40.87,,,
-1.15,1.32,40.98,,,
-1.11,1.32,41.1,,,
-1.08,1.32,41.21,,,
-1.05,1.32,41.29,,,
-1.03,1.33,41.36,,,
-1,1.32,41.45,,,
-0.97,1.3,41.52,,,
-0.95,1.28,41.59,,,
-0.93,1.24,41.66,,,
-0.91,1.2,41.7,,,
-0.88,1.16,41.74,,,
-0.86,1.14,41.79,,,
-0.84,1.11,41.84,,,
-0.83,1.09,41.89,,,
-0.82,1.08,41.94,,,
-0.79,1.05,41.97,,,
-0.77,1.03,42,,,
-0.75,1.02,42.05,,,
-0.72,1.02,42.09,,,
-0.69,1.02,42.14,,,
-0.66,1.01,42.19,,,
-0.63,1,42.22,,,
-0.6,0.98,42.25,,,
-0.59,0.96,42.28,,,
-0.58,0.94,42.3,,,
-0.57,0.91,42.32,,,
-0.57,0.88,42.34,,,
-0.56,0.85,42.35,,,
-0.55,0.83,42.36,,,
-0.52,0.79,42.37,,,
-0.49,0.77,42.38,,,
-0.46,0.76,42.37,,,
-0.41,0.75,42.36,,,
-0.37,0.73,42.35,,,
-0.33,0.72,42.34,,,
-0.29,0.71,42.33,,,
-0.26,0.7,42.31,,,
-0.22,0.7,42.29,,,
-0.19,0.7,42.28,,,
-0.16,0.7,42.25,,,
-0.14,0.69,42.23,,,
-0.12,0.68,42.21,,,
-0.11,0.66,42.19,,,
-0.09,0.65,42.16,,,
-0.07,0.65,42.12,,,
-0.05,0.64,42.09,,,
-0.03,0.64,42.05,,,
0,0.63,42.01,,,
0.04,0.62,41.97,,,
0.06,0.61,41.92,,,
0.09,0.6,41.86,,,
0.11,0.6,41.82,,,
0.15,0.61,41.77,,,
0.18,0.61,41.71,,,
0.2,0.61,41.66,,,
0.27,0.57,41.62,,,
0.19,0.67,41.53,,,
0.2,0.66,41.45,,,
0.21,0.63,41.41,,,
0.16,0.64,41.34,,,
0.17,0.61,41.27,,,
0.13,0.56,41.21,,,
0.1,0.5,41.16,,,
0.06,0.44,41.09,,,
0.04,0.39,41,,,
0.02,0.35,40.93,,,
0.01,0.31,40.85,,,
-0.01,0.28,40.78,,,
-0.02,0.24,40.7,,,
-0.03,0.2,40.61,,,
-0.04,0.16,40.52,,,
-0.06,0.11,40.41,,,
-0.08,0.08,40.29,,,
-0.1,0.06,40.14,,,
-0.12,0.04,39.99,,,
-0.15,0.03,39.85,,,
-0.18,0.02,39.72,,,
-0.21,0,39.59,,,
-0.25,-0.01,39.47,,,
-0.3,-0.03,39.35,,,
-0.35,-0.05,39.23,,,
-0.39,-0.08,39.12,,,
-0.43,-0.11,39.01,,,
-0.48,-0.14,38.9,,,
-0.52,-0.17,38.79,,,
-0.56,-0.19,38.67,,,
-0.59,-0.2,38.54,,,
-0.63,-0.21,38.4,,,
-0.66,-0.21,38.26,,,
-0.7,-0.21,38.14,,,
-0.73,-0.21,38.02,,,
-0.77,-0.2,37.89,,,
-0.81,-0.17,37.76,,,
-0.85,-0.13,37.62,,,
-0.88,-0.09,37.48,,,
-0.9,-0.06,37.36,,,
-0.91,-0.01,37.24,,,
-0.93,0.02,37.13,,,
-0.95,0.07,37.04,,,
-0.98,0.11,36.95,,,
-1,0.14,36.88,,,
-1.02,0.16,36.76,,,
-1.04,0.18,36.64,,,
-1.05,0.19,36.56,,,
-1.07,0.19,36.49,,,
-1.08,0.18,36.42,,,
-1.1,0.17,36.35,,,
-1.12,0.17,36.27,,,
-1.14,0.18,36.19,,,
-1.16,0.18,36.13,,,
-1.18,0.2,36.06,,,
-1.22,0.23,35.96,,,
-1.26,0.24,35.87,,,
-1.3,0.26,35.77,,,
-1.36,0.25,35.68,,,
-1.4,0.26,35.59,,,
-1.44,0.27,35.5,,,
-1.48,0.28,35.42,,,
-1.52,0.29,35.35,,,
-1.55,0.3,35.28,,,
-1.6,0.3,35.22,,,
-1.62,0.32,35.14,,,
-1.65,0.33,35.07,,,
-1.67,0.36,35.01,,,
-1.69,0.4,34.95,,,
-1.71,0.44,34.91,,,
-1.71,0.47,34.88,,,
-1.71,0.51,34.84,,,
-1.73,0.57,34.79,,,
-1.74,0.63,34.76,,,
-1.75,0.7,34.73,,,
-1.77,0.78,34.71,,,
-1.79,0.85,34.71,,,
-1.81,0.91,34.72,,,
-1.82,0.98,34.73,,,
-1.82,1.04,34.74,,,
-1.83,1.1,34.75,,,
-1.82,1.17,34.8,,,
-1.82,1.23,34.85,,,
-1.82,1.29,34.87,,,
-1.81,1.35,34.88,,,
-1.78,1.41,34.93,,,
-1.77,1.49,34.97,,,
-1.69,1.48,35.08,,,
-1.68,1.52,35.15,,,
-1.68,1.61,35.24,,,
-1.64,1.64,35.36,,,
-1.59,1.7,35.43,,,
-1.54,1.76,35.51,,,
-1.49,1.8,35.61,,,
-1.44,1.83,35.71,,,
-1.39,1.88,35.79,,,
-1.34,1.93,35.87,,,
-1.28,1.97,35.94,,,
-1.23,2.02,36.01,,,
-1.17,2.06,36.08,,,
-1.11,2.09,36.16,,,
-1.08,2.11,36.24,,,
-1.06,2.13,36.34,,,
-1.03,2.15,36.44,,,
-1,2.16,36.55,,,
-0.98,2.16,36.65,,,
-0.97,2.17,36.76,,,
-0.95,2.16,36.9,,,
-0.95,2.16,37.03,,,
-0.94,2.15,37.13,,,
-0.91,2.15,37.25,,,
-0.89,2.15,37.37,,,
-0.87,2.15,37.49,,,
-0.85,2.12,37.61,,,
-0.82,2.13,37.7,,,
-0.78,2.15,37.78,,,
-0.76,2.14,37.9,,,
-0.73,2.11,38.01,,,
-0.72,2.1,38.1,,,
-0.7,2.11,38.18,,,
-0.67,2.11,38.26,,,
-0.64,2.12,38.35,,,
-0.62,2.13,38.43,,,
-0.6,2.14,38.51,,,
-0.58,2.15,38.59,,,
-0.56,2.15,38.67,,,
-0.54,2.14,38.75,,,
-0.54,2.11,38.84,,,
-0.54,2.09,38.93,,,
-0.53,2.05,39.01,,,
-0.53,2.03,39.09,,,
-0.52,1.99,39.16,,,
-0.53,1.96,39.24,,,
-0.53,1.92,39.31,,,
-0.54,1.87,39.38,,,
-0.54,1.84,39.45,,,
-0.55,1.8,39.52,,,
-0.56,1.77,39.59,,,
-0.57,1.74,39.66,,,
-0.59,1.7,39.72,,,
-0.59,1.67,39.77,,,
-0.6,1.63,39.82,,,
-0.6,1.59,39.87,,,
-0.61,1.55,39.92,,,
-0.6,1.51,39.96,,,
-0.59,1.47,40,,,
-0.59,1.44,40.04,,,
-0.59,1.39,40.08,,,
-0.59,1.35,40.13,,,
-0.58,1.31,40.15,,,
-0.58,1.27,40.18,,,
-0.56,1.25,40.21,,,
-0.55,1.21,40.24,,,
-0.55,1.17,40.27,,,
-0.55,1.13,40.3,,,
-0.55,1.1,40.31,,,
-0.55,1.07,40.35,,,
-0.55,1.03,40.38,,,
-0.52,0.98,40.4,,,
-0.53,0.95,40.39,,,
-0.52,0.91,40.37,,,
-0.52,0.87,40.36,,,
-0.51,0.81,40.36,,,
-0.55,0.77,40.34,,,
-0.59,0.72,40.34,,,
-0.62,0.67,40.34,,,
-0.63,0.62,40.34,,,
-0.65,0.59,40.33,,,
-0.66,0.55,40.33,,,
-0.67,0.51,40.34,,,
-0.68,0.46,40.35,,,
-0.69,0.41,40.33,,,
-0.71,0.36,40.31,,,
-0.74,0.31,40.29,,,
-0.77,0.25,40.28,,,
-0.8,0.19,40.25,,,
-0.83,0.12,40.22,,,
-0.85,0.06,40.21,,,
-0.86,0.01,40.21,,,
-0.86,-0.03,40.2,,,
-0.87,-0.07,40.18,,,
-0.87,-0.12,40.15,,,
-0.86,-0.16,40.11,,,
-0.87,-0.2,40.06,,,
-0.86,-0.24,40.01,,,
-0.86,-0.29,39.95,,,
-0.87,-0.32,39.9,,,
-0.88,-0.35,39.84,,,
-0.91,-0.36,39.79,,,
-0.93,-0.39,39.73,,,
-0.95,-0.42,39.68,,,
-0.97,-0.45,39.62,,,
-0.99,-0.48,39.57,,,
-1.01,-0.51,39.51,,,
-1.04,-0.54,39.46,,,
-1.07,-0.56,39.39,,,
-1.09,-0.58,39.31,,,
-1.11,-0.61,39.27,,,
-1.12,-0.63,39.22,,,
-1.15,-0.65,39.14,,,
-1.17,-0.66,39.06,,,
-1.21,-0.67,38.97,,,
-1.24,-0.68,38.9,,,
-1.27,-0.69,38.83,,,
-1.3,-0.71,38.77,,,
-1.32,-0.73,38.71,,,
-1.35,-0.74,38.65,,,
-1.38,-0.75,38.58,,,
-1.41,-0.76,38.52,,,
-1.44,-0.78,38.47,,,
-1.47,-0.8,38.42,,,
-1.5,-0.83,38.37,,,
-1.52,-0.86,38.32,,,
-1.55,-0.9,38.27,,,
-1.59,-0.93,38.22,,,
-1.64,-0.96,38.14,,,
-1.67,-0.98,38.07,,,
-1.71,-0.99,38.01,,,
-1.75,-1.01,37.95,,,
-1.78,-1.01,37.89,,,
-1.83,-1.02,37.83,,,
-1.86,-1.03,37.76,,,
-1.89,-1.04,37.7,,,
-1.92,-1.05,37.61,,,
-1.96,-1.06,37.53,,,
-2,-1.07,37.44,,,
-2.04,-1.08,37.36,,,
-2.08,-1.09,37.29,,,
-2.12,-1.09,37.2,,,
-2.16,-1.08,37.12,,,
-2.19,-1.08,37.04,,,
-2.22,-1.07,36.93,,,
-2.26,-1.06,36.81,,,
-2.29,-1.04,36.71,,,
-2.32,-1.02,36.61,,,
-2.36,-1,36.5,,,
-2.39,-0.97,36.41,,,
-2.43,-0.94,36.3,,,
-2.48,-0.91,36.24,,,
-2.53,-0.88,36.18,,,
-2.57,-0.85,36.13,,,
-2.61,-0.82,36.06,,,
-2.64,-0.79,36,,,
-2.67,-0.76,35.93,,,
-2.69,-0.73,35.86,,,
-2.7,-0.71,35.81,,,
-2.71,-0.68,35.75,,,
-2.73,-0.65,35.7,,,
-2.76,-0.62,35.69,,,
-2.78,-0.58,35.68,,,
-2.81,-0.53,35.68,,,
-2.85,-0.48,35.69,,,
-2.88,-0.44,35.7,,,
-2.9,-0.4,35.68,,,
-2.91,-0.36,35.69,,,
-2.92,-0.32,35.71,,,
-2.93,-0.27,35.73,,,
-2.94,-0.24,35.75,,,
-2.95,-0.2,35.74,,,
-2.95,-0.16,35.73,,,
-2.96,-0.13,35.71,,,
-2.96,-0.09,35.73,,,
-2.95,-0.05,35.74,,,
-2.93,0,35.75,,,
-2.92,0.06,35.76,,,
-2.91,0.11,35.78,,,
-2.91,0.17,35.8,,,
-2.9,0.23,35.86,,,
-2.86,0.28,35.89,,,
-2.88,0.33,35.94,,,
-2.85,0.32,36.03,,,
-2.84,0.36,36.09,,,
-2.81,0.38,36.17,,,
-2.79,0.44,36.24,,,
-2.75,0.49,36.31,,,
-2.72,0.53,36.38,,,
-2.7,0.54,36.46,,,
-2.68,0.56,36.54,,,
-2.65,0.61,36.6,,,
-2.63,0.66,36.65,,,
-2.62,0.7,36.71,,,
-2.61,0.75,36.78,,,
-2.62,0.77,36.86,,,
-2.63,0.81,36.93,,,
-2.64,0.83,37.03,,,
-2.66,0.86,37.14,,,
-2.68,0.87,37.25,,,
-2.7,0.86,37.36,,,
-2.71,0.87,37.46,,,
-2.71,0.87,37.59,,,
-2.7,0.87,37.74,,,
-2.69,0.89,37.88,,,
-2.66,0.91,38.01,,,
-2.62,0.93,38.13,,,
-2.59,0.94,38.25,,,
-2.56,0.96,38.37,,,
-2.54,1,38.49,,,
-2.52,1.04,38.61,,,
-2.5,1.06,38.74,,,
-2.48,1.08,38.86,,,
-2.47,1.11,39,,,
-2.46,1.15,39.13,,,
-2.45,1.18,39.27,,,
-2.44,1.21,39.39,,,
-2.43,1.23,39.54,,,
-2.41,1.25,39.68,,,
-2.39,1.28,39.82,,,
-2.37,1.28,39.94,,,
-2.34,1.29,40.06,,,
-2.31,1.29,40.17,,,
-2.27,1.28,40.29,,,
-2.23,1.27,40.39,,,
-2.19,1.24,40.5,,,
-2.14,1.22,40.6,,,
-2.1,1.21,40.7,,,
-2.06,1.2,40.8,,,
-2.03,1.19,40.89,,,
-1.99,1.18,40.98,,,
-1.96,1.16,41.07,,,
-1.92,1.15,41.17,,,
-1.9,1.14,41.25,,,
-1.86,1.13,41.34,,,
-1.84,1.12,41.43,,,
-1.81,1.1,41.51,,,
-1.77,1.09,41.59,,,
-1.74,1.07,41.66,,,
-1.71,1.06,41.73,,,
-1.68,1.04,41.8,,,
-1.65,1.01,41.86,,,
-1.63,0.99,41.92,,,
-1.6,0.97,41.99,,,
-1.58,0.94,42.06,,,
-1.56,0.92,42.13,,,
-1.54,0.9,42.19,,,
-1.51,0.88,42.23,,,
-1.48,0.87,42.26,,,
-1.46,0.83,42.32,,,
-1.44,0.81,42.38,,,
-1.42,0.78,42.42,,,
-1.4,0.75,42.46,,,
-1.38,0.72,42.5,,,
-1.37,0.7,42.53,,,
-1.35,0.67,42.57,,,
-1.33,0.64,42.6,,,
-1.3,0.62,42.63,,,
-1.26,0.59,42.66,,,
-1.23,0.57,42.67,,,
-1.21,0.55,42.69,,,
-1.2,0.53,42.7,,,
-1.19,0.5,42.72,,,
-1.17,0.47,42.73,,,
-1.15,0.45,42.74,,,
-1.13,0.42,42.76,,,
-1.11,0.39,42.77,,,
-1.1,0.37,42.79,,,
-1.08,0.34,42.79,,,
-1.06,0.31,42.79,,,
-1.04,0.29,42.78,,,
-1.02,0.25,42.77,,,
-1.01,0.21,42.78,,,
-0.99,0.17,42.78,,,
-0.96,0.13,42.79,,,
-0.94,0.08,42.78,,,
-0.93,0.04,42.77,,,
-0.86,-0.08,42.74,,,
-0.87,-0.09,42.66,,,
-0.88,-0.1,42.6,,,
-0.91,-0.11,42.54,,,
-0.96,-0.12,42.48,,,
-1.02,-0.14,42.41,,,
-1.07,-0.17,42.33,,,
-1.12,-0.18,42.28,,,
-1.17,-0.19,42.21,,,
-1.24,-0.21,42.15,,,
-1.28,-0.23,42.06,,,
-1.31,-0.26,41.97,,,
-1.34,-0.29,41.88,,,
-1.36,-0.33,41.78,,,
-1.38,-0.36,41.7,,,
-1.39,-0.4,41.61,,,
-1.37,-0.43,41.54,,,
-1.4,-0.46,41.42,,,
-1.42,-0.5,41.31,,,
-1.43,-0.54,41.2,,,
-1.47,-0.55,41.09,,,
-1.54,-0.55,40.95,,,
-1.61,-0.56,40.83,,,
-1.67,-0.57,40.74,,,
-1.74,-0.58,40.65,,,
-1.83,-0.57,40.56,,,
-1.93,-0.57,40.42,,,
-2.02,-0.57,40.31,,,
-2.1,-0.58,40.2,,,
-2.17,-0.59,40.1,,,
-2.24,-0.6,40.01,,,
-2.3,-0.6,39.89,,,
-2.36,-0.62,39.78,,,
-2.41,-0.64,39.7,,,
-2.48,-0.65,39.63,,,
-2.54,-0.67,39.56,,,
-2.61,-0.71,39.49,,,
-2.66,-0.74,39.42,,,
-2.73,-0.78,39.35,,,
-2.8,-0.8,39.27,,,
-2.88,-0.83,39.19,,,
-2.95,-0.85,39.12,,,
-3.02,-0.87,39.05,,,
-3.1,-0.9,38.98,,,
-3.17,-0.92,38.92,,,
-3.24,-0.93,38.85,,,
-3.31,-0.94,38.76,,,
-3.38,-0.95,38.71,,,
-3.45,-0.95,38.66,,,
-3.53,-0.95,38.57,,,
-3.61,-0.94,38.48,,,
-3.68,-0.92,38.4,,,
-3.76,-0.9,38.3,,,
-3.84,-0.88,38.21,,,
-3.92,-0.87,38.13,,,
-3.99,-0.86,38.06,,,
-4.06,-0.85,37.95,,,
-4.13,-0.85,37.86,,,
-4.18,-0.84,37.78,,,
-4.24,-0.84,37.66,,,
-4.29,-0.84,37.54,,,
-4.35,-0.81,37.43,,,
-4.42,-0.77,37.32,,,
-4.48,-0.72,37.23,,,
-4.54,-0.68,37.14,,,
-4.59,-0.64,37.06,,,
-4.63,-0.63,36.98,,,
-4.69,-0.6,36.9,,,
-4.76,-0.57,36.81,,,
-4.85,-0.52,36.7,,,
-4.96,-0.46,36.6,,,
-5.06,-0.4,36.51,,,
-5.16,-0.34,36.41,,,
-5.26,-0.28,36.32,,,
-5.34,-0.23,36.22,,,
-5.4,-0.17,36.17,,,
-5.44,-0.11,36.12,,,
-5.47,-0.05,36.06,,,
-5.48,0.02,36.01,,,
-5.49,0.09,35.97,,,
-5.49,0.17,35.95,,,
-5.48,0.26,35.94,,,
-5.54,0.35,35.96,,,
-5.55,0.44,36.01,,,
-5.48,0.5,36.11,,,
-5.39,0.57,36.18,,,
-5.26,0.61,36.26,,,
-5.12,0.64,36.36,,,
-5.01,0.66,36.46,,,
-4.91,0.68,36.57,,,
-4.83,0.72,36.68,,,
-4.78,0.75,36.81,,,
-4.72,0.76,36.95,,,
-4.63,0.75,37.1,,,
-4.55,0.76,37.22,,,
-4.5,0.78,37.34,,,
-4.45,0.82,37.46,,,
-4.39,0.84,37.61,,,
-4.31,0.84,37.79,,,
-4.19,0.84,37.94,,,
-4.14,0.89,38.06,,,
-4.1,0.95,38.18,,,
-4.08,1.01,38.31,,,
-4.05,1.06,38.48,,,
-3.99,1.11,38.64,,,
-3.94,1.17,38.79,,,
-3.9,1.22,38.94,,,
-3.86,1.28,39.09,,,
-3.84,1.34,39.24,,,
-3.8,1.4,39.38,,,
-3.77,1.46,39.52,,,
-3.75,1.53,39.67,,,
-3.73,1.58,39.81,,,
-3.73,1.64,39.96,,,
-3.71,1.7,40.11,,,
-3.7,1.74,40.26,,,
-3.68,1.8,40.41,,,
-3.69,1.88,40.55,,,
-3.71,1.96,40.68,,,
-3.71,2.03,40.85,,,
-3.68,2.1,41.02,,,
-3.65,2.16,41.2,,,
-3.62,2.22,41.38,,,
-3.59,2.27,41.55,,,
-3.54,2.32,41.72,,,
-3.5,2.36,41.91,,,
-3.46,2.39,42.12,,,
-3.42,2.43,42.32,,,
-3.37,2.46,42.55,,,
-3.34,2.49,42.78,,,
-3.31,2.5,43.02,,,
-3.27,2.51,43.26,,,
-3.23,2.51,43.49,,,
-3.2,2.5,43.73,,,
-3.17,2.5,43.95,,,
-3.14,2.48,44.16,,,
-3.09,2.46,44.36,,,
-3.05,2.41,44.54,,,
-2.98,2.36,44.71,,,
-2.9,2.31,44.84,,,
-2.82,2.26,44.96,,,
-2.73,2.21,45.07,,,
-2.66,2.17,45.18,,,
-2.59,2.13,45.29,,,
-2.53,2.07,45.4,,,
-2.47,2.01,45.51,,,
-2.41,1.94,45.62,,,
-2.36,1.87,45.73,,,
-2.32,1.81,45.83,,,
-2.29,1.73,45.92,,,
-2.26,1.66,45.99,,,
-2.25,1.58,46.07,,,
-2.23,1.49,46.14,,,
-2.21,1.4,46.2,,,
-2.2,1.31,46.26,,,
-2.17,1.22,46.31,,,
-2.15,1.12,46.35,,,
-2.12,1.02,46.38,,,
-2.08,0.91,46.39,,,
-2.05,0.82,46.38,,,
-1.99,0.69,46.35,,,
-1.97,0.61,46.29,,,
-1.95,0.52,46.22,,,
-1.96,0.45,46.13,,,
-2.02,0.42,46.01,,,
-2.1,0.39,45.87,,,
-2.17,0.35,45.72,,,
-2.25,0.3,45.59,,,
-2.3,0.24,45.46,,,
-2.35,0.17,45.33,,,
-2.38,0.09,45.19,,,
-2.4,0,45.04,,,
-2.42,-0.09,44.9,,,
-2.44,-0.17,44.75,,,
-2.43,-0.24,44.59,,,
-2.44,-0.33,44.42,,,
-2.47,-0.39,44.24,,,
-2.51,-0.45,44.05,,,
-2.56,-0.5,43.86,,,
-2.62,-0.56,43.66,,,
-2.68,-0.62,43.47,,,
-2.73,-0.68,43.27,,,
-2.76,-0.75,43.07,,,
-2.79,-0.83,42.85,,,
-2.81,-0.89,42.61,,,
-2.84,-0.95,42.34,,,
-2.88,-0.98,42.09,,,
-2.92,-0.99,41.82,,,
-2.96,-1.01,41.56,,,
-3,-1.05,41.33,,,
-3.02,-1.08,41.11,,,
-3.05,-1.11,40.88,,,
-3.08,-1.14,40.64,,,
-3.13,-1.17,40.4,,,
-3.19,-1.17,40.17,,,
-3.26,-1.17,39.91,,,
-3.33,-1.17,39.67,,,
-3.39,-1.18,39.47,,,
-3.44,-1.21,39.28,,,
-3.5,-1.22,39.09,,,
-3.54,-1.24,38.9,,,
-3.6,-1.26,38.71,,,
-3.66,-1.27,38.52,,,
-3.73,-1.28,38.32,,,
-3.82,-1.28,38.13,,,
-3.91,-1.26,37.9,,,
-4.03,-1.22,37.67,,,
-4.15,-1.19,37.47,,,
-4.27,-1.15,37.29,,,
-4.39,-1.1,37.09,,,
-4.52,-1.04,36.9,,,
-4.64,-0.98,36.67,,,
-4.77,-0.92,36.46,,,
-4.89,-0.85,36.25,,,
-5.01,-0.77,36.05,,,
-5.12,-0.7,35.86,,,
-5.21,-0.63,35.7,,,
-5.29,-0.56,35.54,,,
-5.36,-0.49,35.4,,,
-5.43,-0.42,35.24,,,
-5.49,-0.35,35.1,,,
-5.55,-0.28,34.98,,,
-5.61,-0.22,34.87,,,
-5.68,-0.16,34.77,,,
-5.74,-0.09,34.69,,,
-5.82,-0.02,34.59,,,
-5.9,0.05,34.49,,,
-5.97,0.13,34.43,,,
-6.04,0.2,34.38,,,
-6.11,0.27,34.34,,,
-6.18,0.35,34.3,,,
-6.25,0.43,34.28,,,
-6.3,0.51,34.28,,,
-6.35,0.59,34.27,,,
-6.39,0.67,34.28,,,
-6.43,0.75,34.27,,,
-6.47,0.83,34.27,,,
-6.51,0.92,34.27,,,
-6.54,1,34.27,,,
-6.55,1.09,34.32,,,
-6.56,1.17,34.37,,,
-6.55,1.25,34.43,,,
-6.54,1.32,34.5,,,
-6.52,1.38,34.56,,,
-6.51,1.45,34.63,,,
-6.41,1.47,34.76,,,
-6.26,1.45,34.9,,,
-6.07,1.44,35.01,,,
-5.95,1.47,35.09,,,
-5.86,1.51,35.2,,,
-5.77,1.56,35.33,,,
-5.67,1.61,35.46,,,
-5.58,1.65,35.55,,,
-5.52,1.71,35.69,,,
-5.47,1.77,35.81,,,
-5.42,1.84,35.97,,,
-5.38,1.91,36.12,,,
-5.35,1.98,36.22,,,
-5.32,2.04,36.32,,,
-5.26,2.08,36.47,,,
-5.18,2.11,36.63,,,
-5.1,2.15,36.77,,,
-5.03,2.19,36.9,,,
-4.97,2.23,37.01,,,
-4.92,2.28,37.12,,,
-4.87,2.32,37.24,,,
-4.82,2.36,37.37,,,
-4.79,2.41,37.49,,,
-4.77,2.47,37.61,,,
-4.76,2.53,37.71,,,
-4.74,2.58,37.82,,,
-4.71,2.62,37.96,,,
-4.68,2.67,38.1,,,
-4.66,2.71,38.23,,,
-4.63,2.76,38.35,,,
-4.59,2.8,38.5,,,
-4.56,2.85,38.65,,,
-4.53,2.88,38.79,,,
-4.5,2.92,38.93,,,
-4.46,2.96,39.12,,,
-4.41,2.99,39.3,,,
-4.37,3.03,39.46,,,
-4.31,3.05,39.63,,,
-4.25,3.06,39.79,,,
-4.17,3.07,39.95,,,
-4.09,3.07,40.14,,,
-4,3.07,40.32,,,
-3.93,3.06,40.51,,,
-3.86,3.07,40.68,,,
-3.8,3.07,40.86,,,
-3.73,3.06,41.03,,,
-3.67,3.06,41.19,,,
-3.62,3.04,41.34,,,
-3.56,3.01,41.49,,,
-3.51,2.99,41.63,,,
-3.45,2.95,41.77,,,
-3.4,2.92,41.9,,,
-3.33,2.87,42.03,,,
-3.27,2.83,42.14,,,
-3.2,2.78,42.23,,,
-3.14,2.71,42.32,,,
-3.07,2.64,42.42,,,
-3,2.58,42.52,,,
-2.95,2.51,42.6,,,
-2.9,2.44,42.67,,,
-2.86,2.38,42.74,,,
-2.83,2.3,42.8,,,
-2.8,2.22,42.86,,,
-2.78,2.14,42.92,,,
-2.77,2.07,42.96,,,
-2.76,1.99,42.99,,,
-2.76,1.91,43.04,,,
-2.75,1.83,43.08,,,
-2.74,1.74,43.09,,,
-2.73,1.66,43.09,,,
-2.73,1.57,43.08,,,
-2.74,1.49,43.07,,,
-2.73,1.4,43.03,,,
-2.72,1.3,42.99,,,
-2.69,1.2,42.92,,,
-2.66,1.09,42.83,,,
-2.62,0.99,42.74,,,
-2.57,0.88,42.64,,,
-2.52,0.78,42.53,,,
-2.48,0.71,42.38,,,
-2.38,0.6,42.22,,,
-2.33,0.52,42.04,,,
-2.32,0.43,41.85,,,
-2.33,0.36,41.64,,,
-2.34,0.3,41.43,,,
-2.29,0.22,41.21,,,
-2.3,0.15,40.98,,,
-2.3,0.07,40.76,,,
-2.3,-0.02,40.53,,,
-2.31,-0.1,40.3,,,
-2.32,-0.18,40.06,,,
-2.33,-0.25,39.82,,,
-2.36,-0.3,39.52,,,
-2.44,-0.34,39.21,,,
-2.51,-0.37,38.9,,,
-2.58,-0.38,38.58,,,
-2.68,-0.38,38.26,,,
-2.77,-0.37,37.94,,,
-2.89,-0.36,37.61,,,
-3.03,-0.33,37.28,,,
-3.18,-0.28,36.96,,,
-3.35,-0.23,36.63,,,
-3.51,-0.18,36.28,,,
-3.69,-0.1,35.93,,,
-3.87,-0.01,35.63,,,
-4.05,0.07,35.33,,,
-4.24,0.15,35,,,
-4.41,0.23,34.69,,,
-4.54,0.3,34.41,,,
-4.67,0.37,34.14,,,
-4.8,0.45,33.92,,,
-4.93,0.53,33.71,,,
-5.06,0.62,33.49,,,
-5.2,0.72,33.25,,,
-5.33,0.83,33.03,,,
-5.46,0.93,32.83,,,
-5.6,1.04,32.67,,,
-5.73,1.16,32.53,,,
-5.86,1.27,32.42,,,
-5.97,1.38,32.32,,,
-6.07,1.46,32.22,,,
-6.17,1.52,32.12,,,
-6.25,1.58,32,,,
-6.31,1.64,31.9,,,
-6.37,1.71,31.85,,,
-6.41,1.78,31.84,,,
-6.45,1.83,31.86,,,
-6.48,1.88,31.91,,,
-6.49,1.89,32.01,,,
-6.49,1.93,32.1,,,
-6.49,1.96,32.2,,,
-6.49,2.05,32.31,,,
-6.48,2.13,32.38,,,
-6.54,2.23,32.47,,,
-6.6,2.34,32.64,,,
-6.65,2.44,32.85,,,
-6.68,2.53,33.03,,,
-6.73,2.61,33.19,,,
-6.77,2.69,33.42,,,
-6.81,2.78,33.67,,,
-6.86,2.88,33.93,,,
-6.89,2.97,34.2,,,
-6.92,3.06,34.47,,,
-6.95,3.14,34.76,,,
-6.98,3.21,35.05,,,
-7,3.29,35.35,,,
-7.01,3.37,35.67,,,
-7.03,3.44,36,,,
-7.05,3.52,36.29,,,
-7.04,3.58,36.62,,,
-7.01,3.63,36.95,,,
-6.97,3.68,37.28,,,
-6.91,3.71,37.61,,,
-6.86,3.75,37.93,,,
-6.83,3.78,38.26,,,
-6.8,3.81,38.6,,,
-6.74,3.83,38.94,,,
-6.69,3.83,39.31,,,
-6.62,3.83,39.68,,,
-6.56,3.83,40.04,,,
-6.5,3.84,40.38,,,
-6.43,3.84,40.71,,,
-6.36,3.83,41.04,,,
-6.31,3.79,41.38,,,
-6.21,3.74,41.72,,,
-6.1,3.67,42.04,,,
-6.01,3.59,42.34,,,
-5.86,3.5,42.66,,,
-5.69,3.41,42.98,,,
-5.49,3.28,43.28,,,
-5.3,3.17,43.58,,,
-5.1,3.03,43.88,,,
-4.89,2.9,44.16,,,
-4.7,2.77,44.41,,,
-4.53,2.64,44.62,,,
-4.35,2.53,44.82,,,
-4.19,2.42,45,,,
-4.03,2.32,45.18,,,
-3.88,2.23,45.34,,,
-3.75,2.14,45.5,,,
-3.62,2.05,45.66,,,
-3.47,1.93,45.8,,,
-3.31,1.79,45.94,,,
-3.17,1.65,46.06,,,
-3.04,1.53,46.17,,,
-2.93,1.41,46.25,,,
-2.85,1.32,46.32,,,
-2.83,1.25,46.38,,,
-2.87,1.21,46.44,,,
-2.96,1.21,46.5,,,
-3.08,1.23,46.55,,,
-3.16,1.22,46.6,,,
-3.21,1.17,46.64,,,
-3.23,1.12,46.67,,,
-3.24,1.05,46.67,,,
-3.23,0.97,46.67,,,
-3.18,0.88,46.67,,,
-3.11,0.8,46.65,,,
-3.05,0.72,46.59,,,
-2.96,0.64,46.55,,,
-2.87,0.56,46.49,,,
-2.75,0.48,46.42,,,
-2.64,0.4,46.33,,,
-2.53,0.35,46.22,,,
-2.43,0.32,46.11,,,
-2.33,0.28,46,,,
-2.23,0.25,45.88,,,
-2.15,0.24,45.76,,,
-2.08,0.24,45.64,,,
-1.98,0.27,45.52,,,
-1.9,0.31,45.36,,,
-1.86,0.36,45.19,,,
-1.84,0.42,45.02,,,
-1.8,0.47,44.86,,,
-1.72,0.5,44.7,,,
-1.67,0.51,44.52,,,
-1.64,0.51,44.35,,,
-1.62,0.51,44.18,,,
-1.6,0.51,44.02,,,
-1.59,0.5,43.87,,,
-1.58,0.5,43.7,,,
-1.58,0.5,43.54,,,
-1.58,0.51,43.38,,,
-1.59,0.5,43.22,,,
-1.6,0.52,43.05,,,
-1.6,0.53,42.89,,,
-1.62,0.56,42.71,,,
-1.64,0.61,42.52,,,
-1.63,0.65,42.33,,,
-1.64,0.68,42.12,,,
-1.65,0.68,41.92,,,
-1.67,0.67,41.71,,,
-1.69,0.66,41.52,,,
-1.68,0.65,41.33,,,
-1.67,0.65,41.13,,,
-1.67,0.64,40.95,,,
-1.67,0.64,40.75,,,
-1.69,0.63,40.55,,,
-1.73,0.62,40.34,,,
-1.77,0.62,40.13,,,
-1.81,0.63,39.91,,,
-1.87,0.66,39.68,,,
-1.95,0.7,39.45,,,
-2.04,0.74,39.23,,,
-2.13,0.77,39.02,,,
-2.22,0.8,38.77,,,
-2.3,0.83,38.57,,,
-2.38,0.86,38.37,,,
-2.45,0.89,38.17,,,
-2.49,0.91,37.95,,,
-2.55,0.9,37.71,,,
-2.59,0.91,37.51,,,
-2.62,0.91,37.3,,,
-2.67,0.92,37.09,,,
-2.73,0.93,36.88,,,
-2.8,0.95,36.67,,,
-2.9,0.98,36.46,,,
-3.02,1.03,36.26,,,
-3.15,1.08,36.07,,,
-3.3,1.13,35.88,,,
-3.46,1.2,35.7,,,
-3.63,1.26,35.53,,,
-3.81,1.33,35.37,,,
-3.99,1.41,35.19,,,
-4.19,1.5,35.01,,,
-4.39,1.58,34.84,,,
-4.57,1.67,34.68,,,
-4.68,1.71,34.57,,,
-4.78,1.75,34.46,,,
-4.88,1.8,34.33,,,
-4.99,1.85,34.22,,,
-5.1,1.91,34.11,,,
-5.22,1.98,34.02,,,
-5.35,2.13,33.94,,,
-5.47,2.21,33.9,,,
-5.6,2.3,33.9,,,
-5.74,2.39,33.9,,,
-5.82,2.42,33.9,,,
-5.86,2.42,33.88,,,
-5.88,2.42,33.79,,,
-5.92,2.43,33.65,,,
-5.97,2.42,33.56,,,
-6,2.43,33.51,,,
-6.04,2.44,33.52,,,
-6.11,2.45,33.54,,,
-6.19,2.51,33.56,,,
-6.29,2.58,33.6,,,
-6.4,2.65,33.63,,,
-6.54,2.74,33.68,,,
-6.7,2.83,33.74,,,
-6.87,2.94,33.82,,,
-7.05,3.06,33.92,,,
-7.21,3.16,33.99,,,
-7.33,3.24,34.09,,,
-7.42,3.3,34.22,,,
-7.5,3.36,34.4,,,
-7.54,3.39,34.59,,,
-7.6,3.44,34.78,,,
-7.66,3.48,34.98,,,
-7.74,3.54,35.16,,,
-7.8,3.58,35.36,,,
-7.86,3.63,35.57,,,
-7.91,3.67,35.79,,,
-7.96,3.7,36.01,,,
-8.01,3.75,36.23,,,
-8.05,3.8,36.43,,,
-8.09,3.86,36.67,,,
-8.14,3.92,36.92,,,
-8.2,3.98,37.18,,,
-8.24,4.04,37.45,,,
-8.28,4.08,37.74,,,
-8.31,4.13,38.03,,,
-8.33,4.17,38.31,,,
-8.37,4.21,38.59,,,
-8.38,4.23,38.88,,,
-8.38,4.23,39.17,,,
-8.38,4.23,39.47,,,
-8.38,4.24,39.76,,,
-8.37,4.25,40.04,,,
-8.38,4.26,40.32,,,
-8.39,4.27,40.58,,,
-8.38,4.28,40.83,,,
-8.36,4.29,41.09,,,
-8.34,4.3,41.35,,,
-8.32,4.3,41.6,,,
-8.31,4.31,41.87,,,
-8.3,4.32,42.13,,,
-8.28,4.35,42.39,,,
-8.27,4.37,42.66,,,
-8.27,4.4,42.92,,,
-8.24,4.43,43.2,,,
-8.24,4.47,43.48,,,
-8.26,4.46,43.78,,,
-8.21,4.56,44.07,,,
-8.25,4.59,44.33,,,
-8.23,4.58,44.61,,,
-8.16,4.56,44.91,,,
-8.06,4.52,45.21,,,
-7.98,4.47,45.45,,,
-7.89,4.4,45.68,,,
-7.77,4.33,45.88,,,
-7.64,4.27,46.07,,,
-7.57,4.14,46.26,,,
-7.31,4.03,46.51,,,
-7.11,3.92,46.7,,,
-6.83,3.79,46.89,,,
-6.62,3.71,47.09,,,
-6.37,3.63,47.3,,,
-6.17,3.57,47.48,,,
-5.99,3.5,47.66,,,
-5.83,3.44,47.83,,,
-5.66,3.37,47.98,,,
-5.46,3.27,48.14,,,
-5.25,3.16,48.3,,,
-5.04,3.06,48.43,,,
-4.82,2.93,48.54,,,
-4.58,2.8,48.62,,,
-4.36,2.69,48.67,,,
-4.2,2.62,48.71,,,
-4.13,2.6,48.72,,,
-4.13,2.61,48.74,,,
-4.2,2.66,48.75,,,
-4.3,2.74,48.79,,,
-4.48,2.84,48.83,,,
-4.61,2.83,48.86,,,
-4.66,2.74,48.88,,,
-4.65,2.6,48.91,,,
-4.61,2.53,48.91,,,
-4.58,2.48,48.85,,,
-4.54,2.42,48.8,,,
-4.47,2.35,48.74,,,
-4.39,2.27,48.67,,,
-4.29,2.2,48.58,,,
-4.17,2.11,48.48,,,
-4.03,2,48.38,,,
-3.86,1.9,48.25,,,
-3.7,1.8,48.1,,,
-3.55,1.73,47.94,,,
-3.42,1.65,47.74,,,
-3.3,1.59,47.54,,,
-3.18,1.54,47.32,,,
-3.08,1.49,47.11,,,
-2.99,1.48,46.87,,,
-2.91,1.46,46.62,,,
-2.88,1.45,46.37,,,
-2.86,1.45,46.12,,,
-2.8,1.43,45.86,,,
-2.76,1.41,45.58,,,
-2.72,1.38,45.3,,,
-2.71,1.35,45.02,,,
-2.73,1.35,44.74,,,
-2.74,1.34,44.45,,,
-2.77,1.33,44.14,,,
-2.83,1.32,43.84,,,
-2.84,1.32,43.55,,,
-2.89,1.3,43.27,,,
-2.94,1.3,42.99,,,
-3,1.3,42.7,,,
-3.07,1.3,42.4,,,
-3.15,1.28,42.1,,,
-3.22,1.28,41.8,,,
-3.3,1.25,41.51,,,
-3.39,1.24,41.22,,,
-3.48,1.24,40.91,,,
-3.55,1.22,40.62,,,
-3.6,1.2,40.33,,,
-3.65,1.18,40.04,,,
-3.7,1.17,39.73,,,
-3.78,1.18,39.4,,,
-3.85,1.2,39.07,,,
-3.94,1.22,38.74,,,
-4.02,1.25,38.42,,,
-4.1,1.27,38.11,,,
-4.19,1.32,37.82,,,
-4.3,1.38,37.53,,,
-4.41,1.42,37.26,,,
-4.52,1.48,37,,,
-4.63,1.53,36.69,,,
-4.75,1.57,36.4,,,
-4.87,1.62,36.13,,,
-5,1.68,35.87,,,
-5.13,1.74,35.63,,,
-5.28,1.81,35.4,,,
-5.42,1.89,35.19,,,
-5.56,1.96,34.97,,,
-5.69,2.03,34.77,,,
-5.8,2.09,34.58,,,
-5.91,2.15,34.41,,,
-6,2.21,34.27,,,
-6.09,2.26,34.14,,,
-6.16,2.3,34,,,
-6.22,2.34,33.88,,,
-6.28,2.37,33.76,,,
-6.33,2.4,33.66,,,
-6.37,2.43,33.56,,,
-6.41,2.46,33.47,,,
-6.45,2.48,33.38,,,
-6.49,2.52,33.26,,,
-6.51,2.57,33.15,,,
-6.55,2.63,33.06,,,
-6.6,2.69,33,,,
-6.67,2.75,32.96,,,
-6.76,2.81,32.93,,,
-6.84,2.87,32.96,,,
-6.92,2.94,33,,,
-6.99,3.03,33.04,,,
-7.07,3.12,33.09,,,
-7.16,3.23,33.16,,,
-7.26,3.33,33.29,,,
-7.35,3.43,33.43,,,
-7.42,3.52,33.56,,,
-7.49,3.59,33.71,,,
-7.52,3.65,33.84,,,
-7.54,3.7,33.98,,,
-7.56,3.74,34.13,,,
-7.57,3.78,34.28,,,
-7.58,3.82,34.45,,,
-7.6,3.86,34.62,,,
-7.59,3.89,34.81,,,
-7.56,3.9,35.01,,,
-7.53,3.9,35.21,,,
-7.49,3.93,35.4,,,
-7.47,3.88,35.59,,,
-7.38,3.87,35.82,,,
-7.31,3.83,36.03,,,
-7.23,3.8,36.24,,,
-7.13,3.76,36.46,,,
-7.01,3.69,36.66,,,
-6.88,3.62,36.84,,,
-6.74,3.54,37.01,,,
-6.6,3.44,37.18,,,
-6.44,3.34,37.34,,,
-6.27,3.22,37.47,,,
-6.1,3.1,37.58,,,
-5.92,2.98,37.69,,,
-5.74,2.86,37.78,,,
-5.57,2.76,37.84,,,
-5.42,2.66,37.9,,,
-5.24,2.58,37.94,,,
-5.11,2.5,37.93,,,
-4.99,2.44,37.94,,,
-4.85,2.39,37.95,,,
-4.76,2.38,37.93,,,
-4.77,2.44,37.91,,,
-4.73,2.51,37.88,,,
-4.67,2.54,37.82,,,
-4.6,2.56,37.75,,,
-4.58,2.59,37.67,,,
-4.55,2.64,37.56,,,
-4.52,2.66,37.46,,,
-4.47,2.66,37.33,,,
-4.42,2.66,37.19,,,
-4.36,2.64,37.05,,,
-4.26,2.59,36.91,,,
-4.11,2.53,36.75,,,
-3.98,2.44,36.57,,,
-3.84,2.35,36.4,,,
-3.63,2.23,36.24,,,
-3.44,2.11,36.07,,,
-3.26,1.99,35.86,,,
-3.11,1.91,35.6,,,
-2.98,1.85,35.33,,,
-2.88,1.8,35.04,,,
-2.79,1.76,34.76,,,
-2.72,1.73,34.5,,,
-2.66,1.69,34.23,,,
-2.59,1.65,33.93,,,
-2.57,1.62,33.64,,,
-2.57,1.62,33.34,,,
-2.56,1.63,33.05,,,
-2.56,1.64,32.75,,,
-2.55,1.63,32.44,,,
-2.52,1.61,32.14,,,
-2.47,1.56,31.86,,,
-2.42,1.5,31.56,,,
-2.38,1.47,31.27,,,
-2.38,1.49,31.01,,,
-2.4,1.55,30.75,,,
-2.44,1.65,30.5,,,
-2.47,1.74,30.23,,,
-2.47,1.79,29.98,,,
-2.43,1.81,29.72,,,
-2.38,1.8,29.45,,,
-2.35,1.8,29.18,,,
-2.33,1.83,28.9,,,
-2.34,1.88,28.63,,,
-2.36,1.94,28.35,,,
-2.38,2.01,28.07,,,
-2.4,2.08,27.8,,,
-2.44,2.16,27.53,,,
-2.49,2.24,27.26,,,
-2.56,2.34,26.99,,,
-2.65,2.44,26.75,,,
-2.75,2.55,26.51,,,
-2.88,2.67,26.3,,,
-3.01,2.8,26.07,,,
-3.15,2.94,25.86,,,
-3.29,3.07,25.66,,,
-3.42,3.17,25.47,,,
-3.54,3.27,25.29,,,
-3.65,3.36,25.12,,,
-3.75,3.46,24.95,,,
-3.83,3.56,24.77,,,
-3.85,3.67,24.58,,,
-3.81,3.76,24.37,,,
-3.71,3.81,24.14,,,
-3.56,3.82,23.93,,,
-3.38,3.77,23.73,,,
-3.16,3.68,23.54,,,
-2.96,3.56,23.38,,,
-2.98,3.5,23.29,,,
-3.08,3.53,23.24,,,
-3.18,3.61,23.23,,,
-3.28,3.74,23.21,,,
-3.38,3.89,23.21,,,
-3.45,4.02,23.25,,,
-3.51,4.13,23.3,,,
-3.54,4.21,23.36,,,
-3.55,4.26,23.43,,,
-3.57,4.29,23.52,,,
-3.58,4.3,23.66,,,
-3.68,4.31,23.84,,,
-3.71,4.32,24.1,,,
-3.64,4.25,24.36,,,
-3.55,4.18,24.63,,,
-3.45,4.11,24.86,,,
-3.32,4.05,25.06,,,
-3.2,4,25.26,,,
-3.1,3.98,25.44,,,
-3.05,3.96,25.63,,,
-3.01,3.96,25.86,,,
-2.87,3.91,26.13,,,
-2.7,3.83,26.39,,,
-2.58,3.78,26.63,,,
-2.47,3.78,26.85,,,
-2.39,3.8,27.05,,,
-2.3,3.79,27.24,,,
-2.23,3.78,27.49,,,
-2.11,3.71,27.75,,,
-2,3.66,27.96,,,
-1.93,3.65,28.15,,,
-1.86,3.65,28.33,,,
-1.81,3.66,28.53,,,
-1.78,3.66,28.71,,,
-1.75,3.65,28.91,,,
-1.72,3.62,29.14,,,
-1.67,3.55,29.36,,,
-1.63,3.47,29.57,,,
-1.59,3.41,29.77,,,
-1.54,3.35,29.93,,,
-1.48,3.32,30.07,,,
-1.42,3.31,30.19,,,
-1.33,3.33,30.32,,,
-1.22,3.35,30.43,,,
-1.11,3.37,30.54,,,
-1,3.4,30.67,,,
-0.9,3.44,30.8,,,
-0.79,3.46,30.94,,,
-0.7,3.48,31.08,,,
-0.61,3.5,31.23,,,
-0.52,3.52,31.37,,,
-0.44,3.53,31.51,,,
-0.37,3.54,31.64,,,
-0.32,3.55,31.78,,,
-0.29,3.54,31.91,,,
-0.26,3.53,32.03,,,
-0.24,3.51,32.16,,,
-0.23,3.49,32.28,,,
-0.23,3.46,32.41,,,
-0.23,3.43,32.51,,,
-0.24,3.4,32.62,,,
-0.26,3.35,32.75,,,
-0.27,3.29,32.88,,,
-0.28,3.23,33.02,,,
-0.28,3.16,33.15,,,
-0.29,3.09,33.27,,,
-0.29,3.02,33.38,,,
-0.29,2.96,33.45,,,
-0.28,2.9,33.52,,,
-0.27,2.85,33.59,,,
-0.26,2.81,33.66,,,
-0.25,2.79,33.71,,,
-0.23,2.77,33.77,,,
-0.21,2.75,33.83,,,
-0.19,2.72,33.89,,,
-0.18,2.69,33.95,,,
-0.17,2.66,34.01,,,
-0.15,2.63,34.1,,,
-0.14,2.59,34.18,,,
-0.11,2.54,34.23,,,
-0.09,2.48,34.28,,,
-0.08,2.42,34.34,,,
-0.06,2.35,34.4,,,
-0.05,2.27,34.48,,,
-0.03,2.2,34.56,,,
-0.01,2.12,34.62,,,
0.01,2.04,34.68,,,
0.02,1.97,34.71,,,
0.05,1.9,34.74,,,
0.08,1.84,34.77,,,
0.11,1.78,34.79,,,
0.13,1.72,34.81,,,
0.16,1.67,34.82,,,
0.19,1.62,34.83,,,
0.22,1.58,34.83,,,
0.23,1.54,34.83,,,
0.25,1.51,34.83,,,
0.27,1.48,34.82,,,
0.28,1.44,34.81,,,
0.3,1.39,34.81,,,
0.33,1.34,34.79,,,
0.36,1.26,34.75,,,
0.38,1.2,34.68,,,
0.41,1.14,34.63,,,
0.42,1.08,34.58,,,
0.38,1.04,34.51,,,
0.34,0.98,34.43,,,
0.33,0.93,34.39,,,
0.3,0.87,34.34,,,
0.32,0.82,34.27,,,
0.25,0.8,34.17,,,
0.18,0.78,34.07,,,
0.14,0.76,34,,,
0.08,0.73,33.92,,,
0.02,0.71,33.83,,,
0,0.7,33.74,,,
-0.03,0.69,33.63,,,
-0.04,0.68,33.53,,,
-0.05,0.65,33.45,,,
-0.04,0.61,33.35,,,
-0.03,0.58,33.25,,,
-0.02,0.56,33.14,,,
-0.02,0.56,33.02,,,
-0.03,0.56,32.93,,,
-0.06,0.57,32.85,,,
-0.09,0.57,32.79,,,
-0.13,0.58,32.74,,,
-0.18,0.58,32.69,,,
-0.23,0.58,32.64,,,
-0.29,0.57,32.59,,,
-0.34,0.55,32.55,,,
-0.4,0.52,32.54,,,
-0.45,0.48,32.54,,,
-0.5,0.43,32.51,,,
-0.55,0.37,32.48,,,
-0.6,0.3,32.46,,,
-0.67,0.25,32.44,,,
-0.74,0.2,32.41,,,
-0.82,0.16,32.39,,,
-0.89,0.13,32.36,,,
-0.97,0.11,32.33,,,
-1.06,0.1,32.31,,,
-1.13,0.09,32.28,,,
-1.21,0.1,32.25,,,
-1.3,0.12,32.21,,,
-1.38,0.15,32.15,,,
-1.44,0.17,32.09,,,
-1.5,0.19,32.03,,,
-1.54,0.2,31.98,,,
-1.57,0.19,31.9,,,
-1.61,0.18,31.82,,,
-1.67,0.18,31.77,,,
-1.73,0.19,31.73,,,
-1.79,0.18,31.73,,,
-1.86,0.19,31.73,,,
-1.94,0.19,31.73,,,
-2.02,0.19,31.72,,,
-2.11,0.19,31.72,,,
-2.2,0.2,31.72,,,
-2.29,0.19,31.71,,,
-2.37,0.19,31.71,,,
-2.45,0.19,31.72,,,
-2.52,0.18,31.73,,,
-2.59,0.17,31.75,,,
-2.67,0.16,31.78,,,
-2.74,0.15,31.78,,,
-2.8,0.14,31.78,,,
-2.86,0.12,31.8,,,
-2.92,0.1,31.82,,,
-2.98,0.09,31.79,,,
-3.04,0.08,31.76,,,
-3.11,0.09,31.77,,,
-3.17,0.11,31.77,,,
-3.24,0.14,31.75,,,
-3.3,0.17,31.74,,,
-3.36,0.21,31.72,,,
-3.43,0.24,31.71,,,
-3.5,0.28,31.68,,,
-3.57,0.32,31.66,,,
-3.65,0.36,31.68,,,
-3.74,0.39,31.7,,,
-3.84,0.43,31.67,,,
-3.93,0.45,31.65,,,
-4.02,0.47,31.62,,,
-4.11,0.49,31.6,,,
-4.19,0.5,31.59,,,
-4.27,0.52,31.59,,,
-4.36,0.55,31.57,,,
-4.42,0.59,31.55,,,
-4.48,0.65,31.52,,,
-4.56,0.71,31.49,,,
-4.64,0.78,31.46,,,
-4.72,0.85,31.46,,,
-4.81,0.91,31.46,,,
-4.88,0.95,31.5,,,
-4.92,0.98,31.55,,,
-4.96,1.02,31.6,,,
-4.99,1.08,31.66,,,
-5.01,1.14,31.72,,,
-5.02,1.22,31.79,,,
-5.03,1.32,31.86,,,
-5.04,1.43,31.94,,,
-5.04,1.54,32.02,,,
-5.02,1.64,32.09,,,
-5,1.75,32.17,,,
-4.98,1.85,32.23,,,
-4.94,1.95,32.3,,,
-4.9,2.05,32.35,,,
-4.9,2.14,32.39,,,
-4.76,2.18,32.57,,,
-4.61,2.17,32.75,,,
-4.51,2.16,32.88,,,
-4.42,2.2,32.99,,,
-4.37,2.25,33.15,,,
-4.33,2.3,33.32,,,
-4.3,2.33,33.52,,,
-4.24,2.35,33.73,,,
-4.17,2.36,33.92,,,
-4.11,2.37,34.1,,,
-4.05,2.38,34.29,,,
-3.99,2.39,34.49,,,
-3.92,2.39,34.66,,,
-3.82,2.35,34.83,,,
-3.71,2.31,35,,,
-3.63,2.28,35.16,,,
-3.55,2.27,35.32,,,
-3.47,2.29,35.48,,,
-3.4,2.32,35.62,,,
-3.35,2.36,35.76,,,
-3.29,2.39,35.9,,,
-3.22,2.41,36.04,,,
-3.15,2.44,36.17,,,
-3.09,2.47,36.29,,,
-3.03,2.5,36.46,,,
-2.97,2.55,36.61,,,
-2.91,2.6,36.74,,,
-2.86,2.66,36.86,,,
-2.79,2.72,36.99,,,
-2.73,2.76,37.13,,,
-2.65,2.79,37.25,,,
-2.58,2.81,37.37,,,
-2.5,2.81,37.52,,,
-2.43,2.81,37.66,,,
-2.36,2.81,37.79,,,
-2.31,2.79,37.93,,,
-2.26,2.78,38.07,,,
-2.22,2.78,38.21,,,
-2.2,2.78,38.34,,,
-2.16,2.78,38.46,,,
-2.13,2.79,38.58,,,
-2.08,2.78,38.69,,,
-2.02,2.76,38.82,,,
-1.95,2.73,38.95,,,
-1.88,2.7,39.07,,,
-1.81,2.67,39.19,,,
-1.74,2.65,39.27,,,
-1.67,2.62,39.35,,,
-1.61,2.59,39.42,,,
-1.55,2.56,39.49,,,
-1.5,2.53,39.55,,,
-1.45,2.49,39.6,,,
-1.41,2.44,39.66,,,
-1.36,2.39,39.72,,,
-1.33,2.33,39.79,,,
-1.3,2.27,39.85,,,
-1.27,2.22,39.89,,,
-1.25,2.16,39.93,,,
-1.22,2.09,39.98,,,
-1.2,2.02,40.03,,,
-1.17,1.95,40.07,,,
-1.13,1.87,40.11,,,
-1.09,1.79,40.12,,,
-1.04,1.7,40.11,,,
-0.98,1.61,40.11,,,
-0.92,1.53,40.1,,,
-0.87,1.45,40.1,,,
-0.81,1.36,40.09,,,
-0.76,1.28,40.04,,,
-0.71,1.21,39.99,,,
-0.66,1.13,39.93,,,
-0.61,1.04,39.87,,,
-0.57,0.96,39.79,,,
-0.54,0.88,39.7,,,
-0.54,0.84,39.57,,,
-0.57,0.81,39.41,,,
-0.52,0.77,39.29,,,
-0.55,0.75,39.12,,,
-0.63,0.74,38.95,,,
-0.68,0.71,38.79,,,
-0.75,0.65,38.63,,,
-0.81,0.58,38.47,,,
-0.85,0.51,38.29,,,
-0.91,0.44,38.11,,,
-0.96,0.36,37.95,,,
-1.02,0.3,37.79,,,
-1.09,0.25,37.61,,,
-1.16,0.2,37.43,,,
-1.22,0.15,37.25,,,
-1.28,0.1,37.06,,,
-1.36,0.06,36.86,,,
-1.44,0.03,36.66,,,
-1.55,0.01,36.43,,,
-1.65,0,36.22,,,
-1.76,-0.02,36.04,,,
-1.86,-0.03,35.8,,,
-1.96,-0.04,35.55,,,
-2.07,-0.04,35.32,,,
-2.2,-0.03,35.11,,,
-2.33,-0.02,34.92,,,
-2.45,-0.02,34.75,,,
-2.57,-0.01,34.57,,,
-2.7,0,34.36,,,
-2.83,0.02,34.16,,,
-2.97,0.04,33.99,,,
-3.13,0.07,33.83,,,
-3.31,0.12,33.68,,,
-3.49,0.17,33.54,,,
-3.67,0.22,33.41,,,
-3.85,0.26,33.29,,,
-4.02,0.3,33.17,,,
-4.19,0.31,33.07,,,
-4.33,0.33,32.96,,,
-4.47,0.34,32.87,,,
-4.6,0.35,32.79,,,
-4.72,0.37,32.69,,,
-4.83,0.38,32.59,,,
-4.93,0.4,32.51,,,
-5.04,0.41,32.44,,,
-5.14,0.43,32.37,,,
-5.24,0.46,32.31,,,
-5.34,0.5,32.25,,,
-5.44,0.55,32.2,,,
-5.55,0.59,32.15,,,
-5.64,0.65,32.13,,,
-5.73,0.7,32.12,,,
-5.83,0.76,32.1,,,
-5.95,0.82,32.09,,,
-6.08,0.89,32.06,,,
-6.22,0.97,32.03,,,
-6.35,1.04,31.99,,,
-6.47,1.13,31.96,,,
-6.58,1.21,31.95,,,
-6.67,1.31,31.95,,,
-6.76,1.39,31.98,,,
-6.85,1.47,32.01,,,
-6.98,1.57,32.03,,,
-7.11,1.65,32.06,,,
-7.21,1.75,32.11,,,
-7.28,1.84,32.18,,,
-7.31,1.93,32.29,,,
-7.36,2.03,32.44,,,
-7.43,2.15,32.59,,,
-7.49,2.26,32.72,,,
-7.56,2.38,32.82,,,
-7.6,2.49,32.94,,,
-7.61,2.58,33.1,,,
-7.6,2.67,33.25,,,
-7.56,2.74,33.4,,,
-7.5,2.8,33.56,,,
-7.41,2.85,33.74,,,
-7.33,2.92,33.94,,,
-7.23,2.99,34.13,,,
-7.13,3.04,34.33,,,
-7.02,3.1,34.5,,,
-6.92,3.16,34.67,,,
-6.8,3.21,34.85,,,
-6.66,3.23,35.04,,,
-6.51,3.26,35.24,,,
-6.35,3.29,35.44,,,
-6.2,3.31,35.65,,,
-6.05,3.33,35.84,,,
-5.91,3.35,36.03,,,
-5.76,3.37,36.21,,,
-5.61,3.37,36.41,,,
-5.46,3.37,36.6,,,
-5.32,3.36,36.76,,,
-5.16,3.35,36.92,,,
-4.99,3.32,37.1,,,
-4.82,3.28,37.26,,,
-4.66,3.24,37.42,,,
-4.5,3.19,37.56,,,
-4.35,3.13,37.69,,,
-4.22,3.07,37.8,,,
-4.09,3.01,37.89,,,
-3.98,2.95,37.96,,,
-3.89,2.89,38.01,,,
-3.83,2.84,38.04,,,
-3.8,2.81,38.05,,,
-3.79,2.78,38.03,,,
-3.82,2.75,37.98,,,
-3.85,2.72,37.91,,,
-3.89,2.69,37.82,,,
-3.94,2.66,37.71,,,
-3.99,2.63,37.58,,,
-4.03,2.6,37.44,,,
-4.07,2.57,37.26,,,
-4.1,2.54,37.08,,,
-4.12,2.51,36.92,,,
-4.15,2.48,36.74,,,
-4.19,2.44,36.54,,,
-4.22,2.42,36.37,,,
-4.25,2.4,36.2,,,
-4.3,2.39,36.04,,,
-4.35,2.39,35.89,,,
-4.39,2.39,35.8,,,
-4.42,2.37,35.73,,,
-4.44,2.34,35.66,,,
-4.46,2.3,35.61,,,
-4.48,2.29,35.53,,,
-4.47,2.27,35.48,,,
-4.43,2.23,35.49,,,
-4.37,2.19,35.52,,,
-4.32,2.15,35.54,,,
-4.29,2.13,35.56,,,
-4.26,2.12,35.59,,,
-4.2,2.1,35.66,,,
-4.07,2.03,35.8,,,
-3.97,1.97,35.96,,,
-3.94,1.93,36.1,,,
-3.93,1.92,36.22,,,
-3.92,1.9,36.33,,,
-3.86,1.86,36.43,,,
-3.8,1.8,36.53,,,
-3.69,1.72,36.63,,,
-3.55,1.62,36.74,,,
-3.37,1.5,36.87,,,
-3.17,1.36,36.98,,,
-2.93,1.18,37.07,,,
-2.91,1.13,37.09,,,
-2.88,1.11,37.09,,,
-2.81,1.09,37.13,,,
-2.76,1.06,37.19,,,
-2.73,1.04,37.26,,,
-2.72,1.03,37.35,,,
-2.66,1.01,37.44,,,
-2.62,0.99,37.54,,,
-2.59,1.01,37.66,,,
-2.55,1.04,37.8,,,
-2.49,1.07,37.96,,,
-2.44,1.11,38.12,,,
-2.4,1.14,38.31,,,
-2.31,1.16,38.52,,,
-2.23,1.2,38.71,,,
-2.13,1.24,38.9,,,
-2.02,1.29,39.08,,,
-1.9,1.35,39.26,,,
-1.76,1.4,39.44,,,
-1.64,1.44,39.62,,,
-1.54,1.49,39.78,,,
-1.45,1.53,39.92,,,
-1.34,1.6,40,,,
-1.22,1.67,40.05,,,
-1.12,1.74,40.09,,,
-1.03,1.79,40.12,,,
-0.95,1.84,40.16,,,
-0.88,1.88,40.2,,,
-0.82,1.91,40.22,,,
-0.77,1.94,40.25,,,
-0.71,1.96,40.32,,,
-0.64,1.99,40.51,,,
-0.6,2.01,40.82,,,
-0.46,2.11,41.31,,,
-0.28,2.3,41.92,,,
0.05,2.68,42.5,,,
0.16,2.78,42.89,,,
0.22,2.8,43.18,,,
0.28,2.8,43.44,,,
0.4,2.8,43.69,,,
0.52,2.8,43.93,,,
0.61,2.8,44.16,,,
0.63,2.8,44.39,,,
0.65,2.82,44.6,,,
0.64,2.84,44.75,,,
0.57,2.81,44.82,,,
0.45,2.74,44.87,,,
0.33,2.65,44.91,,,
0.22,2.58,44.95,,,
0.14,2.52,44.99,,,
0.05,2.46,45.03,,,
-0.02,2.41,45.07,,,
-0.08,2.37,45.1,,,
-0.12,2.34,45.17,,,
-0.14,2.33,45.24,,,
-0.15,2.32,45.3,,,
-0.14,2.32,45.35,,,
-0.12,2.32,45.39,,,
-0.09,2.34,45.45,,,
-0.06,2.35,45.5,,,
-0.02,2.37,45.55,,,
0.03,2.39,45.6,,,
0.08,2.42,45.64,,,
0.14,2.45,45.69,,,
0.21,2.49,45.75,,,
0.29,2.53,45.79,,,
0.37,2.58,45.84,,,
0.45,2.63,45.88,,,
0.53,2.67,45.93,,,
0.61,2.72,45.96,,,
0.68,2.76,45.99,,,
0.76,2.81,46.02,,,
0.79,2.82,46.07,,,
0.81,2.82,46.11,,,
0.82,2.82,46.14,,,
0.82,2.81,46.18,,,
0.83,2.81,46.21,,,
0.82,2.8,46.25,,,
0.79,2.78,46.29,,,
0.76,2.75,46.33,,,
0.72,2.72,46.37,,,
0.67,2.68,46.41,,,
0.62,2.65,46.44,,,
0.57,2.62,46.46,,,
0.52,2.58,46.48,,,
0.47,2.54,46.52,,,
0.42,2.51,46.56,,,
0.36,2.47,46.6,,,
0.31,2.43,46.65,,,
0.25,2.39,46.69,,,
0.21,2.35,46.73,,,
0.17,2.31,46.77,,,
0.13,2.29,46.79,,,
0.11,2.26,46.84,,,
0.09,2.25,46.89,,,
0.09,2.24,46.92,,,
0.11,2.24,46.95,,,
0.14,2.26,46.98,,,
0.18,2.28,47.02,,,
0.24,2.31,47.05,,,
0.3,2.35,47.07,,,
0.38,2.39,47.1,,,
0.46,2.44,47.14,,,
0.54,2.49,47.16,,,
0.62,2.54,47.19,,,
0.7,2.58,47.22,,,
0.77,2.62,47.25,,,
0.86,2.67,47.28,,,
0.92,2.7,47.31,,,
0.95,2.71,47.35,,,
0.96,2.71,47.4,,,
0.97,2.71,47.44,,,
0.98,2.72,47.48,,,
0.99,2.72,47.51,,,
1,2.72,47.55,,,
1.01,2.72,47.61,,,
1.01,2.72,47.67,,,
1.03,2.72,47.74,,,
1.03,2.71,47.81,,,
1.04,2.71,47.85,,,
1.04,2.7,47.89,,,
1.05,2.7,47.93,,,
1.06,2.69,47.99,,,
1.07,2.69,48.04,,,
1.09,2.68,48.08,,,
1.09,2.68,48.12,,,
1.1,2.67,48.16,,,
1.11,2.67,48.2,,,
1.12,2.66,48.23,,,
1.12,2.66,48.26,,,
1.13,2.66,48.28,,,
1.13,2.65,48.31,,,
1.13,2.65,48.34,,,
1.13,2.65,48.37,,,
1.13,2.65,48.4,,,
1.14,2.65,48.43,,,
1.14,2.65,48.46,,,
1.15,2.65,48.48,,,
1.15,2.66,48.51,,,
1.16,2.66,48.53,,,
1.17,2.66,48.55,,,
1.17,2.66,48.55,,,
1.18,2.66,48.56,,,
1.19,2.66,48.57,,,
1.2,2.66,48.6,,,
1.21,2.66,48.61,,,
1.22,2.66,48.62,,,
1.22,2.66,48.63,,,
1.22,2.66,48.64,,,
1.22,2.65,48.67,,,
1.22,2.64,48.7,,,
1.21,2.63,48.72,,,
1.21,2.61,48.74,,,
1.21,2.6,48.76,,,
1.2,2.58,48.79,,,
1.2,2.57,48.81,,,
1.2,2.57,48.84,,,
1.19,2.56,48.86,,,
1.19,2.56,48.87,,,
1.19,2.56,48.88,,,
1.2,2.56,48.89,,,
1.2,2.57,48.91,,,
1.22,2.58,48.94,,,
1.23,2.58,48.96,,,
1.25,2.59,48.98,,,
1.26,2.6,49,,,
1.28,2.61,49.02,,,
1.29,2.61,49.04,,,
1.3,2.61,49.06,,,
1.31,2.61,49.09,,,
1.3,2.61,49.12,,,
1.3,2.61,49.15,,,
1.29,2.6,49.18,,,
1.28,2.59,49.21,,,
1.27,2.58,49.23,,,
1.26,2.57,49.26,,,
1.26,2.56,49.28,,,
1.25,2.55,49.31,,,
1.25,2.55,49.34,,,
1.24,2.55,49.34,,,
1.24,2.55,49.34,,,
1.24,2.55,49.35,,,
1.24,2.55,49.37,,,
1.24,2.55,49.39,,,
1.25,2.55,49.39,,,
1.26,2.55,49.4,,,
1.27,2.55,49.42,,,
1.28,2.55,49.44,,,
1.29,2.56,49.45,,,
1.31,2.56,49.46,,,
1.33,2.56,49.46,,,
1.34,2.57,49.48,,,
1.35,2.57,49.49,,,
1.36,2.57,49.51,,,
1.37,2.57,49.54,,,
1.37,2.56,49.56,,,
1.38,2.56,49.58,,,
1.33,2.58,49.61,,,
1.34,2.56,49.68,,,
1.34,2.54,49.71,,,
1.34,2.53,49.74,,,
1.33,2.52,49.75,,,
1.33,2.52,49.77,,,
1.33,2.51,49.78,,,
1.32,2.51,49.79,,,
1.32,2.51,49.82,,,
1.31,2.51,49.84,,,
1.31,2.51,49.86,,,
1.31,2.51,49.87,,,
1.31,2.52,49.89,,,
1.31,2.52,49.9,,,
1.31,2.52,49.92,,,
1.32,2.52,49.93,,,
1.32,2.53,49.94,,,
1.32,2.53,49.96,,,
1.33,2.53,49.97,,,
1.33,2.53,49.98,,,
1.33,2.53,50.01,,,
1.34,2.53,50.03,,,
1.34,2.52,50.05,,,
1.34,2.52,50.07,,,
1.34,2.52,50.11,,,
1.34,2.51,50.14,,,
1.35,2.51,50.18,,,
1.35,2.5,50.21,,,
1.34,2.5,50.23,,,
1.34,2.5,50.25,,,
1.34,2.49,50.27,,,
1.34,2.49,50.28,,,
1.35,2.49,50.3,,,
1.35,2.48,50.32,,,
1.35,2.48,50.33,,,
1.35,2.48,50.35,,,
1.36,2.49,50.36,,,
1.36,2.49,50.38,,,
1.36,2.49,50.41,,,
1.37,2.49,50.43,,,
1.37,2.5,50.45,,,
1.38,2.5,50.47,,,
1.39,2.5,50.49,,,
1.39,2.5,50.52,,,
1.4,2.5,50.53,,,
1.41,2.5,50.55,,,
1.41,2.5,50.56,,,
1.41,2.5,50.57,,,
1.41,2.5,50.59,,,
1.41,2.5,50.62,,,
1.41,2.49,50.62,,,
1.41,2.49,50.63,,,
1.41,2.48,50.63,,,
1.41,2.48,50.63,,,
1.41,2.48,50.65,,,
1.41,2.48,50.66,,,
1.41,2.47,50.67,,,
1.41,2.47,50.7,,,
1.41,2.47,50.7,,,
1.41,2.47,50.7,,,
1.42,2.47,50.71,,,
1.42,2.47,50.72,,,
1.42,2.48,50.73,,,
1.42,2.48,50.74,,,
1.43,2.48,50.75,,,
1.43,2.48,50.77,,,
1.43,2.48,50.79,,,
1.43,2.48,50.82,,,
1.44,2.48,50.84,,,
1.44,2.48,50.85,,,
1.44,2.48,50.86,,,
1.44,2.48,50.87,,,
1.44,2.48,50.89,,,
1.44,2.48,50.9,,,
1.45,2.48,50.9,,,
1.45,2.48,50.9,,,
1.45,2.48,50.9,,,
1.45,2.48,50.91,,,
