-2.3,-2.07,-2.09,-2.11,-2.13
-2.3,-2.07,-2.09,-2.11,-2.13
-2.3,-2.07,-2.09,-2.11,-2.13
-2.29,-2.07,-2.09,-2.11,-2.13
-2.29,-2.07,-2.08,-2.11,-2.13
-2.29,-2.07,-2.08,-2.11,-2.12
-2.29,-2.07,-2.08,-2.11,-2.12
-2.29,-2.07,-2.08,-2.11,-2.12
-2.29,-2.07,-2.08,-2.11,-2.12
-2.29,-2.07,-2.08,-2.11,-2.12
-2.29,-2.07,-2.08,-2.11,-2.12
-2.29,-2.07,-2.08,-2.11,-2.12
-2.3,-2.07,-2.08,-2.11,-2.12
-2.3,-2.07,-2.08,-2.11,-2.12
-2.3,-2.07,-2.08,-2.11,-2.12
-2.3,-2.07,-2.08,-2.11,-2.12
-2.3,-2.07,-2.08,-2.11,-2.12
-2.3,-2.07,-2.08,-2.11,-2.12
-2.29,-2.06,-2.08,-2.11,-2.12
-2.28,-2.06,-2.08,-2.11,-2.12
-2.28,-2.06,-2.08,-2.11,-2.12
-2.28,-2.06,-2.08,-2.11,-2.12
-2.28,-2.06,-2.08,-2.11,-2.12
-2.28,-2.06,-2.08,-2.11,-2.12
-2.28,-2.06,-2.08,-2.11,-2.12
-2.28,-2.06,-2.08,-2.11,-2.12
-2.28,-2.06,-2.08,-2.11,-2.12
-2.28,-2.07,-2.08,-2.11,-2.12
-2.27,-2.07,-2.08,-2.11,-2.12
-2.27,-2.07,-2.08,-2.11,-2.12
-2.27,-2.07,-2.08,-2.11,-2.12
-2.27,-2.07,-2.07,-2.11,-2.12
-2.27,-2.08,-2.07,-2.11,-2.11
-2.27,-2.07,-2.07,-2.11,-2.11
-2.27,-2.07,-2.07,-2.11,-2.11
-2.27,-2.06,-2.07,-2.11,-2.11
-2.27,-2.07,-2.07,-2.11,-2.12
-2.27,-2.07,-2.07,-2.11,-2.12
-2.27,-2.07,-2.08,-2.11,-2.12
-2.27,-2.07,-2.08,-2.11,-2.11
-2.26,-2.07,-2.08,-2.11,-2.11
-2.26,-2.07,-2.08,-2.11,-2.11
-2.26,-2.07,-2.08,-2.11,-2.11
-2.26,-2.07,-2.08,-2.11,-2.11
-2.26,-2.07,-2.08,-2.11,-2.11
-2.26,-2.07,-2.09,-2.1,-2.11
-2.26,-2.07,-2.09,-2.1,-2.11
-2.26,-2.07,-2.09,-2.1,-2.11
-2.26,-2.07,-2.08,-2.1,-2.11
-2.26,-2.07,-2.08,-2.1,-2.11
-2.26,-2.07,-2.08,-2.1,-2.11
-2.26,-2.07,-2.08,-2.1,-2.11
-2.25,-2.07,-2.08,-2.1,-2.11
-2.25,-2.07,-2.08,-2.1,-2.11
-2.25,-2.07,-2.08,-2.1,-2.11
-2.25,-2.07,-2.08,-2.1,-2.11
-2.25,-2.07,-2.08,-2.1,-2.11
-2.25,-2.07,-2.08,-2.1,-2.11
-2.25,-2.07,-2.08,-2.1,-2.11
-2.25,-2.07,-2.08,-2.1,-2.11
-2.25,-2.07,-2.08,-2.1,-2.11
-2.25,-2.07,-2.08,-2.1,-2.11
-2.25,-2.07,-2.08,-2.1,-2.11
-2.24,-2.07,-2.08,-2.1,-2.11
-2.24,-2.07,-2.08,-2.1,-2.11
-2.24,-2.07,-2.08,-2.08,-2.11
-2.24,-2.07,-2.08,-2.08,-2.11
-2.24,-2.07,-2.08,-2.08,-2.11
-2.24,-2.07,-2.08,-2.08,-2.11
-2.24,-2.07,-2.08,-2.07,-2.11
-2.24,-2.07,-2.08,-2.07,-2.11
-2.24,-2.07,-2.08,-2.07,-2.11
-2.24,-2.07,-2.08,-2.06,-2.11
-2.24,-2.07,-2.08,-2.06,-2.11
-2.24,-2.07,-2.08,-2.06,-2.11
-2.24,-2.07,-2.08,-2.05,-2.11
-2.23,-2.07,-2.08,-2.05,-2.11
-2.23,-2.07,-2.08,-2.05,-2.11
-2.23,-2.07,-2.08,-2.04,-2.11
-2.23,-2.07,-2.08,-2.04,-2.11
-2.23,-2.06,-2.08,-2.03,-2.11
-2.23,-2.06,-2.08,-2.02,-2.11
-2.23,-2.06,-2.08,-2.01,-2.11
-2.23,-2.06,-2.08,-1.99,-2.11
-2.23,-2.06,-2.08,-1.97,-2.11
-2.23,-2.06,-2.07,-1.95,-2.11
-2.23,-2.06,-2.07,-1.92,-2.11
-2.23,-2.06,-2.07,-1.9,-2.11
-2.22,-2.06,-2.07,-1.87,-2.11
-2.22,-2.06,-2.08,-1.86,-2.11
-2.22,-2.06,-2.08,-1.84,-2.11
-2.22,-2.06,-2.07,-1.83,-2.11
-2.22,-2.06,-2.07,-1.82,-2.11
-2.22,-2.06,-2.07,-1.82,-2.11
-2.22,-2.06,-2.07,-1.82,-2.11
-2.22,-2.06,-2.07,-1.83,-2.11
-2.22,-2.06,-2.07,-1.83,-2.11
-2.22,-2.06,-2.08,-1.84,-2.11
-2.22,-2.06,-2.07,-1.84,-2.11
-2.22,-2.06,-2.08,-1.85,-2.11
-2.21,-2.06,-2.08,-1.86,-2.11
-2.21,-2.06,-2.07,-1.87,-2.11
-2.21,-2.06,-2.07,-1.88,-2.11
-2.21,-2.06,-2.07,-1.89,-2.11
-2.21,-2.06,-2.07,-1.91,-2.11
-2.21,-2.06,-2.07,-1.93,-2.11
-2.21,-2.06,-2.07,-1.93,-2.11
-2.21,-2.06,-2.07,-1.93,-2.11
-2.21,-2.06,-2.07,-1.93,-2.11
-2.21,-2.06,-2.07,-1.94,-2.11
-2.21,-2.06,-2.08,-1.94,-2.1
-2.21,-2.06,-2.08,-1.95,-2.1
-2.2,-2.06,-2.08,-1.96,-2.1
-2.2,-2.06,-2.07,-1.96,-2.1
-2.2,-2.06,-2.08,-1.97,-2.1
-2.2,-2.06,-2.08,-1.97,-2.11
-2.2,-2.06,-2.08,-1.97,-2.11
-2.2,-2.06,-2.08,-1.98,-2.11
-2.2,-2.06,-2.08,-1.98,-2.11
-2.2,-2.06,-2.08,-1.98,-2.11
-2.2,-2.06,-2.08,-1.98,-2.11
-2.2,-2.06,-2.08,-1.98,-2.11
-2.2,-2.06,-2.08,-1.99,-2.11
-2.2,-2.06,-2.08,-1.99,-2.11
-2.2,-2.06,-2.08,-1.99,-2.11
-2.2,-2.06,-2.07,-1.99,-2.11
-2.2,-2.06,-2.07,-1.99,-2.11
-2.2,-2.06,-2.08,-1.99,-2.11
-2.19,-2.06,-2.07,-1.99,-2.1
-2.19,-2.06,-2.07,-2,-2.1
-2.19,-2.06,-2.07,-2,-2.1
-2.19,-2.06,-2.07,-2,-2.1
-2.19,-2.06,-2.07,-2,-2.1
-2.19,-2.06,-2.07,-2,-2.1
-2.19,-2.06,-2.07,-2,-2.11
-2.19,-2.06,-2.07,-2,-2.1
-2.19,-2.06,-2.07,-2.01,-2.1
-2.19,-2.06,-2.07,-2.01,-2.1
-2.19,-2.06,-2.07,-2.01,-2.1
-2.19,-2.06,-2.07,-2.01,-2.1
-2.18,-2.06,-2.07,-2.01,-2.1
-2.18,-2.06,-2.07,-2.01,-2.1
-2.18,-2.06,-2.07,-2.01,-2.11
-2.18,-2.06,-2.07,-2.01,-2.11
-2.18,-2.06,-2.07,-2.01,-2.11
-2.18,-2.06,-2.07,-2.01,-2.11
-2.18,-2.06,-2.07,-2.01,-2.11
-2.18,-2.06,-2.07,-2.01,-2.11
-2.18,-2.06,-2.07,-2.02,-2.11
-2.18,-2.06,-2.07,-2.02,-2.11
-2.18,-2.06,-2.07,-2.02,-2.11
-2.18,-2.06,-2.07,-2.02,-2.11
-2.18,-2.06,-2.07,-2.02,-2.11
-2.18,-2.06,-2.07,-2.02,-2.11
-2.18,-2.06,-2.07,-2.02,-2.11
-2.18,-2.06,-2.07,-2.02,-2.11
-2.18,-2.06,-2.07,-2.02,-2.11
-2.18,-2.06,-2.07,-2.02,-2.1
-2.18,-2.06,-2.07,-2.02,-2.1
-2.17,-2.06,-2.07,-2.02,-2.1
-2.17,-2.06,-2.07,-2.02,-2.1
-2.17,-2.06,-2.07,-2.02,-2.1
-2.17,-2.06,-2.08,-2.02,-2.1
-2.17,-2.06,-2.08,-2.02,-2.1
-2.17,-2.06,-2.08,-2.03,-2.1
-2.17,-2.06,-2.08,-2.01,-2.1
-2.17,-2.06,-2.08,-1.93,-2.1
-2.17,-2.06,-2.08,-1.77,-2.1
-2.17,-2.06,-2.08,-1.66,-2.13
-2.17,-2.06,-2.08,-1.63,-2.15
-2.17,-2.06,-2.08,-1.66,-2.03
-2.17,-2.06,-2.08,-1.73,-1.85
-2.17,-2.06,-2.08,-1.81,-1.73
-2.17,-2.06,-2.07,-1.88,-1.73
-2.17,-2.06,-2.07,-1.9,-1.74
-2.17,-2.06,-2.07,-1.91,-1.73
-2.17,-2.06,-2.07,-1.91,-1.72
-2.17,-2.06,-2.07,-1.92,-1.7
-2.17,-2.06,-2.07,-1.95,-1.68
-2.16,-2.06,-2.07,-2.05,-1.69
-2.16,-2.06,-2.07,-2.2,-1.68
-2.16,-2.06,-2.07,-2.36,-1.68
-2.16,-2.06,-2.07,-2.49,-1.7
-2.16,-2.06,-2.07,-2.57,-1.72
-2.16,-2.06,-2.07,-2.61,-1.73
-2.16,-2.06,-2.07,-2.6,-1.73
-2.16,-2.06,-2.07,-2.6,-1.73
-2.16,-2.06,-2.07,-2.68,-1.72
-2.16,-2.06,-2.07,-2.82,-1.73
-2.16,-2.06,-2.07,-2.99,-1.73
-2.16,-2.06,-2.07,-3.18,-1.73
-2.16,-2.01,-2.07,-3.31,-1.73
-2.15,-2.01,-2.07,-3.4,-1.73
-2.15,-2.08,-2.07,-3.49,-1.73
-2.15,-2.19,-2.07,-3.57,-1.72
-2.15,-2.31,-2.07,-3.64,-1.72
-2.15,-2.41,-2.07,-3.67,-1.72
-2.15,-2.5,-2.07,-3.71,-1.72
-2.15,-2.56,-2.07,-3.76,-1.71
-2.15,-2.58,-2.07,-3.81,-1.71
-2.15,-2.56,-2.07,-3.85,-1.71
-2.15,-2.55,-2.07,-3.87,-1.7
-2.15,-2.56,-2.07,-3.88,-1.7
-2.15,-2.57,-2.07,-3.87,-1.7
-2.15,-2.58,-2.07,-3.86,-1.7
-2.15,-2.58,-2.07,-3.86,-1.71
-2.15,-2.58,-2.07,-3.85,-1.71
-2.15,-2.57,-2.07,-3.84,-1.71
-2.15,-2.57,-2.07,-3.83,-1.71
-2.15,-2.57,-2.07,-3.82,-1.71
-2.15,-2.57,-2.07,-3.81,-1.71
-2.14,-2.56,-2.07,-3.8,-1.7
-2.14,-2.56,-2.07,-3.79,-1.7
-2.14,-2.56,-2.07,-3.78,-1.7
-2.14,-2.56,-2.07,-3.77,-1.7
-2.14,-2.55,-2.07,-3.76,-1.7
-2.14,-2.55,-2.07,-3.75,-1.7
-2.14,-2.55,-2.07,-3.74,-1.7
-2.14,-2.56,-2.07,-3.73,-1.7
-2.14,-2.57,-2.07,-3.72,-1.7
-2.14,-2.61,-2.07,-3.71,-1.7
-2.14,-2.69,-2.07,-3.7,-1.7
-2.14,-2.75,-2.07,-3.7,-1.7
-2.14,-2.77,-2.07,-3.69,-1.7
-2.14,-2.78,-2.07,-3.68,-1.7
-2.14,-2.77,-2.07,-3.67,-1.7
-2.14,-2.77,-2.07,-3.66,-1.7
-2.14,-2.76,-2.07,-3.66,-1.69
-2.14,-2.76,-2.07,-3.65,-1.69
-2.12,-2.76,-2.07,-3.64,-1.69
-2.11,-2.75,-2.07,-3.63,-1.69
-2.13,-2.75,-2.07,-3.63,-1.68
-2.22,-2.75,-2.07,-3.62,-1.68
-2.34,-2.74,-2.07,-3.61,-1.68
-2.44,-2.74,-2.07,-3.6,-1.68
-2.53,-2.74,-2.07,-3.59,-1.68
-2.61,-2.73,-2.07,-3.58,-1.68
-2.67,-2.73,-2.07,-3.57,-1.68
-2.68,-2.72,-2.08,-3.56,-1.68
-2.68,-2.72,-2.15,-3.56,-1.69
-2.67,-2.72,-2.25,-3.55,-1.69
-2.67,-2.71,-2.31,-3.54,-1.69
-2.66,-2.71,-2.39,-3.53,-1.69
-2.66,-2.71,-2.51,-3.52,-1.69
-2.65,-2.7,-2.64,-3.51,-1.69
-2.65,-2.7,-2.76,-3.51,-1.69
-2.65,-2.7,-2.92,-3.5,-1.69
-2.65,-2.7,-3.13,-3.49,-1.69
-2.64,-2.69,-3.42,-3.49,-1.69
-2.59,-2.69,-3.67,-3.48,-1.69
-2.61,-2.68,-3.87,-3.47,-1.69
-2.73,-2.68,-4,-3.47,-1.69
-2.89,-2.68,-4.06,-3.46,-1.69
-3.09,-2.68,-4.1,-3.45,-1.69
-3.27,-2.67,-4.13,-3.44,-1.69
-3.43,-2.67,-4.15,-3.44,-1.7
-3.54,-2.67,-4.16,-3.43,-1.7
-3.6,-2.67,-4.15,-3.42,-1.7
-3.65,-2.66,-4.14,-3.41,-1.7
-3.68,-2.66,-4.13,-3.4,-1.7
-3.73,-2.65,-4.12,-3.4,-1.7
-3.77,-2.65,-4.1,-3.39,-1.7
-3.78,-2.65,-4.09,-3.38,-1.7
-3.79,-2.65,-4.07,-3.37,-1.7
-3.89,-2.65,-4.06,-3.37,-1.7
-4.01,-2.64,-4.05,-3.36,-1.71
-4.12,-2.64,-4.03,-3.35,-1.71
-4.24,-2.64,-4.02,-3.35,-1.71
-4.34,-2.63,-4,-3.34,-1.71
-4.43,-2.63,-3.99,-3.33,-1.71
-4.46,-2.63,-3.97,-3.33,-1.71
-4.46,-2.62,-3.95,-3.32,-1.71
-4.45,-2.62,-3.94,-3.31,-1.72
-4.44,-2.62,-3.94,-3.3,-1.72
-4.43,-2.61,-3.91,-3.29,-1.72
-4.42,-2.61,-3.87,-3.28,-1.72
-4.41,-2.54,-3.8,-3.27,-1.73
-4.39,-2.62,-3.72,-3.27,-1.73
-4.38,-2.8,-3.64,-3.26,-1.72
-4.36,-3.04,-3.54,-3.25,-1.72
-4.35,-3.26,-3.45,-3.24,-1.72
-4.33,-3.39,-3.4,-3.24,-1.72
-4.32,-3.42,-3.39,-3.23,-1.72
-4.3,-3.42,-3.4,-3.22,-1.73
-4.29,-3.42,-3.24,-3.21,-1.73
-4.27,-3.41,-2.95,-3.2,-1.73
-4.3,-3.4,-2.55,-3.22,-1.73
-4.29,-3.39,-2.07,-2.85,-1.73
-4.02,-3.39,-1.56,-2.08,-1.73
-3.49,-3.44,-0.95,-1.12,-1.73
-2.69,-3.2,-0.31,0.66,-1.85
-1.7,-2.57,0.86,2.75,-1.65
-0.18,-1.57,2.43,4.83,-0.97
1.62,0.25,4.48,6.86,-0.21
3.68,2.24,6.53,8.86,1.06
5.73,4.19,8.59,10.81,3.07
7.69,6.08,10.64,12.73,5.09
9.63,7.86,12.56,14.59,7.1
11.53,9.68,14.57,16.37,9.07
13.38,11.48,16.57,18.11,11
15.17,13.19,18.57,19.77,12.88
16.97,14.92,20.55,21.41,14.86
18.78,16.68,22.47,23.01,16.79
20.58,18.41,24.3,24.63,18.64
22.32,20.16,26,26.28,20.43
24.05,21.84,27.65,28.03,22.16
25.75,23.49,29.25,29.76,23.82
27.4,25.15,30.82,31.38,25.45
29,26.78,32.36,32.83,27.03
30.67,28.43,33.93,34.19,28.61
32.25,30.13,35.58,35.56,30.18
33.55,31.76,37.32,36.98,31.74
34.8,33.39,39.1,38.43,33.37
36.07,35.1,41.03,40.02,35.03
37.41,36.82,42.93,41.65,36.78
38.81,38.49,44.74,43.19,38.58
40.36,40.06,46.37,44.42,40.4
42.13,41.45,47.8,45.27,42.25
44.03,42.64,48.95,45.76,44.17
45.94,43.51,49.69,46.05,46.12
47.72,44.19,49.94,46.17,47.7
49.25,44.58,49.7,46.17,48.69
50.56,44.69,49.05,46.23,49.12
51.79,44.57,48.14,46.39,49.36
53.15,44.37,47.11,46.58,49.41
54.42,44.17,46.08,46.72,49.16
55.52,44,45.12,46.77,48.75
56.47,43.77,44.32,46.76,48.28
57.38,43.57,43.59,46.69,47.75
58.31,43.45,42.91,46.69,47.07
59.19,43.41,42.34,46.76,46.33
59.84,43.43,41.87,46.85,45.55
60.42,43.45,41.47,46.92,44.85
60.95,43.52,41.1,46.92,44.3
61.48,43.62,40.79,46.92,43.87
61.96,43.72,40.53,46.91,43.51
62.33,43.78,40.29,46.88,43.18
62.58,43.81,40.05,46.85,42.88
62.69,43.79,39.82,46.78,42.59
62.6,43.72,39.6,46.65,42.3
62.41,43.67,39.45,46.48,42.03
62.19,43.62,39.15,46.27,41.79
61.99,43.55,38.81,46.04,41.55
61.81,43.42,38.43,45.78,41.32
61.57,43.24,37.98,45.53,41.09
61.25,43.02,37.46,45.28,40.86
60.81,42.8,36.91,45.03,40.64
60.27,42.6,36.28,44.78,40.42
59.7,42.46,35.6,44.54,40.2
59.15,42.42,34.86,44.29,40.01
58.71,42.38,34.03,44.05,39.86
58.35,42.33,33.14,43.8,39.76
58,42.25,32.26,43.52,39.64
57.6,42.07,31.3,43.1,39.48
57.16,41.86,30.28,42.6,39.28
56.67,41.64,29.21,42.06,39.07
56.12,41.41,28.07,41.49,38.86
55.53,41.19,26.85,40.86,38.64
54.9,40.98,25.53,40.12,38.43
54.27,40.51,24.06,39.21,38.22
53.59,39.81,22.41,38.18,38
52.88,38.93,20.64,36.88,37.89
52.09,37.82,18.77,35.4,37.55
51.24,36.47,16.86,33.72,36.93
50.27,34.9,14.92,31.76,36.02
49.24,33.09,12.97,29.59,34.88
48.11,31.15,11.01,27.41,33.42
46.93,29.1,9.04,25.27,31.7
45.69,27.06,7.08,23.15,29.71
44.38,25.04,5.14,21.1,27.55
42.93,23,3.2,19.1,25.39
41.39,20.91,1.22,17.06,23.27
39.71,18.81,-0.79,15.05,21.2
37.93,16.73,-2.8,13.08,19.27
35.96,14.67,-4.76,11.14,17.39
33.85,12.6,-6.75,9.15,15.5
31.69,10.54,-8.77,7.14,13.67
29.5,8.47,-10.65,5.11,11.82
27.32,6.39,-12.25,3.08,9.98
25.12,4.3,-13.7,1.04,8.07
22.96,2.17,-15.01,-1.03,6.13
20.82,0.18,-16.26,-3.16,4.15
18.69,-1.64,-17.46,-5.32,2.17
16.58,-3.31,-18.62,-7.29,0.16
14.53,-4.99,-19.74,-9.09,-1.8
12.47,-6.76,-20.83,-10.72,-3.75
10.45,-8.49,-21.9,-12.17,-5.77
8.44,-10.13,-23,-13.49,-7.88
6.42,-11.67,-24.12,-14.71,-10.02
4.36,-13.12,-25.21,-16.03,-11.88
2.33,-14.42,-26.25,-17.45,-13.35
0.27,-15.6,-27.21,-18.97,-14.49
-1.83,-16.62,-28.14,-20.48,-15.3
-3.91,-17.46,-29.14,-21.88,-15.85
-5.97,-18.33,-30.26,-23.14,-16.24
-7.99,-19.3,-31.44,-24.22,-16.53
-9.92,-20.33,-32.6,-25.1,-16.73
-11.72,-21.39,-33.64,-25.81,-16.87
-13.35,-22.39,-34.5,-26.33,-16.93
-14.74,-23.24,-35.23,-26.69,-16.92
-15.93,-23.98,-35.8,-26.91,-16.9
-16.96,-24.61,-36.25,-27.03,-16.9
-17.88,-25.12,-36.61,-27.1,-17.01
-18.67,-25.52,-36.89,-27.15,-17.22
-19.41,-25.87,-37.1,-27.18,-17.45
-20.1,-26.23,-37.27,-27.14,-17.66
-20.74,-26.62,-37.43,-27.04,-17.83
-21.31,-27.05,-37.58,-26.91,-17.94
-21.86,-27.47,-37.72,-26.75,-18.01
-22.46,-27.81,-37.83,-26.67,-18.11
-23.11,-28.05,-37.92,-26.65,-18.2
-23.82,-28.21,-37.94,-26.68,-18.22
-24.53,-28.4,-37.91,-26.72,-18.17
-25.18,-28.63,-37.87,-26.76,-18.1
-25.72,-28.9,-37.8,-26.75,-18.02
-26.13,-29.18,-37.7,-26.71,-17.94
-26.4,-29.43,-37.58,-26.61,-17.86
-26.54,-29.63,-37.43,-26.48,-17.78
-26.58,-29.77,-37.27,-26.35,-17.7
-26.53,-29.87,-37.09,-26.23,-17.63
-26.43,-29.92,-36.94,-26.1,-17.55
-26.31,-29.91,-36.82,-25.97,-17.47
-26.19,-29.83,-36.68,-25.84,-17.39
-26.06,-29.7,-36.51,-25.72,-17.31
-25.93,-29.57,-36.33,-25.6,-17.23
-25.8,-29.42,-36.15,-25.48,-17.15
-25.66,-29.28,-35.97,-25.36,-17.07
-25.5,-29.14,-35.79,-25.24,-16.99
-25.45,-29,-35.62,-25.12,-16.92
-25.48,-28.86,-35.44,-25,-16.84
-25.57,-28.72,-35.27,-24.88,-16.76
-25.66,-28.58,-35.09,-24.76,-16.68
-25.76,-28.44,-34.92,-24.64,-16.61
-25.83,-28.3,-34.74,-24.51,-16.53
-25.86,-28.16,-34.57,-24.44,-16.45
-25.83,-28.02,-34.4,-24.37,-16.37
-25.77,-27.89,-34.23,-24.26,-16.3
-25.69,-27.71,-34.06,-24.14,-16.22
-25.61,-27.62,-33.89,-24.02,-16.15
-25.51,-27.7,-33.72,-23.9,-16.07
-25.42,-27.76,-33.56,-23.79,-15.99
-25.35,-27.83,-33.39,-23.67,-15.92
-25.3,-27.86,-33.22,-23.56,-15.84
-25.27,-27.85,-33.06,-23.45,-15.77
-25.24,-27.83,-32.9,-23.34,-15.7
-25.2,-27.8,-32.73,-23.22,-15.63
-25.12,-27.71,-32.57,-23.11,-15.56
-25.01,-27.6,-32.41,-23,-15.48
-24.89,-27.47,-32.25,-22.89,-15.41
-24.77,-27.34,-32.09,-22.78,-15.34
-24.65,-27.2,-31.93,-22.67,-15.27
-24.53,-27.07,-31.77,-22.56,-15.2
-24.41,-26.94,-31.61,-22.45,-15.13
-24.29,-26.81,-31.45,-22.34,-15.06
-24.17,-26.68,-31.3,-22.23,-15
-24.05,-26.55,-31.15,-22.13,-14.93
-23.93,-26.42,-30.99,-22.02,-14.86
-23.82,-26.29,-30.84,-21.91,-14.79
-23.7,-26.17,-30.69,-21.81,-14.72
-23.59,-26.04,-30.54,-21.71,-14.66
-23.48,-25.91,-30.39,-21.6,-14.59
-23.37,-25.78,-30.24,-21.5,-14.52
-23.26,-25.66,-30.09,-21.4,-14.46
-23.15,-25.53,-29.94,-21.3,-14.4
-23.04,-25.41,-29.8,-21.2,-14.33
-22.93,-25.29,-29.65,-21.1,-14.27
-22.81,-25.16,-29.5,-21,-14.2
-22.7,-25.04,-29.36,-20.91,-14.14
-22.59,-24.92,-29.21,-20.81,-14.08
-22.48,-24.8,-29.07,-20.71,-14.02
-22.37,-24.68,-28.93,-20.61,-13.96
-22.26,-24.56,-28.79,-20.51,-13.89
-22.16,-24.44,-28.64,-20.42,-13.83
-22.05,-24.32,-28.5,-20.32,-13.77
-21.94,-24.2,-28.36,-20.23,-13.71
-21.84,-24.08,-28.22,-20.13,-13.65
-21.73,-23.97,-28.09,-20.04,-13.59
-21.63,-23.85,-27.95,-19.95,-13.53
-21.52,-23.73,-27.81,-19.86,-13.47
-21.42,-23.62,-27.68,-19.77,-13.42
-21.32,-23.51,-27.55,-19.68,-13.36
-21.21,-23.39,-27.41,-19.6,-13.3
-21.11,-23.28,-27.28,-19.51,-13.24
-21.01,-23.17,-27.15,-19.42,-13.19
-20.91,-23.06,-27.01,-19.34,-13.13
-20.81,-22.95,-26.88,-19.26,-13.08
-20.71,-22.84,-26.75,-19.16,-13.02
-20.61,-22.73,-26.61,-19.19,-12.97
-20.51,-22.62,-26.5,-19.02,-12.91
-20.41,-22.52,-26.36,-18.66,-12.86
-20.31,-22.41,-26.03,-18.25,-12.81
-20.22,-22.3,-25.63,-17.87,-12.76
-20.13,-22.2,-25.29,-17.58,-12.72
-20.04,-22.1,-25.06,-17.39,-12.67
-19.95,-21.99,-24.9,-17.3,-12.61
-19.86,-21.89,-24.77,-17.19,-12.56
-19.77,-21.79,-24.64,-17,-12.5
-19.69,-21.68,-24.52,-16.73,-12.45
-19.6,-21.58,-24.4,-16.39,-12.4
-19.51,-21.48,-24.28,-16.06,-12.34
-19.42,-21.37,-24.17,-15.73,-12.29
-19.33,-21.27,-24.06,-15.42,-12.24
-19.23,-21.17,-23.94,-15.11,-12.21
-19.14,-21.07,-23.83,-14.81,-12.13
-19.04,-20.97,-23.72,-14.53,-11.96
-18.95,-20.87,-23.61,-14.25,-11.65
-18.86,-20.77,-23.5,-14.01,-11.26
-18.77,-20.67,-23.38,-13.84,-10.79
-18.69,-20.57,-23.21,-13.75,-10.27
-18.6,-20.48,-22.97,-13.68,-9.78
-18.52,-20.38,-22.7,-13.61,-9.32
-18.43,-20.28,-22.43,-13.55,-8.88
-18.35,-20.18,-22.19,-13.5,-8.49
-18.26,-20.08,-22,-13.44,-8.14
-18.18,-19.98,-21.82,-13.38,-7.81
-18.09,-19.89,-21.65,-13.32,-7.48
-18.01,-19.79,-21.47,-13.27,-7.15
-17.92,-19.7,-21.31,-13.21,-6.8
-17.84,-19.6,-21.19,-13.15,-6.4
-17.76,-19.51,-21.09,-13.09,-5.99
-17.68,-19.42,-20.99,-13.04,-5.59
-17.6,-19.33,-20.9,-12.98,-5.19
-17.52,-19.24,-20.8,-12.92,-4.82
-17.44,-19.15,-20.68,-12.87,-4.49
-17.36,-19.06,-20.52,-12.81,-4.2
-17.31,-18.97,-20.33,-12.75,-3.95
-17.31,-18.88,-20.14,-12.7,-3.76
-17.07,-18.79,-19.96,-12.64,-3.6
-16.75,-18.7,-19.81,-12.59,-3.48
-16.35,-18.61,-19.71,-12.53,-3.44
-15.84,-18.53,-19.63,-12.48,-3.43
-15.34,-18.44,-19.57,-12.42,-3.46
-14.8,-18.36,-19.49,-12.37,-3.52
-14.29,-18.28,-19.35,-12.31,-3.54
-13.9,-18.2,-19.17,-12.26,-3.55
-13.62,-18.11,-18.95,-12.21,-3.54
-13.44,-18.16,-18.63,-12.16,-3.54
-13.31,-18.08,-18.17,-12.1,-3.53
-13.17,-17.95,-17.51,-12.05,-3.53
-13.03,-17.6,-16.8,-12,-3.52
-12.89,-17.24,-15.92,-11.94,-3.52
-12.75,-16.97,-15.09,-11.89,-3.51
-12.57,-16.75,-14.27,-11.84,-3.51
-12.36,-16.57,-13.44,-11.79,-3.5
-12.19,-16.46,-12.62,-11.74,-3.5
-11.99,-16.37,-11.83,-11.69,-3.49
-11.78,-16.29,-11.09,-11.63,-3.48
-11.59,-16.21,-10.42,-11.58,-3.47
-11.4,-16.14,-9.8,-11.53,-3.47
-11.18,-16.06,-9.26,-11.48,-3.46
-10.93,-15.99,-8.79,-11.43,-3.45
-10.71,-15.91,-8.39,-11.38,-3.44
-10.5,-15.83,-8.06,-11.33,-3.44
-10.26,-15.76,-7.77,-11.28,-3.43
-9.98,-15.68,-7.54,-11.23,-3.42
-9.68,-15.6,-7.34,-11.18,-3.41
-9.41,-15.53,-7.17,-11.13,-3.41
-9.15,-15.46,-7.04,-11.09,-3.4
-8.96,-15.38,-6.98,-11.04,-3.39
-8.84,-15.3,-6.95,-10.99,-3.38
-8.64,-15.26,-6.92,-10.95,-3.38
-8.37,-15.26,-6.89,-10.9,-3.37
-8.18,-15.33,-6.86,-10.85,-3.36
-7.96,-15.39,-6.83,-10.81,-3.35
-7.74,-15.46,-6.8,-10.76,-3.35
-7.57,-15.53,-6.78,-10.72,-3.34
-7.5,-15.6,-6.75,-10.67,-3.33
-7.45,-15.62,-6.72,-10.62,-3.33
-7.45,-15.65,-6.69,-10.57,-3.32
-7.49,-15.66,-6.67,-10.52,-3.31
-7.51,-15.66,-6.64,-10.44,-3.31
-7.51,-15.64,-6.61,-10.26,-3.3
-7.51,-15.6,-6.59,-10.04,-3.29
-7.49,-15.56,-6.56,-9.85,-3.29
-7.47,-15.52,-6.53,-9.66,-3.28
-7.44,-15.46,-6.51,-9.5,-3.27
-7.41,-15.4,-6.48,-9.38,-3.27
-7.39,-15.33,-6.46,-9.3,-3.26
-7.36,-15.23,-6.43,-9.24,-3.25
-7.33,-15.12,-6.41,-9.18,-3.25
-7.3,-15,-6.38,-9.12,-3.24
-7.28,-14.84,-6.36,-9.06,-3.24
-7.25,-14.59,-6.33,-9,-3.23
-7.22,-14.33,-6.31,-8.96,-3.22
-7.19,-14.09,-6.29,-8.92,-3.22
-7.17,-13.89,-6.26,-8.88,-3.21
-7.13,-13.69,-6.24,-8.78,-3.2
-7.11,-13.5,-6.21,-8.69,-3.2
-7.09,-13.31,-6.19,-8.64,-3.19
-7.06,-13.09,-6.17,-8.6,-3.18
-7.03,-12.86,-6.15,-8.57,-3.18
-7.01,-12.65,-6.12,-8.53,-3.17
-6.98,-12.47,-6.1,-8.5,-3.17
-6.96,-12.28,-6.08,-8.46,-3.16
-6.93,-12.11,-6.05,-8.42,-3.15
-6.9,-11.97,-6.03,-8.37,-3.15
-6.88,-11.86,-6.01,-8.31,-3.14
-6.85,-11.78,-5.99,-8.27,-3.14
-6.83,-11.7,-5.96,-8.23,-3.13
-6.8,-11.63,-5.94,-8.2,-3.12
-6.77,-11.56,-5.92,-8.16,-3.12
-6.75,-11.5,-5.9,-8.13,-3.11
-6.72,-11.45,-5.88,-8.09,-3.11
-6.7,-11.39,-5.86,-8.06,-3.1
-6.67,-11.34,-5.84,-8.03,-3.1
-6.65,-11.29,-5.82,-8,-3.09
-6.63,-11.24,-5.79,-7.96,-3.08
-6.6,-11.2,-5.77,-7.93,-3.08
-6.58,-11.15,-5.75,-7.9,-3.07
-6.56,-11.1,-5.73,-7.87,-3.07
-6.53,-11.05,-5.71,-7.84,-3.06
-6.51,-11.01,-5.69,-7.8,-3.06
-6.48,-10.96,-5.67,-7.75,-3.05
-6.46,-10.92,-5.65,-7.71,-3.04
-6.44,-10.87,-5.63,-7.67,-3.04
-6.41,-10.83,-5.61,-7.64,-3.03
-6.39,-10.78,-5.59,-7.62,-3.03
-6.37,-10.74,-5.57,-7.59,-3.02
-6.35,-10.69,-5.55,-7.56,-3.02
-6.33,-10.64,-5.53,-7.53,-3.01
-6.3,-10.6,-5.51,-7.5,-3.01
-6.28,-10.55,-5.49,-7.47,-3
-6.26,-10.51,-5.47,-7.44,-3
-6.23,-10.46,-5.45,-7.41,-2.99
-6.21,-10.42,-5.44,-7.38,-2.99
-6.19,-10.37,-5.42,-7.35,-2.98
-6.17,-10.33,-5.4,-7.32,-2.98
-6.15,-10.29,-5.38,-7.3,-2.97
-6.12,-10.24,-5.36,-7.27,-2.97
-6.1,-10.2,-5.35,-7.24,-2.96
-6.08,-10.16,-5.33,-7.21,-2.96
-6.06,-10.12,-5.31,-7.19,-2.95
-6.04,-10.07,-5.29,-7.16,-2.95
-6.02,-10.03,-5.27,-7.13,-2.94
-5.99,-9.99,-5.26,-7.1,-2.94
-5.97,-9.95,-5.24,-7.08,-2.93
-5.95,-9.91,-5.22,-7.05,-2.93
-5.93,-9.87,-5.2,-7.02,-2.92
-5.91,-9.83,-5.19,-7,-2.92
-5.89,-9.79,-5.17,-6.97,-2.91
-5.87,-9.74,-5.15,-6.94,-2.91
-5.85,-9.71,-5.14,-6.92,-2.9
-5.83,-9.67,-5.12,-6.89,-2.9
-5.82,-9.63,-5.1,-6.87,-2.9
-5.8,-9.59,-5.09,-6.84,-2.89
-5.78,-9.55,-5.07,-6.82,-2.89
-5.76,-9.52,-5.05,-6.79,-2.88
-5.73,-9.48,-5.04,-6.77,-2.88
-5.71,-9.44,-5.02,-6.74,-2.87
-5.69,-9.4,-5.01,-6.72,-2.87
-5.67,-9.36,-4.99,-6.69,-2.87
-5.65,-9.32,-4.97,-6.67,-2.86
-5.63,-9.29,-4.96,-6.64,-2.86
-5.62,-9.25,-4.94,-6.62,-2.86
-5.6,-9.21,-4.92,-6.6,-2.85
-5.58,-9.17,-4.91,-6.57,-2.85
-5.56,-9.13,-4.89,-6.55,-2.84
-5.54,-9.12,-4.88,-6.52,-2.84
-5.52,-9.14,-4.86,-6.5,-2.83
-5.5,-9.12,-4.85,-6.48,-2.83
-5.49,-9.09,-4.83,-6.45,-2.83
-5.47,-9.05,-4.82,-6.43,-2.82
-5.45,-9.02,-4.8,-6.41,-2.82
-5.44,-8.99,-4.79,-6.38,-2.81
-5.42,-8.95,-4.77,-6.36,-2.81
-5.4,-8.91,-4.76,-6.34,-2.8
-5.39,-8.87,-4.74,-6.31,-2.8
-5.37,-8.84,-4.73,-6.29,-2.8
-5.36,-8.8,-4.72,-6.27,-2.79
-5.34,-8.77,-4.7,-6.24,-2.79
-5.32,-8.74,-4.69,-6.22,-2.78
-5.3,-8.71,-4.67,-6.2,-2.78
-5.28,-8.68,-4.66,-6.17,-2.77
-5.26,-8.65,-4.65,-6.15,-2.77
-5.24,-8.62,-4.63,-6.13,-2.77
-5.22,-8.58,-4.62,-6.11,-2.76
-5.2,-8.55,-4.6,-6.09,-2.76
-5.19,-8.51,-4.59,-6.08,-2.76
-5.17,-8.47,-4.58,-6.06,-2.75
-5.15,-8.44,-4.56,-6.04,-2.75
-5.14,-8.39,-4.55,-6.02,-2.74
-5.12,-8.34,-4.54,-6,-2.74
-5.11,-8.31,-4.52,-5.98,-2.74
-5.09,-8.28,-4.51,-5.95,-2.73
-5.07,-8.24,-4.49,-5.93,-2.73
-5.06,-8.21,-4.48,-5.91,-2.72
-5.04,-8.18,-4.47,-5.89,-2.72
-5.02,-8.15,-4.45,-5.87,-2.72
-5,-8.12,-4.44,-5.85,-2.71
-4.99,-8.09,-4.43,-5.83,-2.71
-4.97,-8.06,-4.42,-5.81,-2.7
-4.95,-8.03,-4.4,-5.79,-2.7
-4.94,-8,-4.39,-5.77,-2.7
-4.92,-7.97,-4.38,-5.76,-2.69
-4.9,-7.93,-4.37,-5.73,-2.69
-4.89,-7.9,-4.35,-5.71,-2.69
-4.87,-7.88,-4.34,-5.69,-2.68
-4.86,-7.85,-4.33,-5.67,-2.68
-4.85,-7.82,-4.32,-5.66,-2.68
-4.84,-7.79,-4.3,-5.64,-2.67
-4.83,-7.76,-4.29,-5.62,-2.67
-4.82,-7.73,-4.28,-5.6,-2.67
-4.81,-7.7,-4.27,-5.58,-2.66
-4.79,-7.67,-4.26,-5.56,-2.66
-4.78,-7.64,-4.24,-5.54,-2.66
-4.77,-7.61,-4.23,-5.53,-2.65
-4.76,-7.58,-4.22,-5.51,-2.65
-4.75,-7.56,-4.21,-5.49,-2.65
-4.73,-7.53,-4.2,-5.47,-2.64
-4.72,-7.5,-4.19,-5.45,-2.64
-4.7,-7.47,-4.17,-5.43,-2.64
-4.69,-7.44,-4.16,-5.42,-2.63
-4.68,-7.41,-4.15,-5.4,-2.63
-4.66,-7.38,-4.14,-5.38,-2.62
-4.64,-7.36,-4.13,-5.36,-2.62
-4.62,-7.33,-4.12,-5.35,-2.62
-4.61,-7.3,-4.1,-5.33,-2.61
-4.59,-7.28,-4.09,-5.31,-2.61
-4.58,-7.25,-4.08,-5.29,-2.61
-4.57,-7.22,-4.07,-5.28,-2.61
-4.55,-7.2,-4.06,-5.26,-2.6
-4.54,-7.17,-4.05,-5.24,-2.6
-4.53,-7.14,-4.04,-5.23,-2.6
-4.52,-7.12,-4.03,-5.21,-2.59
-4.5,-7.09,-4.02,-5.2,-2.59
-4.49,-7.07,-4.01,-5.18,-2.59
-4.48,-7.04,-4,-5.16,-2.58
-4.47,-7.02,-3.99,-5.15,-2.58
-4.46,-6.99,-3.98,-5.13,-2.58
-4.44,-6.97,-3.97,-5.11,-2.58
-4.43,-6.94,-3.96,-5.1,-2.57
-4.42,-6.92,-3.95,-5.08,-2.57
-4.41,-6.89,-3.94,-5.07,-2.57
-4.4,-6.87,-3.93,-5.05,-2.56
-4.38,-6.84,-3.92,-5.04,-2.56
-4.37,-6.82,-3.91,-5.02,-2.56
-4.36,-6.79,-3.9,-5,-2.56
-4.34,-6.77,-3.89,-4.99,-2.55
-4.33,-6.74,-3.88,-4.97,-2.55
-4.32,-6.72,-3.87,-4.96,-2.55
-4.31,-6.7,-3.86,-4.94,-2.54
-4.29,-6.67,-3.85,-4.93,-2.54
-4.28,-6.65,-3.84,-4.91,-2.54
-4.27,-6.63,-3.83,-4.9,-2.54
-4.26,-6.6,-3.82,-4.88,-2.53
-4.25,-6.58,-3.81,-4.87,-2.53
-4.23,-6.55,-3.8,-4.85,-2.53
-4.22,-6.53,-3.79,-4.84,-2.52
-4.21,-6.51,-3.79,-4.82,-2.52
-4.2,-6.49,-3.78,-4.81,-2.52
-4.19,-6.46,-3.77,-4.8,-2.52
-4.18,-6.44,-3.76,-4.78,-2.51
-4.17,-6.42,-3.75,-4.77,-2.51
-4.16,-6.4,-3.74,-4.75,-2.51
-4.14,-6.37,-3.73,-4.74,-2.51
-4.13,-6.35,-3.72,-4.72,-2.5
-4.12,-6.33,-3.71,-4.71,-2.5
-4.11,-6.31,,-4.7,-2.5
-4.1,-6.29,,-4.68,-2.5
-4.09,-6.26,,-4.67,-2.49
-4.08,-6.24,,-4.66,-2.49
-4.07,-6.22,,-4.64,-2.49
-4.06,-6.2,,-4.63,
-4.05,-6.18,,-4.62,
-4.04,-6.16,,-4.6,
-4.03,-6.14,,-4.59,
-4.02,-6.12,,-4.58,
-4.01,-6.09,,-4.56,
-4,-6.07,,-4.55,
-3.99,-6.05,,-4.54,
-3.98,-6.03,,-4.52,
-3.97,-6.01,,-4.51,
-3.96,-5.99,,-4.5,
-3.95,-5.97,,-4.48,
-3.94,-5.95,,-4.47,
-3.93,-5.93,,-4.46,
-3.92,-5.91,,-4.45,
-3.91,-5.89,,-4.43,
-3.9,-5.87,,-4.42,
-3.89,-5.85,,-4.41,
-3.88,-5.83,,-4.4,
-3.87,-5.82,,-4.38,
-3.86,-5.8,,-4.37,
-3.85,-5.78,,-4.36,
-3.84,-5.76,,-4.35,
-3.83,-5.74,,-4.34,
-3.82,-5.72,,-4.32,
-3.81,-5.7,,-4.31,
-3.8,-5.68,,-4.3,
-3.79,-5.67,,-4.29,
-3.78,-5.65,,-4.28,
-3.77,-5.63,,-4.27,
-3.76,-5.61,,-4.26,
-3.76,-5.59,,-4.24,
-3.75,-5.57,,-4.23,
-3.74,-5.56,,-4.22,
-3.73,-5.54,,-4.21,
-3.72,-5.52,,-4.2,
-3.71,-5.5,,-4.19,
-3.7,-5.49,,-4.18,
-3.69,-5.47,,-4.17,
-3.69,-5.45,,-4.15,
-3.68,-5.43,,-4.14,
-3.67,-5.42,,-4.13,
-3.66,-5.4,,-4.12,
-3.65,-5.38,,-4.11,
-3.64,-5.37,,-4.1,
-3.63,-5.35,,-4.09,
-3.62,-5.33,,-4.08,
-3.61,-5.32,,-4.07,
-3.61,-5.3,,-4.06,
-3.6,-5.28,,-4.05,
-3.59,-5.27,,-4.04,
-3.58,-5.25,,-4.03,
-3.57,-5.23,,-4.02,
-3.56,-5.22,,-4.01,
-3.56,-5.2,,-4,
-3.55,-5.18,,-3.99,
-3.54,-5.17,,-3.98,
-3.53,-5.15,,-3.97,
-3.52,-5.14,,-3.96,
,-5.12,,-3.95,
,-5.11,,-3.94,
,-5.08,,-3.93,
,-5.05,,-3.92,
,-5.02,,-3.91,
,-5.01,,-3.9,
,-4.99,,-3.89,
,-4.98,,-3.88,
,-4.96,,-3.87,
,-4.95,,-3.86,
,-4.93,,-3.85,
,,,-3.84,
,,,-3.84,
,,,-3.83,
,,,-3.82,
,,,-3.81,
,,,-3.8,
,,,-3.79,
,,,-3.78,
,,,-3.77,
,,,-3.76,
,,,-3.76,
,,,-3.75,
,,,-3.74,
,,,-3.73,
,,,-3.72,
,,,-3.71,
,,,-3.7,
,,,-3.69,
,,,-3.68,
,,,-3.68,
,,,-3.67,
,,,-3.66,
,,,-3.65,
,,,-3.64,
,,,-3.63,
,,,-3.63,
,,,-3.62,
,,,-3.61,
,,,-3.6,
,,,-3.59,
,,,-3.59,
,,,-3.58,
,,,-3.57,
,,,-3.56,
,,,-3.56,
,,,-3.55,
,,,-3.54,
,,,-3.53,
,,,-3.53,
,,,-3.52,
,,,-3.51,
,,,-3.5,
,,,-3.49,
,,,-3.49,
,,,-3.48,
,,,-3.47,
,,,-3.47,
,,,-3.46,
,,,-3.45,
,,,-3.45,
,,,-3.44,
,,,-3.43,
,,,-3.42,
,,,-3.42,
,,,-3.41,
,,,-3.4,
,,,-3.4,
,,,-3.39,
,,,-3.38,
,,,-3.38,
,,,-3.37,
,,,-3.36,
,,,-3.35,
,,,-3.35,
,,,-3.34,
,,,-3.33,
